2010.01.04,11.82,11.98,11.7,11.75,1328,813700
2010.01.05,12.03,12.06,11.63,11.63,1970,1478400
2010.01.06,11.77,12,11.65,11.91,1521,938500
2010.01.07,11.86,11.86,11.43,11.62,2088,1116500
2010.01.08,11.63,11.64,11.43,11.45,1307,800900
2010.01.11,11.62,12.56,11.62,12.56,6993,3194300
2010.01.12,12.42,12.55,12.15,12.44,2521,1598900
2010.01.13,12.44,12.69,12.21,12.27,1626,1221500
2010.01.14,12.43,12.43,12.2,12.27,1654,1017900
2010.01.15,12.22,12.29,11.79,11.9,1367,1696600
2010.01.18,12.07,12.1,11.7,11.78,476,458600
2010.01.19,11.69,11.89,11.52,11.75,1158,612200
2010.01.20,11.68,11.69,11.37,11.57,2185,1052800
2010.01.21,11.65,11.72,11.37,11.48,1546,1079000
2010.01.22,11.41,12,11.12,11.22,2503,2024900
2010.01.26,11.36,11.36,10.87,11,1770,1342100
2010.01.27,10.92,11.21,10.79,10.93,1218,1357700
2010.01.28,11.08,11.22,10.79,10.93,1526,1368200
2010.01.29,11.03,11.05,10.82,10.92,1515,2163500
2010.02.01,11,11.09,10.82,10.98,1300,1041100
2010.02.02,11.13,11.17,10.94,11.02,1391,1382400
2010.02.03,11.03,11.09,10.91,10.96,1043,2539100
2010.02.04,10.89,10.91,10.51,10.67,1839,2243800
2010.02.05,10.54,10.66,10.23,10.66,1932,1639400
2010.02.08,10.71,11,10.5,10.85,2035,1663600
2010.02.09,11.05,11.08,10.79,10.89,1566,1483600
2010.02.10,10.86,10.96,10.64,10.79,871,1674300
2010.02.11,10.73,10.93,10.71,10.84,1376,503600
2010.02.12,10.93,10.93,10.54,10.66,911,1381400
2010.02.17,10.83,10.87,10.74,10.8,1747,1210600
2010.02.18,10.84,10.92,10.71,10.72,1471,1741200
2010.02.19,10.82,10.87,10.66,10.75,2789,1283400
2010.02.22,10.83,11.32,10.83,11.11,5338,4207000
2010.02.23,11.08,11.08,10.71,10.8,2032,2092800
2010.02.24,10.92,10.92,10.3,10.63,2427,2805100
2010.02.25,10.38,10.76,10.34,10.59,1829,1377500
2010.02.26,10.66,10.76,10.44,10.53,1755,1389400
2010.03.01,10.64,10.64,10.45,10.48,1356,999400
2010.03.02,10.54,10.74,10.52,10.61,2374,1642200
2010.03.03,10.64,10.89,10.5,10.6,2785,2043300
2010.03.04,10.7,10.7,10.52,10.63,1501,794000
2010.03.05,10.87,10.87,10.54,10.6,1359,728400
2010.03.08,10.63,10.79,10.43,10.43,1411,1914100
2010.03.09,10.44,10.57,10.35,10.43,2257,3057800
2010.03.10,10.44,10.63,10.44,10.6,1548,1666600
2010.03.11,10.6,11.1,10.59,10.96,2283,3452800
2010.03.12,11.1,11.25,10.81,10.87,2416,1861000
2010.03.15,10.95,10.99,10.61,10.87,1036,702700
2010.03.16,10.75,10.99,10.75,10.96,1341,1198900
2010.03.17,10.99,11.03,10.79,10.96,2524,1120000
2010.03.18,10.88,11.11,10.83,11.03,1594,1186200
2010.03.19,11.1,11.13,10.8,10.8,1348,1399700
2010.03.22,10.79,10.91,10.48,10.91,993,627200
2010.03.23,10.99,10.99,10.81,10.88,1135,619100
2010.03.24,10.71,10.89,10.61,10.74,1526,1635000
2010.03.25,10.83,10.83,10.6,10.71,1196,688900
2010.03.26,10.7,10.74,10.63,10.72,1188,641900
2010.03.29,10.67,10.92,10.67,10.78,1095,686800
2010.03.30,10.78,10.91,10.67,10.74,830,732900
2010.03.31,10.71,10.78,10.63,10.78,1517,701700
2010.04.01,10.77,10.83,10.71,10.79,1052,657700
2010.04.05,10.79,10.81,10.66,10.78,729,1643900
2010.04.06,10.71,10.94,10.65,10.79,1154,1721300
2010.04.07,10.87,10.89,10.74,10.78,1659,1490800
2010.04.08,10.78,10.87,10.69,10.85,1188,1038300
2010.04.09,10.78,10.85,10.63,10.71,1372,1095200
2010.04.12,10.67,10.74,10.44,10.52,1568,1021500
2010.04.13,10.52,10.52,10.23,10.38,2467,1540500
2010.04.14,10.44,10.48,10.25,10.36,1879,1234800
2010.04.15,10.39,10.64,10.28,10.58,2188,1441900
2010.04.16,10.64,10.64,10.34,10.42,1436,1131900
2010.04.19,10.38,10.51,10.08,10.25,1681,1052900
2010.04.20,10.24,10.34,10.19,10.25,1430,1365500
2010.04.22,10.06,10.57,10.05,10.54,2244,1607900
2010.04.23,10.38,10.56,10.38,10.43,2007,1053600
2010.04.26,10.41,10.54,10.36,10.54,992,1280700
2010.04.27,10.45,10.53,10.06,10.23,2064,1429900
2010.04.28,10.24,10.26,10.06,10.14,2493,1590800
2010.04.29,10.14,10.3,10.11,10.21,1815,3153600
2010.04.30,10.15,10.35,9.98,10.35,2262,3780500
2010.05.03,10.44,10.61,10.26,10.53,2471,1549700
2010.05.04,10.48,10.73,10.3,10.67,5930,3490000
2010.05.05,10.54,10.67,10.43,10.54,4332,3327100
2010.05.06,10.54,10.54,9.91,10.38,3820,2508800
2010.05.07,10.3,10.38,9.82,10.04,3297,2193500
2010.05.10,10.23,10.38,10.03,10.1,2353,1711900
2010.05.11,10.02,10.09,9.87,9.99,1863,1173200
2010.05.12,9.97,10.11,9.81,9.89,1217,1228200
2010.05.13,9.94,9.97,9.72,9.82,4274,2444900
2010.05.14,9.83,9.84,9.3,9.39,2916,2322400
2010.05.17,9.27,9.27,8.53,8.65,5440,7601500
2010.05.18,8.79,9.06,7.91,8.49,7837,14083600
2010.05.19,8.41,8.41,8.12,8.33,4802,3735400
2010.05.20,8.16,8.6,7.45,8.36,5069,5227000
2010.05.21,8.28,8.82,8.24,8.65,2475,2464400
2010.05.24,8.68,8.83,8.59,8.66,1441,1330700
2010.05.25,8.41,8.57,8.32,8.49,1895,1225400
2010.05.26,8.65,8.65,8.27,8.33,2326,1872900
2010.05.27,8.49,8.69,8.44,8.68,1223,1367700
2010.05.28,8.71,8.82,8.6,8.77,1223,1504500
2010.05.31,8.72,8.89,8.72,8.88,1010,800400
2010.06.01,8.73,9.06,8.65,8.97,2082,1456000
2010.06.02,9.06,9.2,8.9,9.2,1820,1068400
2010.06.04,9.07,9.14,8.91,8.98,1489,1181600
2010.06.07,8.94,9.23,8.94,8.99,1417,1033900
2010.06.08,9.02,9.39,9.02,9.34,1602,1126400
2010.06.09,9.32,9.41,9.27,9.29,1121,997500
2010.06.10,9.28,9.46,9.28,9.46,1527,1016200
2010.06.11,9.34,9.64,9.34,9.64,1292,1179000
2010.06.14,9.93,9.93,9.61,9.88,1312,992500
2010.06.15,9.84,9.97,9.81,9.94,1020,603800
2010.06.16,9.86,10.16,9.72,10.16,3858,1404500
2010.06.17,10.11,10.26,9.93,9.93,2289,2114400
2010.06.18,9.9,10.23,9.9,10.23,2101,2496700
2010.06.21,10.13,10.38,10.13,10.29,2204,1055800
2010.06.22,10.22,10.66,10.1,10.48,2582,1735000
2010.06.23,10.54,10.54,10.3,10.44,753,714400
2010.06.24,10.34,10.48,10.3,10.38,1405,932200
2010.06.25,10.32,10.68,10.32,10.61,1592,652700
2010.06.28,10.58,10.6,10.42,10.43,418,315500
2010.06.29,10.42,10.53,10.08,10.3,1511,1056100
2010.06.30,10.2,10.57,10.09,10.32,1246,2119400
2010.07.01,10.3,10.83,10.09,10.68,2447,1835800
2010.07.02,10.69,10.91,10.54,10.79,1250,673800
2010.07.05,10.7,10.87,10.6,10.77,573,526500
2010.07.06,10.88,11.03,10.82,10.95,1408,1017100
2010.07.07,11,11.06,10.74,10.87,1879,1293300
2010.07.08,10.87,10.94,10.75,10.89,1052,980600
2010.07.12,10.89,11.05,10.75,10.91,2877,1468400
2010.07.13,11.03,11.11,10.91,11.03,2259,1200500
2010.07.14,10.94,11.13,10.83,11,762,768200
2010.07.15,11.03,11.13,10.77,11.12,915,1028900
2010.07.16,11.12,11.12,10.77,10.85,1049,802100
2010.07.19,10.96,10.96,10.61,10.67,1938,1381500
2010.07.20,10.67,10.71,10.38,10.6,7375,2625000
2010.07.21,10.71,10.79,10.56,10.66,1994,747700
2010.07.22,10.77,11.03,10.74,10.91,1771,883300
2010.07.23,10.89,11.02,10.73,10.93,1329,1046800
2010.07.26,10.83,11.12,10.83,11.06,1000,1518900
2010.07.27,11.12,11.21,10.97,11.15,1208,1111800
2010.07.28,11.12,11.2,11.02,11.12,942,739700
2010.07.29,11.12,11.17,10.71,10.72,1941,1827300
2010.07.30,10.72,10.97,10.65,10.88,1705,1044500
2010.08.02,11.12,11.12,10.87,11.03,921,751400
2010.08.03,11.09,11.2,10.95,11.09,962,847400
2010.08.04,11.21,11.53,10.99,11.51,1661,1437000
2010.08.05,11.62,11.65,11.37,11.39,1104,745200
2010.08.06,11.33,11.51,11.16,11.33,1834,1158500
2010.08.09,11.49,11.49,11.18,11.18,587,404900
2010.08.10,11.11,11.16,10.09,11.12,1623,1456800
2010.08.11,10.91,11.21,10.79,11.06,2013,1498400
2010.08.12,10.96,11.21,10.9,11.12,1159,1244500
2010.08.13,11.05,11.36,11.03,11.23,1789,1104200
2010.08.16,11.11,11.77,11.01,11.6,1758,1099400
2010.08.17,11.67,11.87,11.46,11.87,1949,1239500
2010.08.18,11.89,12.05,11.7,11.97,3395,1925100
2010.08.19,12.03,12.53,11.87,12.42,4556,2786100
2010.08.20,12.36,12.64,12.03,12.19,2420,1874000
2010.08.23,12.15,12.34,11.75,11.82,1880,1097300
2010.08.24,11.78,12.18,11.78,12.06,2076,999100
2010.08.25,11.95,12.69,11.83,12.61,4072,4188800
2010.08.26,12.48,13.22,12.4,12.87,7569,3593200
2010.08.27,12.97,13.23,12.82,12.98,6386,2783600
2010.08.30,12.86,13.08,12.7,12.7,1797,909500
2010.08.31,12.7,12.91,12.67,12.75,1280,1411700
2010.09.01,12.78,13.13,12.78,13.05,4666,2127800
2010.09.02,13.03,13.15,12.71,12.71,1555,853400
2010.09.03,12.92,12.95,12.42,12.47,1477,737800
2010.09.06,12.57,12.7,12.39,12.44,721,416200
2010.09.08,12.42,12.51,12.05,12.24,2130,1460100
2010.09.09,12.26,12.69,12.2,12.69,1526,935900
2010.09.10,12.67,12.77,12.41,12.47,826,631900
2010.09.13,12.56,12.68,12.47,12.63,1596,837200
2010.09.14,12.6,12.84,12.52,12.84,1680,669600
2010.09.15,12.78,12.98,12.73,12.9,2338,894100
2010.09.16,12.88,13.13,12.79,12.98,1542,791300
2010.09.17,12.98,13.06,12.69,12.98,2270,1149400
2010.09.20,12.92,13.09,12.87,12.96,2420,1576500
2010.09.21,12.91,13.06,12.63,12.74,1415,714400
2010.09.22,12.8,13.02,12.66,12.98,2636,1137000
2010.09.23,12.89,13.55,12.84,13.44,3229,1596200
2010.09.24,13.56,13.62,13.22,13.43,1628,1064300
2010.09.27,13.35,13.67,13.31,13.51,1926,935700
2010.09.28,13.47,13.67,13.47,13.59,1719,562900
2010.09.29,13.59,13.83,13.52,13.69,2291,1024700
2010.09.30,13.8,14.16,13.76,14.16,3112,2258800
2010.10.01,14.13,14.61,14,14.42,3204,1938000
2010.10.04,14.42,14.74,14.42,14.61,4440,2019400
2010.10.05,14.78,14.9,14.64,14.82,4568,3074400
2010.10.06,14.78,14.78,14.4,14.42,3989,1363400
2010.10.07,14.44,14.48,13.97,14.03,2488,1507000
2010.10.08,14.16,14.23,13.96,14.17,2688,1401200
2010.10.11,14.27,14.58,14.26,14.58,1826,676300
2010.10.13,14.62,14.9,14.51,14.74,3870,1928600
2010.10.14,14.9,14.9,14.21,14.46,2012,1178200
2010.10.15,14.43,14.59,14.09,14.54,1955,1159200
2010.10.18,14.49,14.59,14.26,14.46,1083,562400
2010.10.19,14.08,14.26,13.75,13.8,1980,1211700
2010.10.20,13.83,14.47,13.78,14.47,1230,1151000
2010.10.21,14.53,14.73,14.45,14.48,1574,1236700
2010.10.22,14.58,14.71,14.02,14.29,1779,1035400
2010.10.25,14.34,14.53,14.13,14.53,1023,835100
2010.10.26,14.24,14.55,14.14,14.42,1456,978000
2010.10.27,14.29,14.46,14.18,14.46,1097,831100
2010.10.28,14.51,14.51,14.08,14.31,1239,1248700
2010.10.29,14.36,14.47,14.16,14.37,953,1424500
2010.11.01,14.35,14.46,14.22,14.42,674,877300
2010.11.03,14.42,14.59,14.21,14.43,1391,1099700
2010.11.04,14.59,14.91,14.4,14.91,2191,1926100
2010.11.05,14.91,14.93,14.61,14.66,1643,1459400
2010.11.08,14.61,14.78,14.46,14.66,652,375500
2010.11.09,14.71,14.81,14.61,14.79,1637,736300
2010.11.10,14.64,14.91,14.34,14.79,1741,1427500
2010.11.11,14.59,14.71,14.34,14.59,1908,1678100
2010.11.12,14.42,14.73,14.35,14.59,1929,766100
2010.11.16,14.5,14.59,14.26,14.57,3012,1290900
2010.11.17,14.51,14.83,14.3,14.83,1919,1285800
2010.11.18,14.87,15.23,14.66,15.23,3859,2600400
2010.11.19,15.23,15.43,15.11,15.27,2932,2055800
2010.11.22,15.28,15.28,14.93,15.01,3350,1649000
2010.11.23,14.68,14.81,14.01,14.49,3010,1946600
2010.11.24,14.51,15.33,14.5,15.33,3174,2557500
2010.11.25,15.23,15.36,15,15.33,700,431900
2010.11.26,15.13,15.31,14.96,15.08,1361,981300
2010.11.29,14.96,15.21,14.72,14.87,1728,1182100
2010.11.30,14.99,15.08,14.74,14.98,1800,1038700
2010.12.01,15.24,15.35,15.15,15.2,1537,991400
2010.12.02,15.22,15.33,15.01,15.21,1927,1225600
2010.12.03,15.24,15.27,14.96,15.19,1114,807000
2010.12.06,15.21,15.29,14.96,15.24,722,585800
2010.12.07,15.28,15.44,14.98,14.98,1790,1421200
2010.12.08,14.99,15.14,14.66,15.11,1561,769700
2010.12.09,15.02,15.21,14.9,14.91,1264,718300
2010.12.10,15.07,15.16,14.83,15.16,1340,568100
2010.12.13,15.24,15.24,15.12,15.2,1036,764600
2010.12.14,15.21,15.25,14.98,15.2,1472,555200
2010.12.15,15.16,15.42,15.09,15.37,2256,3130800
2010.12.16,15.49,15.99,15.49,15.88,4119,3389800
2010.12.17,15.82,16.51,15.76,16.35,3682,2630200
2010.12.20,16.34,16.64,15.86,16.4,2411,2106300
2010.12.21,16.48,16.63,16.26,16.61,2273,1236700
2010.12.22,16.49,16.69,16.23,16.36,2300,1001200
2010.12.23,16.42,16.6,16.23,16.6,792,330300
2010.12.27,16.4,17.05,16.4,16.97,1242,1007800
2010.12.28,16.8,17.04,16.71,16.8,1529,753600
2010.12.29,16.8,17.1,16.56,16.97,1160,605300
2010.12.30,16.97,17.01,16.68,16.79,1606,1057300
2011.01.03,16.92,16.97,16.62,16.68,1841,818700
2011.01.04,16.6,17.03,16.6,17,2258,1366400
2011.01.05,16.89,17.41,16.87,17.24,1947,1389800
2011.01.06,17.27,17.4,16.8,17.04,3109,1620000
2011.01.07,17.04,17.18,16.56,16.56,1389,694100
2011.01.10,16.68,16.75,16.5,16.63,1269,549000
2011.01.11,16.64,16.72,16.29,16.34,2354,917900
2011.01.12,16.44,16.44,16.09,16.28,2771,1141100
2011.01.13,16.28,16.42,15.79,15.93,2657,1488300
2011.01.14,15.88,16.07,15.44,15.89,2475,1505500
2011.01.17,15.89,16.56,15.81,16.48,2471,1639500
2011.01.18,16.48,16.73,16.46,16.71,4158,2292000
2011.01.19,16.71,17.04,16.71,16.77,5880,2019500
2011.01.20,16.8,17.2,16.6,16.97,2507,1773000
2011.01.21,16.97,17.11,16.64,16.73,3082,1396500
2011.01.24,16.73,17.14,16.36,17.05,2258,943400
2011.01.26,17.05,17.78,16.9,17.46,4256,3228000
2011.01.27,17.42,17.83,17.14,17.18,4113,2298800
2011.01.28,17.08,17.41,16.73,16.77,2926,1292000
2011.01.31,16.73,17.44,16.66,17.28,2342,1752500
2011.02.01,17.39,17.42,16.94,17.26,1401,590900
2011.02.02,17.04,17.69,16.97,17.08,2225,1623200
2011.02.03,17.15,17.3,16.76,17.21,3405,1169000
2011.02.04,17.06,17.18,16.57,16.59,2168,896500
2011.02.07,16.6,17.18,16.6,17.14,2086,1064800
2011.02.08,17.07,17.45,16.85,17.05,1526,727200
2011.02.09,16.93,17.08,16.53,16.57,1757,704600
2011.02.10,16.47,16.73,16.25,16.64,1730,725100
2011.02.11,16.56,16.89,16.29,16.73,4067,1431800
2011.02.14,16.67,16.79,16.39,16.73,2261,1092700
2011.02.15,16.56,16.7,16.38,16.48,1879,857900
2011.02.16,16.57,16.89,16.36,16.89,2771,940300
2011.02.17,16.77,16.89,16.4,16.53,1451,648100
2011.02.18,16.48,16.55,16.01,16.43,2637,2157400
2011.02.21,16.39,16.41,16.12,16.3,1913,675700
2011.02.22,16.06,16.09,15.44,15.97,4596,2754300
2011.02.23,16.04,16.27,15.59,15.89,6327,2368300
2011.02.24,15.78,16.37,15.75,16.23,2260,1333500
2011.02.25,16.44,16.48,16.14,16.48,3109,1167300
2011.02.28,16.29,16.71,16.29,16.71,2056,1026000
2011.03.01,16.68,16.77,16.4,16.57,2167,841800
2011.03.02,16.53,16.99,16.36,16.99,1866,1133500
2011.03.03,17.17,17.28,16.93,17.2,2332,1551700
2011.03.04,17.2,17.28,17.04,17.25,1231,532100
2011.03.09,17.18,17.51,17,17.51,1266,719100
2011.03.10,17.46,17.56,17.28,17.48,2835,1544600
2011.03.11,17.46,17.46,17.04,17.3,5270,3066800
2011.03.14,17.14,17.45,16.97,17.35,1903,1271900
2011.03.15,16.91,17.29,16.59,17.21,3084,1050700
2011.03.16,17.3,17.55,16.54,16.79,3066,2081400
2011.03.17,17.05,17.23,16.6,16.84,2086,1278500
2011.03.18,17.02,17.33,16.97,16.97,3728,1950600
2011.03.21,17.29,17.39,16.89,17.08,2048,1141200
2011.03.22,17.08,17.24,16.89,16.91,2042,882900
2011.03.23,16.82,17.14,16.64,16.88,3211,1169600
2011.03.24,16.86,16.97,16.6,16.83,1594,442200
2011.03.25,16.87,17.14,16.74,16.96,2016,912500
2011.03.28,16.96,17.15,16.75,16.89,1657,501600
2011.03.29,16.78,17.34,16.76,17.18,2841,862900
2011.03.30,17.09,17.42,16.97,17.36,1983,971800
2011.03.31,17.42,17.82,17.14,17.82,3060,1556700
2011.04.01,17.96,18.69,17.93,18.33,4198,1818900
2011.04.04,18.38,18.78,18.34,18.77,2161,1170700
2011.04.05,18.77,19.02,18.38,18.65,2964,1197900
2011.04.06,18.54,18.78,18.12,18.3,1754,835100
2011.04.07,18.33,18.33,17.93,18.11,1809,657800
2011.04.08,18.18,18.65,17.83,18.38,3227,1555800
2011.04.11,18.46,18.78,18.26,18.61,2584,709700
2011.04.12,18.41,18.7,18.17,18.25,3118,1111200
2011.04.13,18.45,18.54,18.09,18.32,1994,553400
2011.04.14,18.32,18.53,18.09,18.27,1754,479100
2011.04.15,18.11,18.45,17.87,18.26,1557,603300
2011.04.18,18.19,18.39,17.65,17.96,2212,1068400
2011.04.19,18.07,18.07,17.81,18,1821,689100
2011.04.20,18.07,18.32,17.99,18.26,2509,1010100
2011.04.25,18.44,18.81,18.24,18.73,2591,1738500
2011.04.26,18.78,19.02,18.64,19.02,2677,1089800
2011.04.27,19.06,19.43,18.88,19.1,4586,1634200
2011.04.28,19.11,19.18,18.71,18.78,3648,1381600
2011.04.29,18.96,19.11,18.75,18.86,2379,2261500
2011.05.02,19.33,19.33,18.1,18.21,3747,1598500
2011.05.03,18.21,18.22,17.7,17.75,3738,1474700
2011.05.04,17.82,18.11,17.41,17.8,3963,2295300
2011.05.05,17.59,18.16,17.3,17.44,3271,1045900
2011.05.06,17.82,18.71,17.61,18.59,3350,1645800
2011.05.09,18.62,19,18.06,18.88,2565,1164800
2011.05.10,19,19.31,18.76,19.09,3260,1025600
2011.05.11,19.03,19.21,18.62,18.71,3616,1440600
2011.05.12,18.52,19.67,18.52,19.46,7328,3008800
2011.05.13,19.58,19.82,19.13,19.2,4987,1661900
2011.05.16,19.08,19.67,18.78,19.07,2350,772900
2011.05.17,18.98,19.58,18.85,19.58,3244,786200
2011.05.18,19.45,19.99,19.4,19.88,4104,1736900
2011.05.19,20,20.44,19.6,20.23,5649,1649500
2011.05.20,20.05,20.44,19.93,20.3,5455,1557900
2011.05.23,19.85,20.25,19.85,19.93,3878,869400
2011.05.24,20.1,20.26,19.73,19.76,4285,1056100
2011.05.25,19.74,19.95,19.57,19.93,2921,766600
2011.05.26,19.8,20.27,19.65,20,2519,862800
2011.05.27,20.09,20.36,20.06,20.18,4179,743900
2011.05.30,20.26,20.26,20.12,20.26,1365,289200
2011.05.31,20.36,21.18,20.15,21.13,4247,1638500
2011.06.01,21.13,21.28,20.49,20.57,4447,1207000
2011.06.02,20.63,21.16,20.48,20.89,3960,1055600
2011.06.03,20.89,21.34,20.61,21.22,5389,1303900
2011.06.06,21.21,21.42,20.98,21,4039,1369000
2011.06.07,21.04,21.38,20.99,21.38,4539,1127700
2011.06.08,21.23,21.37,20.92,21.13,3491,977100
2011.06.09,21.13,21.18,20.49,20.67,2852,1083700
2011.06.10,20.74,20.77,19.73,19.99,5757,2399400
2011.06.13,20.02,20.46,19.55,19.72,4584,1437000
2011.06.14,19.93,20.08,19.73,19.84,3671,1609100
2011.06.15,19.84,19.84,19.24,19.44,6135,1712800
2011.06.16,19.44,19.81,19.11,19.24,4426,1337800
2011.06.17,19.54,19.72,18.52,18.52,5284,1382900
2011.06.20,18.55,18.74,18.02,18.21,5234,1809800
2011.06.21,18.37,18.56,18.06,18.52,3359,1348200
2011.06.22,18.52,19.22,18.41,19.22,3801,1768100
2011.06.24,19.28,19.5,18.69,18.78,4509,1097500
2011.06.27,18.89,19.46,18.44,19.26,4095,1478600
2011.06.28,19.32,19.48,18.98,19.2,2695,784500
2011.06.29,19.24,19.4,19.02,19.38,2955,781000
2011.06.30,19.42,19.46,18.78,19.06,3165,2444800
2011.07.01,19.09,19.29,18.58,19.15,2393,840900
2011.07.04,19.24,19.24,18.76,18.96,1524,400800
2011.07.05,18.83,19.11,18.57,18.74,3383,1002300
2011.07.06,18.55,18.82,18.44,18.44,2435,1147200
2011.07.07,18.47,18.72,18.07,18.08,3479,1393300
2011.07.08,17.97,17.97,17.34,17.44,3655,1658000
2011.07.11,17.21,17.66,16.96,17.54,3481,1285800
2011.07.12,17.58,17.83,17.21,17.23,2947,1186900
2011.07.13,17.31,18.06,17.04,17.92,3214,1929400
2011.07.14,17.94,18.37,17.71,17.87,3456,1161500
2011.07.15,17.86,18.33,17.57,17.96,2186,645000
2011.07.18,17.81,18.09,17.56,17.82,2532,818800
2011.07.19,17.82,18.08,17.8,18.07,1694,505200
2011.07.20,18.07,18.29,17.97,18.2,2406,686100
2011.07.21,18.11,18.47,18.03,18.03,2616,756700
2011.07.22,17.98,18.15,17.54,17.54,2740,671000
2011.07.25,17.43,17.43,17.02,17.02,3562,1352400
2011.07.26,17.02,17.03,16.34,16.41,3910,1949400
2011.07.27,16.31,16.66,15.88,16.6,5573,2417400
2011.07.28,16.75,16.91,16.01,16.12,3638,1542000
2011.07.29,16,16.25,15.66,15.73,3766,1391500
2011.08.01,16,16.22,15.54,15.73,2933,843200
2011.08.02,15.76,16.08,14.76,14.76,2909,1135500
2011.08.03,14.77,15.11,13.36,13.82,7131,3948000
2011.08.04,13.51,13.52,12.67,12.74,5506,2543700
2011.08.05,12.58,13.4,12.48,13.33,5665,2332800
2011.08.08,13.04,13.04,11.29,11.94,5402,2150300
2011.08.09,12.11,12.87,12.11,12.87,5220,1945600
2011.08.10,12.48,13.39,12.44,13.08,6137,1885200
2011.08.11,13.5,14.42,13.36,13.82,6768,2732200
2011.08.12,14.01,14.8,13.38,14.42,4702,1977900
2011.08.15,14.57,15.24,14.47,14.88,4878,1359000
2011.08.16,14.67,15.24,14.6,15.14,4696,1673600
2011.08.17,15.18,15.61,14.9,15.14,6499,2204600
2011.08.18,14.55,15.13,14.33,14.81,6395,2457900
2011.08.19,14.54,15.26,14.42,14.42,4124,1163000
2011.08.22,14.88,15.12,14.45,14.6,5006,1398800
2011.08.23,14.66,15.14,14.61,15.14,3831,1350000
2011.08.24,15.3,15.46,14.97,15.38,3452,830100
2011.08.25,15.56,15.66,14.66,14.86,4457,1250900
2011.08.26,14.68,15.44,14.53,15.21,3813,1235300
2011.08.29,15.61,15.82,15.24,15.5,3325,1192600
2011.08.30,15.44,15.64,15.05,15.31,3199,1207600
2011.08.31,15.55,16.16,15.34,16.16,3812,1436700
2011.09.01,16.26,16.7,16.09,16.31,3917,1384200
2011.09.02,16.14,16.25,15.61,15.82,3693,1246600
2011.09.05,15.5,15.88,14.99,15.27,2835,734300
2011.09.06,15.11,15.82,14.98,15.82,3609,1147100
2011.09.08,15.93,16.12,15.52,15.64,2964,1084200
2011.09.09,15.52,15.68,14.69,14.74,4141,1175800
2011.09.12,14.45,14.54,14.02,14.3,4883,1842100
2011.09.13,14.42,14.51,13.87,13.94,5097,1915400
2011.09.14,14.11,14.4,13.34,14.28,6258,3734700
2011.09.15,14.37,14.62,13.7,13.82,5131,2417900
2011.09.16,13.82,14.05,13.41,13.9,4519,2784200
2011.09.19,13.58,14.31,13.55,14.18,4630,1599000
2011.09.20,14.28,14.52,14.09,14.09,4635,1581600
2011.09.21,14.18,14.36,13.82,14.04,4317,1258700
2011.09.22,13.44,13.58,12.81,12.95,6705,2246000
2011.09.23,12.87,13.04,12.36,12.66,4117,1648000
2011.09.26,12.82,12.82,12.41,12.79,3899,1131400
2011.09.27,13,13.21,12.92,13,2779,1056900
2011.09.28,13.08,13.48,12.62,12.66,4834,1414100
2011.09.29,12.75,13.15,12.75,12.9,3737,2101000
2011.09.30,12.6,12.87,12.24,12.47,4617,1464900
2011.10.03,12.37,12.96,12.23,12.51,5145,1770300
2011.10.04,12.48,13.16,12.34,12.93,6405,2010600
2011.10.05,12.92,13.18,12.28,12.55,3978,1502600
2011.10.06,12.7,13.29,12.57,13.16,3832,1344900
2011.10.07,13.09,13.46,12.36,12.41,3927,1679100
2011.10.10,12.64,12.64,12.37,12.56,4809,1450500
2011.10.11,12.47,12.61,12.11,12.36,5771,1834600
2011.10.13,12.48,12.61,12.15,12.41,7990,4578200
2011.10.14,12.48,12.82,12.24,12.8,4910,1419200
2011.10.17,12.57,12.72,12.38,12.6,3765,1298100
2011.10.18,12.55,12.73,12.38,12.67,3946,1116000
2011.10.19,12.68,12.74,11.84,11.84,8143,4163100
2011.10.20,11.92,11.95,11.02,11.38,12395,7201700
2011.10.21,11.51,11.79,11.39,11.71,6741,2065800
2011.10.24,11.76,12.29,11.66,12.24,7556,2245700
2011.10.25,12.15,12.28,11.85,11.86,5988,2116600
2011.10.26,12.08,12.14,11.9,11.98,3909,1778900
2011.10.27,12.33,13.08,12.33,12.87,7531,3202800
2011.10.28,12.92,13.21,12.54,13.1,4541,1994600
2011.10.31,12.96,13.39,12.71,13.08,5245,1688700
2011.11.01,12.56,12.86,12.42,12.48,6070,2217500
2011.11.03,13.06,13.43,12.87,13.43,6678,2212700
2011.11.04,13.41,13.9,13.14,13.46,4164,1357400
2011.11.07,13.46,13.81,13.34,13.43,2844,757500
2011.11.08,13.61,13.76,13.29,13.68,3226,1116500
2011.11.09,13.44,13.46,12.59,12.66,5211,1811700
2011.11.10,12.84,12.99,12.48,12.48,4577,1841300
2011.11.11,12.72,12.81,12.29,12.48,5267,1370000
2011.11.14,12.56,12.69,12.27,12.29,3731,857400
2011.11.16,12.25,12.61,12.15,12.52,4431,1055900
2011.11.17,12.41,12.5,11.92,12.05,4258,1150400
2011.11.18,12.11,12.4,11.84,12.02,2885,870800
2011.11.21,11.83,11.91,11.65,11.8,3533,820400
2011.11.22,11.8,12.03,11.44,11.63,3073,942600
2011.11.23,11.53,11.76,11.19,11.26,2622,946500
2011.11.24,11.42,11.43,11.03,11.15,2110,665300
2011.11.25,11.03,11.46,10.86,11.13,3278,922700
2011.11.28,11.46,11.98,11.4,11.87,4487,1515800
2011.11.29,11.83,12.08,11.43,11.43,4324,1469000
2011.11.30,11.81,12.3,11.69,11.97,6514,2171900
2011.12.01,12.3,12.56,12.02,12.06,5929,1858300
2011.12.02,12.31,12.35,11.54,11.73,4003,1536200
2011.12.05,11.98,12.28,11.87,12.13,3922,1339300
2011.12.06,12.13,12.41,12.07,12.41,2724,785700
2011.12.07,12.41,12.72,12.23,12.27,4115,1517500
2011.12.08,12.35,12.48,11.64,11.64,4219,1299800
2011.12.09,11.74,11.93,11.67,11.87,2485,918800
2011.12.12,11.8,11.8,11.46,11.58,3669,1191100
2011.12.13,11.8,11.92,11.52,11.74,4429,1284000
2011.12.14,11.6,11.78,11.46,11.46,6210,1491600
2011.12.15,11.54,11.83,11.4,11.49,4083,1384500
2011.12.16,11.71,11.81,11.28,11.46,2861,951600
2011.12.19,11.5,11.63,11.23,11.54,3862,1021800
2011.12.20,11.79,11.8,11.43,11.79,3186,950600
2011.12.21,11.67,12.03,11.41,11.5,3771,1353600
2011.12.22,11.64,11.69,11.47,11.63,2788,713100
2011.12.23,11.63,11.72,11.55,11.7,2235,615600
2011.12.26,11.72,11.73,11.56,11.71,1645,401200
2011.12.27,11.69,11.88,11.64,11.76,1037,380800
2011.12.28,11.73,11.76,11.33,11.37,2996,985100
2011.12.29,11.39,11.59,10.95,10.95,2849,2511400
2012.01.02,10.83,11.72,10.83,11.72,3186,2514300
2012.01.03,11.66,11.91,11.54,11.72,5213,1570200
2012.01.04,11.69,11.69,11.3,11.3,5040,2390400
2012.01.05,11.37,11.41,10.93,11.16,4675,1818500
2012.01.06,11.25,11.37,11,11.04,3072,1230600
2012.01.09,11.22,11.22,11.03,11.07,2208,1045400
2012.01.10,11.23,11.27,11.03,11.03,2968,1340700
2012.01.11,11.1,11.16,10.99,11.02,3110,1226800
2012.01.12,11.05,11.15,10.95,11.07,5953,2274300
2012.01.13,11.1,11.14,10.95,11.02,4271,1316200
2012.01.16,11.03,11.22,11.03,11.07,1245,1015000
2012.01.17,11.13,11.28,11.12,11.26,2893,1104600
2012.01.18,11.33,12.09,11.24,12.05,5479,2708800
2012.01.19,12.24,12.36,12.12,12.27,3748,1645800
2012.01.20,12.03,12.31,11.63,12.24,4609,2710400
2012.01.23,12.15,12.25,12.01,12.17,3457,1025200
2012.01.24,12.17,12.5,11.83,12.48,3908,1447600
2012.01.26,12.7,13.23,12.7,13.12,7433,2660600
2012.01.27,13.12,13.63,12.98,13.6,7048,2727500
2012.01.30,13.37,13.47,13.01,13.21,4578,1479100
2012.01.31,13.3,13.58,13.25,13.38,5344,1457600
2012.02.01,13.6,13.85,13.2,13.56,4927,2047900
2012.02.02,13.56,13.56,13.06,13.08,3708,1033200
2012.02.03,13.06,13.56,12.89,13.46,3809,1457500
2012.02.06,13.5,13.5,13.28,13.29,1971,627600
2012.02.07,13.34,14.08,13.31,13.99,4989,1947100
2012.02.08,14.17,14.32,14.01,14.05,5434,2177400
2012.02.09,14.07,14.31,13.51,13.52,3866,2149400
2012.02.10,13.23,13.23,12.72,13,4861,2136000
2012.02.13,13.31,13.34,13.03,13.12,4829,1743100
2012.02.14,13.12,13.21,12.66,12.66,5670,1372500
2012.02.15,12.9,13,12.58,12.75,5694,1777200
2012.02.16,12.66,13.17,12.51,13.13,6170,2403200
2012.02.17,13.13,13.38,13.04,13.25,3038,1649700
2012.02.22,13.38,13.44,13.16,13.34,2713,790800
2012.02.23,13.34,13.67,13.19,13.25,3866,1299000
2012.02.24,13.25,13.51,13.21,13.29,2785,820400
2012.02.27,13.28,13.42,12.92,12.93,1968,709100
2012.02.28,12.96,13.53,12.96,13.43,3804,1186600
2012.02.29,13.46,13.6,13.31,13.32,3047,1022900
2012.03.01,13.45,13.64,13.2,13.58,3071,1141400
2012.03.02,13.72,14.1,13.72,13.94,2787,1426300
2012.03.05,13.71,14.06,13.36,13.51,3473,1267600
2012.03.06,13.25,13.31,12.73,12.76,4144,1627200
2012.03.07,12.99,13.04,12.55,12.76,4784,1783500
2012.03.08,12.96,13.08,12.82,12.86,4828,1411000
2012.03.09,12.86,13.06,12.8,12.96,2518,796800
2012.03.12,12.98,13.18,12.69,12.74,4852,1780500
2012.03.13,12.8,13.21,12.8,13.2,4387,1608800
2012.03.14,13.25,13.43,13.08,13.23,3280,1292600
2012.03.15,13.12,13.21,12.93,13.2,2570,785300
2012.03.16,13.39,13.39,13.04,13.27,2777,1026300
2012.03.19,13.27,13.56,13.07,13.07,3314,1093000
2012.03.20,13,13.05,12.82,12.93,3935,1279600
2012.03.21,12.93,13.15,12.74,12.89,2374,833500
2012.03.22,12.84,12.85,12.55,12.66,3654,1129400
2012.03.23,12.79,12.79,12.37,12.5,5206,1703300
2012.03.26,12.57,12.73,12.48,12.72,3430,1014500
2012.03.27,12.72,12.95,12.67,12.74,1522,836700
2012.03.28,12.74,12.78,12.23,12.23,2603,1094800
2012.03.29,12.06,12.42,11.91,12.42,3807,1661300
2012.03.30,12.56,12.57,12.27,12.36,4454,1683000
2012.04.02,12.36,13.01,12.33,12.96,5018,2266400
2012.04.03,12.99,13.16,12.73,12.73,2709,1320900
2012.04.04,12.65,12.69,12.25,12.32,2790,999400
2012.04.05,12.32,12.48,12.15,12.4,1783,708300
2012.04.09,12.28,12.46,12.18,12.46,1650,547600
2012.04.10,12.33,12.44,11.85,12.01,4044,1189200
2012.04.11,12.05,12.17,11.83,11.84,2288,763300
2012.04.12,11.84,12.37,11.74,12.21,2364,976100
2012.04.13,12.08,12.18,11.84,11.9,2174,648500
2012.04.16,11.9,12.1,11.73,11.85,2727,1184300
2012.04.17,12.09,12.36,11.74,12.36,4270,1392800
2012.04.18,12.2,13.06,12.2,12.92,8154,3849900
2012.04.19,12.79,13.02,12.54,12.57,2808,954100
2012.04.20,12.71,12.91,12.54,12.62,2928,662400
2012.04.23,12.53,12.53,12.19,12.42,3793,1294500
2012.04.24,12.38,12.58,12.27,12.39,2119,792000
2012.04.25,12.57,12.72,12.25,12.44,2902,1358800
2012.04.26,12.36,12.41,12.13,12.24,2525,912600
2012.04.27,12.24,12.37,12.13,12.13,1567,398500
2012.04.30,12.42,12.51,11.9,11.98,1992,887100
2012.05.02,11.76,12.13,11.76,12.05,4480,1443500
2012.05.03,12.14,12.28,12,12.11,3548,1228100
2012.05.04,12.02,12.28,11.94,11.94,5141,1281200
2012.05.07,11.78,12.08,11.78,12,2557,597500
2012.05.08,11.88,11.99,11.51,11.84,4035,1213000
2012.05.09,11.63,11.88,11.49,11.76,2691,1256600
2012.05.10,11.79,11.93,11.14,11.22,5440,2485100
2012.05.11,11.22,11.38,10.92,10.96,4218,1814300
2012.05.14,10.82,10.93,10.6,10.65,3728,1446100
2012.05.15,10.6,10.81,10.54,10.56,5273,1434900
2012.05.16,10.77,10.9,10.48,10.54,4317,1481600
2012.05.17,10.7,10.79,9.79,9.79,6599,2100700
2012.05.18,9.84,9.92,9.52,9.75,5934,2312200
2012.05.21,9.83,10.07,9.74,9.99,7238,1948000
2012.05.22,10.01,10.22,9.95,9.97,9144,2032500
2012.05.23,10.07,10.14,9.79,9.97,7281,2413300
2012.05.24,9.94,10.05,9.86,9.98,7531,2996400
2012.05.25,9.94,10.12,9.93,10.02,5070,1245000
2012.05.28,10.14,10.18,10.01,10.06,2566,504800
2012.05.29,9.97,10.26,9.97,10.14,5265,1592200
2012.05.30,10.03,10.04,9.79,9.88,5286,1297200
2012.05.31,9.8,10.06,9.71,10.06,4384,1292600
2012.06.01,9.89,10.06,9.78,9.83,5957,1263100
2012.06.04,9.84,9.94,9.79,9.83,2335,650300
2012.06.05,9.83,10,9.46,9.52,3761,1724300
2012.06.06,9.53,9.63,9.36,9.36,9009,2652900
2012.06.08,9.51,10.23,9.46,9.87,4819,1646600
2012.06.11,10.01,10.06,9.74,9.78,3875,1277800
2012.06.12,9.9,10.23,9.68,10.23,3860,1340000
2012.06.13,10.06,10.78,10.06,10.78,7444,2555500
2012.06.14,10.78,10.88,10.49,10.58,4792,1423400
2012.06.15,10.61,10.82,10.36,10.82,3000,1008800
2012.06.18,10.77,10.99,10.51,10.9,3262,948100
2012.06.19,11.03,11.15,10.84,10.91,4644,1322800
2012.06.20,11.08,11.31,10.84,11.27,4571,1316600
2012.06.21,11.27,11.49,10.78,10.79,5493,1787000
2012.06.22,10.74,11,10.67,10.97,6329,1760500
2012.06.25,10.7,10.92,10.66,10.87,2657,927700
2012.06.26,10.8,11.14,10.8,10.98,8728,2042600
2012.06.27,11.08,11.62,10.94,11.35,6399,1744000
2012.06.28,11.48,11.48,11.13,11.4,4558,1232500
2012.06.29,11.62,12.05,11.52,11.96,5005,1769300
2012.07.02,11.9,12.04,11.51,11.71,4243,1177800
2012.07.03,11.75,11.97,11.57,11.61,5227,1221300
2012.07.04,11.63,12.15,11.58,12.14,2500,570900
2012.07.05,12.19,12.19,11.72,12.03,6468,1801900
2012.07.06,11.92,11.92,11.72,11.76,2745,638800
2012.07.10,11.62,11.62,10.91,10.97,6273,1951000
2012.07.11,10.97,11.08,10.81,10.97,8115,2116500
2012.07.12,10.92,10.92,10.5,10.65,3915,1718900
2012.07.13,10.73,10.94,10.67,10.74,3425,838300
2012.07.16,10.94,10.94,10.29,10.41,4215,1371500
2012.07.17,10.48,10.94,10.29,10.87,5375,2268100
2012.07.18,10.87,11.24,10.85,10.99,5123,1443100
2012.07.19,11.08,11.08,10.81,10.93,7877,1200300
2012.07.20,10.86,10.97,10.39,10.39,7229,1469600
2012.07.23,10.18,10.2,9.91,10.06,6498,1260600
2012.07.24,10,10.32,9.78,10.2,6291,1565700
2012.07.25,10.48,10.48,10.04,10.14,5255,884400
2012.07.26,10.21,10.46,10.14,10.37,7147,1737400
2012.07.27,10.54,11.39,10.5,11.22,9787,3154900
2012.07.30,11.25,11.55,10.92,11.4,7988,2161700
2012.07.31,11.52,11.52,11.07,11.07,5690,1195500
2012.08.01,11.17,11.4,10.84,11.11,8416,1608600
2012.08.02,11.11,11.36,10.86,11.32,6652,1287500
2012.08.03,11.73,12.27,11.54,12.12,7475,2016200
2012.08.06,12.04,13.06,11.97,12.72,7758,1992600
2012.08.07,13.05,13.05,12.16,12.17,6414,1736600
2012.08.08,12.07,12.9,11.99,12.66,6785,1961000
2012.08.09,12.55,12.68,12.12,12.28,6496,2195600
2012.08.10,12.24,12.83,12.02,12.71,6953,1956200
2012.08.13,12.64,12.87,12.35,12.51,5679,1242600
2012.08.14,12.47,12.96,12.47,12.51,8204,2087300
2012.08.15,12.51,12.85,12.41,12.74,8479,2061900
2012.08.16,12.91,13.76,12.76,13.7,9111,2226800
2012.08.17,13.71,13.86,13.18,13.31,7194,2625300
2012.08.20,13.41,13.92,13.18,13.81,7445,2001000
2012.08.21,13.9,14.06,12.96,13.24,6063,2003100
2012.08.22,13.22,13.54,12.63,13,7585,2498800
2012.08.23,12.76,12.91,12.52,12.72,6515,2138000
2012.08.24,12.76,12.99,12.3,12.47,9862,2769500
2012.08.27,12.51,12.73,12.45,12.6,8396,2259200
2012.08.28,12.72,12.97,12.35,12.37,9441,2604100
2012.08.29,12.44,12.52,11.51,11.63,7661,2448700
2012.08.30,11.64,11.84,11.26,11.44,6822,1782100
2012.08.31,11.62,11.75,11.3,11.44,9472,3492100
2012.09.03,11.52,11.71,11.34,11.54,5439,1539600
2012.09.04,11.57,11.78,11.45,11.59,9566,2888000
2012.09.05,12.25,12.42,11.98,12.24,10676,5408100
2012.09.06,12.38,13.11,12.37,13.05,7657,3326500
2012.09.10,13.22,13.25,12.74,12.87,5895,1760400
2012.09.11,13.03,13.43,12.85,13.43,5653,1303900
2012.09.12,13.54,13.76,13.07,13.76,6822,2050500
2012.09.13,13.75,14.66,13.4,14.6,8202,2533900
2012.09.14,14.6,14.88,14.37,14.84,8173,3118600
2012.09.17,14.75,14.88,14.35,14.54,6084,1648900
2012.09.18,14.47,14.66,14.07,14.11,5643,1304000
2012.09.19,14.17,14.5,14.08,14.08,6144,1706800
2012.09.20,14.05,14.56,13.7,14.36,4941,1198800
2012.09.21,14.52,14.57,14.01,14.01,4470,1175900
2012.09.24,13.98,14.39,13.85,14.24,5924,1700300
2012.09.25,14.17,14.36,13.94,14.14,5013,1765600
2012.09.26,14.14,14.18,13.29,13.41,8003,2222400
2012.09.27,13.34,13.34,12.52,13.05,10727,4722400
2012.09.28,12.96,13.06,12.72,12.75,7792,2029800
2012.10.01,12.72,13.22,12.64,12.8,6414,1956700
2012.10.02,12.93,13,12.57,12.7,4803,897700
2012.10.03,12.72,12.87,12.6,12.87,5746,1474000
2012.10.04,12.94,13.13,12.59,12.76,7832,1987600
2012.10.05,12.84,13.13,12.64,12.68,6347,1506400
2012.10.08,12.64,12.84,12.55,12.69,4947,1020500
2012.10.09,12.69,12.72,12.2,12.28,8608,2332800
2012.10.10,12.28,12.36,12.04,12.1,6668,1602200
2012.10.11,12.17,12.44,12.17,12.44,4736,998300
2012.10.15,12.54,12.7,12.24,12.37,5463,1255200
2012.10.16,12.46,12.91,12.46,12.8,6050,1418000
2012.10.17,12.9,12.96,12.44,12.7,7093,1849400
2012.10.18,12.64,12.64,12.31,12.6,5001,1755700
2012.10.19,12.51,12.81,12.51,12.69,6568,1730000
2012.10.22,12.68,12.94,12.52,12.73,4146,737200
2012.10.23,12.67,12.86,12.47,12.54,4509,856600
2012.10.24,12.49,12.52,12.27,12.28,5441,1262400
2012.10.25,12.34,12.54,12.34,12.41,3344,707100
2012.10.26,12.36,12.59,12.36,12.43,4282,775300
2012.10.29,12.39,12.58,11.85,11.96,4583,1158500
2012.10.30,11.93,12.1,11.9,12.04,3154,600100
2012.10.31,12.06,12.28,11.89,12,4667,1049000
2012.11.01,11.95,12.7,11.9,12.69,6363,1666500
2012.11.05,12.62,12.8,12.24,12.6,4830,1067900
2012.11.06,12.67,13.05,12.38,12.98,6119,1135700
2012.11.07,12.98,13.09,12.8,13.05,4874,1209500
2012.11.08,12.97,13.39,12.79,12.99,7252,1669400
2012.11.09,12.79,12.92,12.38,12.38,7726,2922400
2012.11.12,12.41,12.56,12.17,12.48,3996,852500
2012.11.13,12.41,12.55,12.2,12.55,4215,752700
2012.11.14,12.49,12.54,12.06,12.06,4966,1462600
2012.11.16,11.94,11.94,11.38,11.49,7513,1745500
2012.11.19,11.62,11.8,11.57,11.72,4493,904500
2012.11.21,11.81,12,11.45,11.51,6205,1490300
2012.11.22,11.67,11.96,11.67,11.96,2697,493800
2012.11.23,11.9,12.48,11.85,12.28,5096,1332200
2012.11.26,12.22,12.46,12.15,12.35,3907,809500
2012.11.27,12.35,12.6,11.85,11.88,5536,1138600
2012.11.28,11.72,12.3,11.71,12.3,6025,1162000
2012.11.29,12.22,12.55,12.14,12.49,6783,1246400
2012.11.30,12.52,12.52,12.03,12.31,5383,1132100
2012.12.03,12.31,12.56,12.16,12.41,5479,1145200
2012.12.04,12.35,12.46,12,12,5219,1045600
2012.12.05,12.08,12.24,11.79,11.9,13594,2170300
2012.12.06,12.02,12.05,11.62,11.65,5959,1275900
2012.12.07,11.64,12.2,11.64,12.13,5787,1490100
2012.12.10,12.33,12.34,11.93,12.01,6049,1583600
2012.12.11,12.12,12.16,11.9,12.02,5868,1451700
2012.12.12,12.09,12.11,11.93,12,8973,2053400
2012.12.13,11.92,12.04,11.58,11.62,5740,1777300
2012.12.14,11.7,11.96,11.66,11.7,5626,1569400
2012.12.17,11.84,11.93,11.67,11.79,5071,1152600
2012.12.18,11.87,12.02,11.77,11.93,5424,1330100
2012.12.19,11.98,12.02,11.87,11.96,5106,1732600
2012.12.20,11.9,11.98,11.67,11.67,5439,1268700
2012.12.21,11.69,11.77,11.58,11.64,4904,1309900
2012.12.26,11.5,11.66,11.45,11.53,3127,640900
2012.12.27,11.59,11.59,11.35,11.43,4152,875700
2012.12.28,11.5,11.59,11.4,11.44,4235,1075400
2013.01.02,11.98,12.28,11.81,12.17,8280,2686900
2013.01.03,12.28,12.44,12.06,12.43,8643,2279800
2013.01.04,12.5,12.5,12.1,12.15,6278,2496900
2013.01.07,12.23,12.24,11.87,12.15,6208,1639900
2013.01.08,12.21,12.34,12.06,12.12,5690,1267900
2013.01.09,12.04,12.24,11.87,11.9,4815,1197600
2013.01.10,12.08,12.14,11.89,11.92,5230,890500
2013.01.11,11.97,11.97,11.76,11.95,4251,799600
2013.01.14,12,12.21,11.93,12.2,5101,1111300
2013.01.15,12.18,12.28,12.08,12.22,5407,1088300
2013.01.16,12.23,12.31,12.02,12.28,5630,1402200
2013.01.17,12.27,12.38,12.15,12.38,6391,1421000
2013.01.18,12.43,12.48,12.08,12.39,5863,1550600
2013.01.21,12.44,12.78,12.44,12.65,6290,1510500
2013.01.22,12.66,12.87,12.54,12.63,6889,1775500
2013.01.23,12.7,13.01,12.7,12.8,4902,1501800
2013.01.24,12.81,12.96,12.41,12.48,5788,1106000
2013.01.28,12.38,12.6,12.38,12.54,6732,1316700
2013.01.29,12.6,13.4,12.55,13.2,9379,3782300
2013.01.30,13.2,13.52,12.96,13.26,8863,3234300
2013.01.31,13.25,13.44,13.04,13.42,7108,2145200
2013.02.01,13.41,13.75,13.41,13.69,5468,1560800
2013.02.04,13.54,13.64,12.84,12.87,8266,3372600
2013.02.05,12.9,13.18,12.88,13.15,6102,1420100
2013.02.06,13.09,13.34,12.96,13.06,5407,1281400
2013.02.07,13.1,13.69,13.06,13.23,7491,2132200
2013.02.08,13.21,13.44,13.14,13.29,7210,1426500
2013.02.13,13.29,13.29,12.82,13.06,6549,1301200
2013.02.14,13.06,13.06,12.71,12.96,4272,1061400
2013.02.15,12.96,12.96,12.54,12.68,6347,2122400
2013.02.18,12.51,12.62,12.36,12.42,3130,716200
2013.02.19,12.55,13.44,12.55,13.3,11912,5530700
2013.02.20,13.26,13.33,12.7,12.72,8014,1938800
2013.02.21,12.77,13.02,12.43,12.57,7781,2187000
2013.02.22,12.69,12.81,12.55,12.73,5637,1530900
2013.02.25,12.96,13.24,12.79,13.18,7328,1721800
2013.02.26,13.09,13.39,12.9,13.1,7516,1631800
2013.02.27,13.1,13.22,12.94,13.14,6527,1356300
2013.02.28,13.12,13.22,12.77,13.03,6087,1532100
2013.03.01,12.9,12.92,12.43,12.56,11228,2376600
2013.03.04,12.55,12.68,12.19,12.6,8066,1851900
2013.03.05,12.6,12.78,12.44,12.48,5438,1211700
2013.03.06,12.64,12.81,12.4,12.67,7728,1457900
2013.03.07,12.86,13.09,12.61,13.05,5777,1149000
2013.03.08,12.88,13.1,12.81,13.04,5544,930700
2013.03.11,12.93,13.09,12.57,12.76,5032,1596200
2013.03.12,12.86,13.07,12.62,13.06,5188,1171500
2013.03.13,12.89,13.07,12.65,12.66,6107,1280200
2013.03.14,12.73,12.74,12.47,12.54,7944,1415100
2013.03.15,12.54,12.96,12.54,12.91,8699,2108000
2013.03.18,12.73,12.87,12.56,12.81,5052,997000
2013.03.19,12.81,12.82,12.61,12.73,4626,798900
2013.03.20,12.69,12.8,12.51,12.68,6677,2223100
2013.03.21,12.57,12.73,12.16,12.24,6221,1669300
2013.03.22,12.22,12.28,12,12.15,5684,1082400
2013.03.25,12.33,12.33,11.79,11.93,6947,1293300
2013.03.26,11.92,12.51,11.92,12.51,6132,1468800
2013.03.27,12.46,12.46,12.09,12.28,5457,1098400
2013.03.28,12.32,12.38,11.99,12.2,5426,1175100
2013.04.01,12.1,12.21,12,12.17,4115,960900
2013.04.02,12.17,12.31,12.02,12.15,5830,1325900
2013.04.03,12.11,12.65,12.07,12.61,7559,1791900
2013.04.04,12.61,12.69,12.39,12.65,5537,1321700
2013.04.05,12.69,12.96,12.4,12.96,7621,1689900
2013.04.08,12.95,13.14,12.74,13.1,5987,1248700
2013.04.09,13.18,13.7,13.11,13.58,6121,1634300
2013.04.10,13.51,14.15,13.5,14.03,6711,1654500
2013.04.11,13.94,13.96,13.6,13.63,7477,2340100
2013.04.12,13.56,13.8,13.44,13.6,5809,1449800
2013.04.15,13.46,13.56,12.96,13.04,6088,1856700
2013.04.16,13.17,13.36,13.05,13.2,4806,989500
2013.04.17,13.13,13.2,12.65,12.69,8296,2390500
2013.04.18,12.96,13.18,12.68,13.05,5866,1588600
2013.04.19,13.08,13.24,12.95,13.1,5014,971900
2013.04.22,13.08,13.46,12.92,13.35,6866,1369400
2013.04.23,13.44,14.46,13.31,14.46,11039,5688300
2013.04.24,15.11,15.41,14.57,14.61,11649,4557500
2013.04.25,14.73,15.01,14.54,14.9,10401,2343400
2013.04.26,14.9,14.92,14.58,14.79,5791,1220200
2013.04.29,14.76,15.01,14.7,15,6394,1277900
2013.04.30,14.97,15.6,14.88,15.55,10748,2580200
2013.05.02,15.44,15.79,15.19,15.38,8237,1571900
2013.05.03,15.55,15.61,15.2,15.24,9692,4182300
2013.05.06,15.19,15.29,14.98,15.29,8192,2429100
2013.05.07,15.2,15.5,15.18,15.49,5334,1173000
2013.05.08,15.49,15.5,15.11,15.38,6983,2043300
2013.05.09,15.28,15.38,14.82,15,9799,2062400
2013.05.10,14.89,15.11,14.48,14.8,10913,2449400
2013.05.13,14.66,14.74,14.28,14.52,6679,1702300
2013.05.14,14.52,14.69,14.34,14.65,8005,2061000
2013.05.15,14.42,14.9,14.42,14.83,7141,2093700
2013.05.16,14.84,14.98,14.6,14.78,6197,1248100
2013.05.17,14.83,15.03,14.7,14.88,5102,919800
2013.05.20,14.86,14.94,14.63,14.88,5126,901400
2013.05.21,14.87,15.11,14.72,14.88,5939,1411000
2013.05.22,14.92,14.96,14.61,14.79,5222,1140500
2013.05.23,14.57,15.11,14.53,15.09,8558,1689800
2013.05.24,15.1,15.23,14.93,15.09,8551,1484400
2013.05.27,15.08,15.36,15.08,15.19,3705,691000
2013.05.28,15.37,15.43,15.02,15.14,5661,945300
2013.05.29,14.93,15.37,14.62,14.77,8014,1759200
2013.05.31,14.63,15.25,14.63,14.93,12092,2281300
2013.06.03,14.98,15.08,14.47,14.68,6534,1244400
2013.06.04,14.71,14.73,14.42,14.65,7543,1681600
2013.06.05,14.48,14.98,14.42,14.73,9323,2377400
2013.06.06,14.73,14.95,14.4,14.66,7571,1792300
2013.06.07,14.42,14.87,14.37,14.7,8278,1649900
2013.06.10,14.7,14.98,14.41,14.68,7558,1377100
2013.06.11,14.52,14.63,14.07,14.12,9393,2333600
2013.06.12,14.14,14.25,13.81,14.01,9575,2465700
2013.06.13,13.88,14.23,13.76,14.21,5753,1237200
2013.06.14,14.12,14.13,13.75,13.81,6235,1497700
2013.06.17,13.85,13.97,13.68,13.85,6207,1175300
2013.06.18,13.98,14.19,13.61,14.1,7835,1422100
2013.06.19,14.08,14.5,13.74,14.14,8439,1867100
2013.06.20,13.94,14.44,13.5,14.34,13395,3629800
2013.06.21,14.14,14.48,13.94,14.3,8740,1673200
2013.06.24,14.08,14.46,13.54,13.94,8700,1775600
2013.06.25,13.83,14.3,13.83,14.3,6262,1536800
2013.06.26,14.47,14.83,14.24,14.66,5755,1083900
2013.06.27,14.74,15.12,14.5,14.9,5719,1283500
2013.06.28,15.01,15.12,14.59,14.72,9036,2364900
2013.07.01,14.73,15.36,14.34,15.33,9168,2620900
2013.07.02,15.4,15.45,14.53,14.92,7651,1790000
2013.07.03,14.66,15.45,14.66,15.19,10330,2675800
2013.07.04,15.45,15.57,15,15.19,5076,1385900
2013.07.05,15.28,15.28,13.78,14.48,15732,4925700
2013.07.08,14.4,14.69,14.13,14.13,5228,1240200
2013.07.10,14.1,14.47,13.94,14.1,6208,1129000
2013.07.11,14.37,14.54,14.06,14.54,7375,1530600
2013.07.12,14.5,14.63,14.21,14.24,5553,953400
2013.07.15,14.66,15.19,14.44,15.14,8992,2569300
2013.07.16,15.35,15.45,14.7,14.94,5568,1275200
2013.07.17,14.93,15.37,14.93,15.16,5565,1031400
2013.07.18,15.13,15.38,14.93,15.13,3989,1149100
2013.07.19,14.92,15.28,14.9,15.19,2516,558600
2013.07.22,15.22,15.28,14.97,15.17,6548,1318400
2013.07.23,15.24,15.48,15.24,15.46,5822,2104500
2013.07.24,15.43,15.47,15.02,15.37,4950,1023300
2013.07.25,15.33,15.63,15.14,15.41,5169,1590300
2013.07.26,15.5,15.5,14.94,15.26,6456,1382400
2013.07.29,15.15,15.57,15.11,15.55,3607,855500
2013.07.30,15.6,15.73,15.22,15.33,8094,2142200
2013.07.31,15.13,15.73,15.13,15.71,9030,2170800
2013.08.01,15.24,15.5,15.11,15.38,11388,3145000
2013.08.02,15.38,15.41,15.12,15.16,7002,1391300
2013.08.05,15.16,15.37,15.05,15.25,4513,872400
2013.08.06,15.37,15.38,14.63,14.87,7679,2018200
2013.08.07,14.73,14.98,14.59,14.84,5604,1272700
2013.08.08,14.92,15.72,14.83,15.53,9649,2899300
2013.08.09,15.64,15.79,15.37,15.76,6722,1474800
2013.08.12,15.82,16.2,15.82,15.95,9470,2528800
2013.08.13,15.87,16.03,15.63,16.03,9286,2345500
2013.08.14,15.96,16.17,15.68,16.06,12626,3008300
2013.08.15,15.81,16.13,15.71,15.95,6475,1287700
2013.08.16,15.85,16.29,15.5,16.27,6338,1647500
2013.08.19,16.19,16.53,16.1,16.34,5497,1069500
2013.08.20,16.42,16.42,15.82,15.82,10178,2411000
2013.08.21,15.74,15.9,15.5,15.68,6674,2013700
2013.08.22,15.89,16.02,15.75,15.92,6517,1396000
2013.08.23,15.95,15.97,15.63,15.9,9744,2195700
2013.08.26,16.01,16.05,15.69,15.82,5734,1066400
2013.08.27,15.68,15.75,15.19,15.27,9239,2338700
2013.08.28,15.11,15.5,15,15.17,7583,1787400
2013.08.29,15.19,15.63,15.12,15.39,5053,1309200
2013.08.30,15.24,15.68,15.24,15.68,6327,2129600
2013.09.02,15.84,16.24,15.73,16.03,7344,1754800
2013.09.03,16.09,16.18,15.88,16.03,4362,971900
2013.09.04,15.95,16.3,15.87,16.3,6033,1502100
2013.09.05,16.3,16.5,16.13,16.31,9271,2859100
2013.09.06,16.52,16.52,16.27,16.38,7167,1879800
2013.09.09,16.46,16.79,16.4,16.59,8762,2258800
2013.09.10,16.52,16.75,16.39,16.58,7946,2317800
2013.09.11,16.53,16.71,16.38,16.4,7005,1817600
2013.09.12,16.31,16.47,16.2,16.4,5665,1181500
2013.09.13,16.42,16.6,16.37,16.6,4873,1100800
2013.09.16,16.64,16.76,16.49,16.65,6324,1744800
2013.09.17,16.65,16.75,16.47,16.6,4767,1058500
2013.09.18,16.51,16.74,16.33,16.5,6520,1383700
2013.09.19,16.54,16.62,15.88,16.11,7425,2356600
2013.09.20,16.08,16.14,15.52,15.7,6384,1655600
2013.09.23,15.95,16,15.83,16,5246,1302400
2013.09.24,16.19,16.26,15.73,16.12,7031,1540000
2013.09.25,16.02,16.27,15.88,16.12,6737,1472600
2013.09.26,16.01,16.15,15.83,16,3724,919600
2013.09.27,15.88,16.04,15.74,15.94,4535,817100
2013.09.30,15.79,15.93,15.55,15.87,5524,1394900
2013.10.01,15.97,16.11,15.74,16.08,7034,1598700
2013.10.02,15.92,16.36,15.92,16.36,4861,1386800
2013.10.03,16.36,16.36,15.89,16.05,5228,1186800
2013.10.04,16.05,16.14,15.69,16.09,5602,1236700
2013.10.07,16.02,16.19,15.91,16.19,4883,1232000
2013.10.08,16.17,16.26,16,16,4907,1271500
2013.10.09,16.09,16.42,15.88,16.34,6352,1403300
2013.10.10,16.43,16.43,16.14,16.4,4480,914500
2013.10.11,16.38,16.53,16.27,16.53,4646,1029800
2013.10.14,16.53,16.84,16.37,16.82,7136,1631800
2013.10.15,16.81,17.14,16.76,16.9,8505,2412700
2013.10.16,16.9,17.21,16.67,17.11,10324,2389300
2013.10.17,17.07,17.54,16.98,17.32,10450,2513600
2013.10.18,17.31,17.78,17.31,17.78,10410,2377600
2013.10.21,17.68,17.93,17.6,17.87,4615,885600
2013.10.22,17.87,18.01,17.69,17.99,7767,1847000
2013.10.23,17.87,18.14,17.86,18,7737,1215500
2013.10.24,17.94,18.02,17.49,17.72,6881,1328700
2013.10.25,17.7,17.72,17.32,17.47,5865,970600
2013.10.28,17.38,17.72,17.3,17.56,4436,791100
2013.10.29,17.41,17.65,17.3,17.45,5250,944000
2013.10.30,17.45,17.64,17.31,17.56,4467,823800
2013.10.31,17.58,17.85,17.41,17.77,6286,1364700
2013.11.01,17.78,17.86,17.32,17.63,6649,1338700
2013.11.04,17.7,17.74,17.33,17.43,6154,1230200
2013.11.05,17.43,17.47,17.11,17.25,7014,1575300
2013.11.06,17.15,17.32,17.02,17.32,7308,1293700
2013.11.07,17.41,18.22,17.09,17.61,12868,3199200
2013.11.08,17.61,17.73,17.06,17.56,11532,2618800
2013.11.11,17.45,17.8,17.37,17.74,5680,1309700
2013.11.12,17.67,17.74,17.46,17.56,8861,2095300
2013.11.13,17.53,17.85,17.43,17.85,7483,1839400
2013.11.14,17.96,18.4,17.8,18.33,9679,2019900
2013.11.18,18.57,18.71,18.25,18.62,7150,1748600
2013.11.19,18.53,18.58,18.24,18.28,8696,1766300
2013.11.21,18.06,18.74,18,18.68,7869,2006800
2013.11.22,18.55,18.98,18.54,18.93,7549,1429000
2013.11.25,19.03,19.03,18.36,18.36,4676,1332100
2013.11.26,18.22,18.66,18.1,18.28,5675,1457600
2013.11.27,18.3,18.67,18.16,18.41,5923,1414100
2013.11.28,18.51,18.6,18.2,18.5,3644,851100
2013.11.29,18.5,18.72,18.27,18.59,6321,1511900
2013.12.02,18.59,18.81,18.4,18.77,5883,1557100
2013.12.03,18.57,19.01,18.35,18.51,8190,1893700
2013.12.04,18.61,18.61,18.24,18.4,4914,1260600
2013.12.05,18.52,18.52,18.24,18.47,4909,1121500
2013.12.06,18.59,19.12,18.24,18.81,5616,1358300
2013.12.09,18.54,18.54,17.56,17.96,13964,5580400
2013.12.10,17.96,18.12,17.88,18,8379,2177900
2013.12.11,18.04,18.21,17.64,17.76,6998,1857200
2013.12.12,17.72,17.77,17.37,17.72,9095,1809800
2013.12.13,17.69,17.77,17.38,17.69,4141,992200
2013.12.16,17.65,17.81,17.52,17.65,4835,1086400
2013.12.17,17.56,17.66,17.34,17.5,5226,1121500
2013.12.18,17.59,18.12,17.59,17.82,6272,1764600
2013.12.19,17.96,18.29,17.87,18.21,5427,1326700
2013.12.20,18.26,18.49,18.2,18.25,4645,1172200
2013.12.23,18.34,18.53,18.14,18.35,3042,782400
2013.12.26,18.32,18.36,18,18.3,2791,656500
2013.12.27,18.31,18.57,18.25,18.53,1539,421800
2013.12.30,18.5,18.92,18.42,18.77,2654,827700
2014.01.02,18.78,18.84,17.94,18.24,6290,1161400
2014.01.03,18.15,18.42,18.06,18.42,6130,2348400
2014.01.06,18.29,18.4,18.04,18.37,5205,990000
2014.01.07,18.7,18.7,17.97,18.11,4768,1120200
2014.01.08,18.07,18.27,17.9,17.9,3922,894600
2014.01.09,17.9,18.14,17.51,17.94,5782,1237800
2014.01.10,17.81,18.29,17.69,18.06,4559,848600
2014.01.13,18.06,18.29,17.56,17.81,3998,863500
2014.01.14,17.81,18.05,17.66,18.05,2807,726400
2014.01.15,18.15,18.15,17.79,18.03,3882,1259400
2014.01.16,18.07,18.12,17.72,17.88,3013,741300
2014.01.17,17.82,17.9,17.24,17.25,5182,2661300
2014.01.20,17.21,17.43,17.06,17.32,4708,1005500
2014.01.21,17.39,17.53,17.04,17.32,5454,1270900
2014.01.22,17.43,17.49,17.12,17.25,4344,1198400
2014.01.23,17.13,17.27,16.73,16.98,6514,1678300
2014.01.24,16.79,17.09,16.6,16.97,5404,1365900
2014.01.27,16.84,17.23,16.5,16.65,5460,1090700
2014.01.28,16.84,17.08,16.66,16.9,3108,609900
2014.01.29,16.71,17.08,16.54,16.84,4645,1094800
2014.01.30,16.78,16.79,16.45,16.53,3825,1095700
2014.01.31,16.4,16.6,16.14,16.6,5634,2099800
2014.02.03,16.58,16.58,15.9,16.09,5834,1531600
2014.02.04,16,16.22,15.82,16.08,7168,1489600
2014.02.05,15.95,16.12,15.32,15.63,6251,1942500
2014.02.06,15.63,15.88,15.48,15.73,9570,2180800
2014.02.07,15.76,15.88,15.4,15.88,7051,1617100
2014.02.10,15.76,16.06,15.67,15.82,7428,1917000
2014.02.11,15.94,16.48,15.58,16.48,9022,1986600
2014.02.12,16.36,16.71,16.22,16.45,8328,1773800
2014.02.13,16.33,16.79,15.99,16.79,13128,2190600
2014.02.14,16.79,17.3,16.46,17.3,7893,1895700
2014.02.17,17.27,17.4,16.99,17.21,4421,1381300
2014.02.18,17.07,17.07,15.9,15.9,16039,3942800
2014.02.19,15.9,15.9,15.12,15.68,13679,3392900
2014.02.20,15.55,16.24,15.3,16.22,8968,1856900
2014.02.21,16.09,16.31,15.68,15.76,4863,1250300
2014.02.24,15.6,15.64,15.21,15.24,10108,2534800
2014.02.25,15.17,15.24,14.66,14.85,8552,2405600
2014.02.26,14.95,15.05,14.68,14.85,6738,1300600
2014.02.27,14.9,15.08,14.71,15.01,6954,5601000
2014.02.28,15.1,15.14,14.43,14.43,7540,1957700
2014.03.05,14.31,14.38,13.89,13.94,5800,1457100
2014.03.06,14.03,14.2,13.99,14.09,11323,2435300
2014.03.07,14.08,14.11,13.44,13.48,11753,2662100
2014.03.10,13.48,13.65,13.22,13.47,10980,2588100
2014.03.11,13.57,13.93,13.45,13.58,9472,2679300
2014.03.12,13.49,13.73,13.28,13.71,10398,2446100
2014.03.13,13.81,13.86,13.57,13.57,6827,1511300
2014.03.14,13.58,13.71,13.36,13.44,7601,1592000
2014.03.17,13.51,13.74,13.43,13.7,6738,4882400
2014.03.18,13.7,14.34,13.54,14.3,9884,4266200
2014.03.19,14.38,14.99,14.14,14.76,11432,3757800
2014.03.20,14.74,15.27,14.61,15.01,9734,2660300
2014.03.21,14.74,15.3,14.66,15.17,7564,3025400
2014.03.24,15.28,15.5,15.06,15.39,8354,1930300
2014.03.25,15.48,15.55,15.18,15.39,7489,2182300
2014.03.26,15.55,15.55,15.09,15.24,7799,1697100
2014.03.27,15.16,15.87,15.14,15.74,13525,3093300
2014.03.28,15.86,16.12,15.64,15.76,7544,2392600
2014.03.31,15.86,15.97,15.76,15.89,4259,1072700
2014.04.01,16.01,16.01,15.21,15.45,9202,2563800
2014.04.02,15.53,16.07,15.39,15.72,8270,1942200
2014.04.03,15.7,16,15.45,15.62,4887,1014400
2014.04.04,15.76,15.9,15.48,15.66,7183,1561000
2014.04.07,15.87,16.01,15.55,15.66,6405,1508600
2014.04.08,16,16,14.98,15.17,7418,2022000
2014.04.09,15.19,15.21,14.5,14.78,6563,1791600
2014.04.10,14.87,15.31,14.49,14.62,8329,2204600
2014.04.11,14.47,14.77,14.39,14.57,5965,1446400
2014.04.14,14.56,14.64,14.24,14.6,4329,5164600
2014.04.15,14.49,14.67,14.09,14.4,6236,1315800
2014.04.16,14.66,14.88,14.44,14.66,5102,3539300
2014.04.17,14.8,15.12,14.5,15.02,5918,1460300
2014.04.22,15.02,15.03,14.69,14.89,6029,1453200
2014.04.23,14.79,14.83,14.48,14.6,7758,1623300
2014.04.24,14.6,14.6,14.23,14.34,6154,1683800
2014.04.25,14.34,14.45,14.15,14.24,4833,2071200
2014.04.28,14.24,14.25,13.89,14.06,3484,1996300
2014.04.29,14.11,14.37,13.96,14.03,4681,1651600
2014.04.30,13.96,14.23,13.87,14.12,6465,2617800
2014.05.02,14.03,14.57,14.03,14.38,7124,1710000
2014.05.05,14.59,14.71,14.39,14.59,3474,973400
2014.05.06,14.48,14.82,14.48,14.71,6548,1199100
2014.05.07,14.63,15,14.5,14.94,5157,4068600
2014.05.08,14.93,14.93,14.59,14.66,5072,3801900
2014.05.09,15.02,15.02,14.16,14.28,4283,1852900
2014.05.12,14.34,14.44,14.06,14.38,6381,1251500
2014.05.13,14.33,14.44,14.17,14.32,3904,723600
2014.05.14,14.31,14.34,14.14,14.27,4047,996800
2014.05.15,14.25,14.26,14.01,14.06,5418,1010000
2014.05.16,14.06,14.36,13.98,14.1,4011,910800
2014.05.19,14.12,14.18,13.71,13.72,4802,1373300
2014.05.20,13.73,13.89,13.47,13.56,4966,962200
2014.05.21,13.56,13.84,13.5,13.67,6411,1277600
2014.05.22,13.71,13.84,13.51,13.78,3286,660100
2014.05.23,13.83,13.89,13.56,13.62,2887,559100
2014.05.26,13.69,13.75,13.6,13.64,1182,212600
2014.05.27,13.72,13.8,13.37,13.47,3566,834800
2014.05.28,13.44,13.54,13.31,13.44,3827,859100
2014.05.29,13.52,13.61,13.39,13.59,3499,681900
2014.05.30,13.57,13.68,13.39,13.58,3655,1015600
2014.06.02,13.57,13.97,13.37,13.96,5052,1360900
2014.06.03,13.83,13.96,13.7,13.96,3368,896200
2014.06.04,13.88,13.96,13.64,13.79,2377,715100
2014.06.05,13.81,13.92,13.55,13.64,3496,751300
2014.06.06,13.87,14.01,13.66,13.93,5964,1802500
2014.06.09,13.84,14.34,13.84,14.17,5276,1053800
2014.06.10,14.2,14.34,13.91,14.03,5646,1226000
2014.06.11,14.1,14.19,13.96,13.96,5549,1317000
2014.06.13,13.83,13.96,13.67,13.84,2510,586100
2014.06.16,13.78,13.9,13.62,13.71,2839,663300
2014.06.17,13.71,13.77,13.51,13.65,1199,382500
2014.06.18,13.7,14.11,13.65,14.06,6009,1244700
2014.06.20,13.92,14.29,13.88,14.09,3640,896100
2014.06.23,14.06,14.06,13.78,13.87,2536,606700
2014.06.24,13.81,13.93,13.69,13.75,3957,873200
2014.06.25,13.66,13.83,13.31,13.38,6523,1402300
2014.06.26,13.38,13.47,13.22,13.36,4350,823400
2014.06.27,13.28,13.4,13.1,13.16,4934,1060600
2014.06.30,13.19,13.24,13.05,13.07,3866,811200
2014.07.01,13.12,13.24,12.97,13.04,3828,608700
2014.07.02,13.06,13.2,12.87,13.18,5879,1478200
2014.07.03,13.1,13.68,13.1,13.29,6788,1582900
2014.07.04,13.36,13.45,13.3,13.31,1185,214700
2014.07.07,13.31,13.63,13.22,13.52,3651,767900
2014.07.08,13.52,13.57,13.38,13.52,1449,272800
2014.07.10,13.57,13.72,13.45,13.62,5718,1183000
2014.07.11,13.63,13.83,13.57,13.75,5166,1705800
2014.07.14,13.85,13.96,13.71,13.77,8317,2036800
2014.07.15,13.76,13.87,13.7,13.78,8312,3172900
2014.07.16,13.85,13.85,13.24,13.41,6014,1596200
2014.07.17,13.31,13.38,13.16,13.24,5070,980500
2014.07.18,13.5,13.53,12.86,12.86,8044,1865100
2014.07.21,12.87,12.97,12.7,12.83,5632,2249700
2014.07.22,12.83,12.91,12.76,12.8,6111,1488600
2014.07.23,12.78,12.88,12.65,12.74,4467,958700
2014.07.24,12.75,13.2,12.71,13.12,5623,1148700
2014.07.25,13.13,13.31,13.05,13.12,4182,810100
2014.07.28,13.14,13.28,13.08,13.16,3291,808300
2014.07.29,13.16,13.24,12.81,12.89,3121,622900
2014.07.30,12.97,13.01,12.75,12.92,2860,564600
2014.07.31,12.8,13.06,12.8,13.02,5419,967300
2014.08.01,12.93,13.08,12.74,12.96,5508,898300
2014.08.04,13.02,13.07,12.79,12.96,2771,847600
2014.08.05,12.93,13.12,12.81,13.07,4598,1277200
2014.08.06,13,13.54,13,13.54,6755,1775300
2014.08.07,13.56,13.56,13.32,13.38,4763,1175400
2014.08.08,13.3,13.41,13.13,13.14,7298,1546000
2014.08.11,13.13,13.34,13.1,13.27,2671,450500
2014.08.12,13.24,13.46,13.11,13.4,3976,968200
2014.08.13,13.47,13.83,13.43,13.73,7896,1571200
2014.08.14,13.73,13.87,13.65,13.87,4520,1084400
2014.08.15,13.92,14.1,13.77,13.96,4937,1306200
2014.08.18,14.07,14.21,13.97,14.1,3736,887900
2014.08.19,14.1,14.24,13.99,14.24,4884,1090900
2014.08.20,14.25,14.47,14,14.21,5555,1449000
2014.08.21,14.24,14.3,13.96,14.1,5162,863900
2014.08.22,13.97,14.24,13.84,14.05,6150,1204800
2014.08.25,14.19,14.34,14.12,14.24,5085,774900
2014.08.26,14.24,14.37,14.08,14.23,4420,754700
2014.08.27,14.33,14.37,14.07,14.34,6044,1086400
2014.08.28,14.34,14.45,14.2,14.24,4549,880000
2014.08.29,14.34,14.34,14.01,14.15,5576,2203500
2014.09.01,14.3,14.47,14.21,14.34,3069,630800
2014.09.02,14.43,14.83,14.31,14.57,7115,1638700
2014.09.03,14.71,14.73,14.25,14.55,8498,2121300
2014.09.04,14.38,14.74,14.34,14.66,6119,1102000
2014.09.05,14.74,14.74,14.42,14.43,3091,718000
2014.09.08,14.6,14.6,14.11,14.2,8870,1312300
2014.09.09,14.05,14.1,13.67,13.9,4415,992100
2014.09.10,13.76,13.87,13.58,13.86,4893,921100
2014.09.11,14,14.12,13.79,13.92,3610,663300
2014.09.12,13.76,14.21,13.55,14.01,5055,1342400
2014.09.15,14.01,14.37,13.95,14.37,3734,864400
2014.09.16,14.49,15.02,14.49,14.65,6632,1278100
2014.09.17,14.65,14.98,14.64,14.69,5285,1024300
2014.09.18,14.68,15.25,14.59,15.03,7251,1385300
2014.09.19,15.08,15.3,14.88,14.98,4757,1086600
2014.09.22,14.89,14.99,14.61,14.93,3987,692800
2014.09.23,14.76,15.05,14.69,15.02,3375,726700
2014.09.24,14.87,15.07,14.68,15.03,5910,1154900
2014.09.25,14.96,15.11,14.85,14.96,5150,1202000
2014.09.26,14.83,14.99,14.77,14.97,3522,812700
2014.09.29,14.58,15.08,14.48,15.03,9107,1942100
2014.09.30,14.93,15.03,14.67,15.03,5958,1484600
2014.10.01,14.85,15.45,14.79,15.27,10575,2148500
2014.10.02,15.27,15.65,15.19,15.48,7906,1557000
2014.10.03,15.54,15.59,15.36,15.44,5106,949600
2014.10.06,15.58,15.76,15.47,15.64,11808,1928700
2014.10.07,15.68,15.88,15.37,15.54,6281,1179100
2014.10.08,15.72,15.77,15.23,15.42,5893,1374400
2014.10.09,15.53,15.76,15.01,15.17,6850,1318300
2014.10.10,15.11,15.21,14.77,14.9,6765,1158400
2014.10.13,15.19,15.46,14.72,15.1,9538,2011400
2014.10.14,15.18,15.46,14.95,15.29,4645,1086200
2014.10.15,15.17,15.39,14.76,15.24,8649,1564700
2014.10.16,14.94,15.16,14.81,15.09,9780,2004100
2014.10.17,15.08,15.74,14.93,15.52,9848,2375100
2014.10.20,15.52,16.13,15.26,15.86,8389,2084700
2014.10.21,15.71,16.12,15.45,15.91,11960,1923800
2014.10.22,15.88,16.14,15.5,15.78,6206,1586800
2014.10.23,15.68,16.66,15.5,16.31,12427,2765600
2014.10.24,16.2,16.6,15.95,16.37,10783,2205300
2014.10.27,16.13,16.96,15.84,16.51,21735,3526500
2014.10.28,16.43,16.84,16.24,16.61,8576,1654200
2014.10.29,16.52,16.58,16.13,16.33,7632,1788600
2014.10.30,16.41,16.41,15.71,16.14,8721,1985500
2014.10.31,16.23,16.96,16.21,16.82,8999,2036000
2014.11.03,16.85,17.02,16.54,16.93,4596,1218000
2014.11.04,16.92,17.69,16.92,17.35,9573,2074300
2014.11.05,17.23,17.56,16.8,17.32,5873,1043100
2014.11.06,17.62,17.93,16.9,17.16,8009,2001800
2014.11.07,17.41,17.65,17.17,17.58,6766,1734800
2014.11.10,17.48,17.61,17.22,17.35,3335,896900
2014.11.11,17.23,17.58,17.09,17.3,2925,596500
2014.11.12,17.3,17.78,17.27,17.54,4232,1079000
2014.11.13,17.66,17.94,17.49,17.87,7983,1920100
2014.11.14,17.87,17.97,17.55,17.69,5873,1437700
2014.11.17,17.7,17.81,17.32,17.48,3423,811900
2014.11.18,17.53,18.19,17.51,17.96,11073,2149100
2014.11.19,17.95,18.13,17.82,17.94,7536,1920800
2014.11.21,17.84,18.25,17.48,18.05,14783,2530600
2014.11.24,18.41,18.52,17.5,17.78,9168,1914900
2014.11.25,17.91,18.16,17.61,17.63,7855,1986400
2014.11.26,17.65,18.07,17.35,17.44,5642,1569200
2014.11.27,17.56,17.77,17.35,17.61,2913,867100
2014.11.28,17.5,18.02,17.5,17.86,5172,1590300
2014.12.01,17.71,17.87,17.44,17.81,8186,2856300
2014.12.02,17.81,17.95,17.59,17.77,5640,1267300
2014.12.03,17.81,18.06,17.62,17.88,3420,803100
2014.12.04,17.88,18.06,17.64,17.87,4750,874400
2014.12.05,17.78,18.04,17.69,17.91,3911,1000400
2014.12.08,17.87,18.09,17.49,17.58,5593,1509100
2014.12.09,17.4,17.54,17.18,17.35,5979,1620400
2014.12.10,17.35,17.54,17,17.1,5908,1388200
2014.12.11,17.04,17.23,16.76,16.87,5990,2204600
2014.12.12,16.76,16.79,15.94,16.2,9884,3086600
2014.12.15,16.26,16.26,15.37,15.73,9584,2450100
2014.12.16,15.54,16.08,15.36,15.9,11233,2765000
2014.12.17,15.9,16.08,15.5,15.85,14490,2584900
2014.12.18,15.94,16.07,15.54,15.58,4360,850500
2014.12.19,15.57,15.78,15.37,15.78,7445,1720200
2014.12.22,15.84,16.2,15.59,16.12,4667,978900
2014.12.23,16.01,16.52,15.95,16.41,4688,1064300
2014.12.26,16.33,16.59,16.14,16.16,2662,968500
2014.12.29,16.16,16.7,15.9,16.38,3943,775800
2014.12.30,16.31,16.74,16.06,16.24,3562,878300
2015.01.02,16.13,16.39,15.92,16.15,6670,1825200
2015.01.05,15.88,15.96,15.18,15.18,6348,2150700
2015.01.06,15.26,15.3,14.82,14.86,4154,1136800
2015.01.07,14.89,15.05,14.52,14.85,8492,1383300
2015.01.08,14.94,15.09,14.51,14.88,4767,1098400
2015.01.09,14.75,14.94,14.45,14.56,5469,1866500
2015.01.12,14.59,14.84,14.47,14.84,5155,1125100
2015.01.13,14.79,15.11,14.59,14.68,9361,2013800
2015.01.14,14.58,14.58,13.78,13.8,8485,1733300
2015.01.15,13.89,14.43,13.88,13.89,8304,2038100
2015.01.16,14.07,14.31,13.92,14.15,5926,1155000
2015.01.19,14.01,14.03,12.99,13.06,5228,1228000
2015.01.20,13.21,13.33,12.05,12.2,12945,3887100
2015.01.21,12.29,12.37,11.86,12.17,10722,2938600
2015.01.22,12.28,12.59,11.91,11.95,13992,3757300
2015.01.23,12.06,12.06,11.24,11.25,6948,2004600
2015.01.26,11.13,11.48,10.63,11.4,7151,2325600
2015.01.27,11.39,11.59,10.92,11.35,7803,1681200
2015.01.28,11.23,11.29,10.74,11.05,6176,1872500
2015.01.29,11.14,11.67,10.98,11.49,6544,1675300
2015.01.30,11.37,11.73,11.19,11.55,8164,2071800
2015.02.02,11.77,12.04,11.59,11.93,8662,2596200
2015.02.03,12.02,12.2,11.9,12.13,7537,2669900
2015.02.04,12.16,12.41,11.75,11.78,7789,2146400
2015.02.05,11.6,12.05,11.24,11.6,5766,2498400
2015.02.06,11.62,11.98,11.38,11.96,9844,2876800
2015.02.09,11.78,11.81,11.51,11.6,9314,3962000
2015.02.10,11.55,11.79,11.42,11.63,6216,1345100
2015.02.11,11.44,11.74,11.26,11.51,7731,2627200
2015.02.12,11.66,12.16,11.64,11.8,7305,2098300
2015.02.13,12.12,12.15,11.71,11.78,3869,944400
2015.02.18,11.88,12.14,11.71,11.74,6346,1476000
2015.02.19,11.81,11.86,11.51,11.51,5273,1646100
2015.02.20,11.61,11.85,11.52,11.79,3195,940300
2015.02.23,11.74,11.83,11.55,11.68,4107,1525200
2015.02.24,11.77,11.86,11.55,11.59,3868,1004700
2015.02.25,11.37,11.89,11.35,11.82,5402,3187700
2015.02.26,11.96,12.43,11.91,12.34,9395,2511000
2015.02.27,12.43,12.51,11.77,11.88,10023,3288100
2015.03.02,11.86,11.86,11.52,11.64,6983,1544800
2015.03.03,11.64,11.74,11.23,11.29,7939,2261500
2015.03.04,11.18,11.39,11.04,11.37,10455,2648900
2015.03.05,11.4,11.89,11.38,11.89,5542,1388500
2015.03.06,11.88,12.28,11.7,12.24,8033,1565700
2015.03.09,12.23,12.84,12.12,12.84,7830,2253000
2015.03.10,12.75,13.31,12.64,12.76,10682,2513900
2015.03.11,11.04,11.23,10.13,10.23,21429,13115500
2015.03.12,10.36,10.36,9.48,9.6,23339,8609300
2015.03.13,9.46,10.24,9.34,10.16,17508,5433500
2015.03.16,10.29,10.48,10.16,10.23,8242,2613400
2015.03.17,10.07,10.48,10.07,10.3,10390,2731400
2015.03.18,10.41,10.82,10.23,10.79,11087,3771400
2015.03.19,10.77,11.23,10.48,10.93,19248,4047300
2015.03.20,11.13,11.24,10.86,11.24,7426,1866900
2015.03.23,11.25,11.61,11.25,11.57,8748,2318000
2015.03.24,11.51,11.64,11.07,11.25,6112,1555400
2015.03.25,11.35,11.58,11.24,11.54,5405,1699200
2015.03.26,11.43,11.43,10.77,10.8,6880,1833400
2015.03.27,10.7,10.7,10.19,10.48,9153,2158500
2015.03.30,10.58,10.59,10.19,10.35,4649,1640900
2015.03.31,10.32,10.53,10.12,10.21,6024,2548200
2015.04.01,10.27,10.44,10.22,10.22,7922,1869000
2015.04.02,10.35,11,10.28,10.92,8006,2981100
2015.04.06,11,11.39,11,11.23,4453,1121300
2015.04.07,11.23,11.55,11.17,11.29,3151,771400
2015.04.08,11.51,11.68,11.28,11.53,8686,1653200
2015.04.09,11.51,11.64,11.16,11.19,5569,1448800
2015.04.10,11.22,11.75,11.19,11.67,4828,3357000
2015.04.13,11.66,12,11.37,11.78,8511,2990600
2015.04.14,11.97,12.03,11.79,12.03,3583,1159500
2015.04.15,12.08,12.46,12.08,12.4,6211,1164400
2015.04.16,12.39,12.43,11.82,11.92,5079,1334100
2015.04.17,11.82,12.17,11.32,11.76,5154,1388700
2015.04.20,11.97,12.13,11.8,11.9,3644,891200
2015.04.22,11.96,12.16,11.84,12.05,4868,1002700
2015.04.23,12.02,12.44,12,12.33,4556,1057400
2015.04.24,12.35,12.65,12.16,12.4,6539,1785500
2015.04.27,12.45,12.48,11.91,11.92,5153,1159400
2015.04.28,12.16,12.42,11.76,12.35,6962,1807200
2015.04.29,12.19,12.64,12.04,12.31,4712,1248000
2015.04.30,12.3,12.6,12.2,12.6,5483,1561900
2015.05.04,12.6,14.1,12.55,14.04,10603,3130400
2015.05.05,13.93,14.35,13.41,13.41,6193,1796500
2015.05.06,13.48,14.05,13.21,13.58,7734,1791700
2015.05.07,13.45,13.84,13.2,13.6,5539,1265700
2015.05.08,13.76,15.02,13.76,14.84,9656,2563200
2015.05.11,14.7,15.25,14.15,14.26,8921,2310300
2015.05.12,14.19,15.14,14.17,14.59,10235,2807600
2015.05.13,14.86,15,14.4,14.97,5400,1422500
2015.05.14,15,15.53,14.76,14.88,8902,2611100
2015.05.15,14.94,15.17,14.52,14.6,5720,1330000
2015.05.18,14.7,14.75,14.02,14.21,7998,2102700
2015.05.19,14.26,14.54,14.06,14.39,5305,1147900
2015.05.20,14.18,14.6,13.86,14.24,8750,1905000
2015.05.21,13.92,14.15,13.59,13.9,5279,1469100
2015.05.22,13.9,14.2,13.18,13.25,10330,2745800
2015.05.25,13.21,13.77,12.95,13.46,3479,708200
2015.05.26,13.3,13.44,12.88,13.01,5763,1059000
2015.05.27,12.97,13.46,12.85,13.42,7012,1470500
2015.05.28,13.25,13.32,12.94,13.08,4217,928800
2015.05.29,12.92,13.28,12.7,12.97,7497,1695200
2015.06.01,12.92,13.15,12.78,12.82,3629,882900
2015.06.02,12.9,13.68,12.9,13.58,5928,1367900
2015.06.03,13.6,13.78,13.25,13.64,6599,1362000
2015.06.05,13.5,13.52,13.03,13.19,4153,1026400
2015.06.08,13.17,13.38,12.96,13.08,3114,790100
2015.06.09,13.09,13.68,13.01,13.51,5597,1361100
2015.06.10,13.76,14.25,13.71,13.87,5662,1385900
2015.06.11,13.87,14.25,13.87,14.1,5631,1362900
2015.06.12,13.9,14.23,13.8,14.09,4733,1134800
2015.06.15,14.08,14.25,13.8,14.19,5515,1163100
2015.06.16,14.19,14.32,13.8,14.09,8785,2351900
2015.06.17,14.05,14.16,13.48,13.52,7683,1905300
2015.06.18,13.59,13.92,13.43,13.84,4576,1079400
2015.06.19,13.47,13.52,12.4,12.4,9137,4255000
2015.06.22,12.4,12.7,11.58,12.45,11514,4232400
2015.06.23,12.65,13,12.6,12.85,7023,2071500
2015.06.24,12.7,13.3,12.6,13.13,9009,3201000
2015.06.25,13.19,13.19,12.89,13.15,7459,1927200
2015.06.26,13.13,13.92,13.13,13.74,10559,2574000
2015.06.29,13.55,13.84,13.26,13.45,6743,1319900
2015.06.30,13.3,13.72,13.27,13.62,7924,1471600
2015.07.01,13.63,13.68,12.91,12.98,6480,2019600
2015.07.02,13.08,13.26,12.76,12.85,4158,1001000
2015.07.03,12.84,12.86,12.4,12.43,3131,777200
2015.07.06,12.3,13.07,12.26,12.83,3843,1078900
2015.07.07,12.75,12.92,12.33,12.84,6242,1333500
2015.07.08,12.7,13.18,12.62,13.14,5589,1337600
2015.07.10,13.3,13.53,13.11,13.3,6890,1617800
2015.07.13,13.3,13.39,12.82,12.9,4324,1121500
2015.07.14,12.79,13.2,12.57,13.05,4357,984400
2015.07.15,12.91,13.32,12.91,13.18,5032,1579700
2015.07.16,13.22,13.35,12.96,13.2,4704,1022300
2015.07.17,13.24,13.29,12.84,12.93,5293,1667700
2015.07.20,12.8,12.88,12.26,12.26,4733,1138300
2015.07.21,12.33,12.56,12.1,12.33,6080,1423800
2015.07.22,12.19,12.68,12.12,12.56,7707,1423900
2015.07.23,12.5,13.13,12.5,12.57,7762,1663000
2015.07.24,12.57,12.75,11.94,12.05,8055,1774300
2015.07.27,11.6,11.6,10.82,10.83,9370,3325600
2015.07.28,10.8,12.2,10.77,12.18,10473,3111800
2015.07.29,11.97,12.3,11.62,11.72,8160,2119600
2015.07.30,11.75,12.1,11.28,11.38,7460,1561700
2015.07.31,11.35,12.74,11.35,12.54,7600,2165200
2015.08.03,12.41,12.69,11.43,11.56,7302,2163000
2015.08.04,11.56,12.07,11.56,11.95,7183,1869300
2015.08.05,11.94,12.71,11.94,12.67,8877,2286200
2015.08.06,13.22,13.7,13.08,13.5,12943,3973400
2015.08.07,13.63,13.94,13,13.08,13392,2917100
2015.08.10,13.05,13.85,12.95,13.4,8696,2116200
2015.08.11,13.4,13.59,13,13.39,6353,1609200
2015.08.12,13.31,13.85,13.22,13.73,7200,1777800
2015.08.13,13.74,14.06,13.47,13.48,6879,1554200
2015.08.14,13.55,13.72,13.27,13.56,5493,1413600
2015.08.17,13.51,13.89,13.39,13.5,4879,1265400
2015.08.18,13.37,13.5,12.81,12.9,8265,2445400
2015.08.19,12.85,12.97,12.54,12.92,7546,1945800
2015.08.20,12.79,13.28,12.55,13.21,6532,1767500
2015.08.21,13.02,13.17,12.66,12.71,5834,1241900
2015.08.24,12.05,12.64,11.64,12.31,8285,1916500
2015.08.25,12.51,12.85,12.26,12.45,6018,1335700
2015.08.26,12.4,13,12.4,12.9,6110,1722500
2015.08.27,13.19,13.88,12.82,13.77,9349,2144900
2015.08.28,13.48,13.99,13.4,13.42,9082,2167600
2015.08.31,12.84,14.42,12.78,14.07,10012,3596600
2015.09.01,13.67,14.79,13.65,14.6,19258,5091900
2015.09.02,14.76,14.9,14.2,14.71,12504,4128500
2015.09.03,14.94,15.23,14.55,14.86,10907,2533900
2015.09.04,14.55,15.63,14.42,15.51,12186,3276000
2015.09.08,15.71,15.8,15.13,15.23,8659,3392400
2015.09.09,15.49,15.84,15.15,15.41,11255,2455700
2015.09.10,15.05,15.83,15.05,15.69,11519,4403900
2015.09.11,15.78,15.85,15.14,15.25,6671,1663100
2015.09.14,15.42,15.62,14.91,15.55,6808,1469800
2015.09.15,15.39,15.5,15.06,15.25,7598,2111700
2015.09.16,15.39,16.03,15.26,15.96,7190,1799800
2015.09.17,15.7,16.06,15.35,15.4,10397,2814400
2015.09.18,15.18,16.06,14.76,15.42,9938,2949400
2015.09.21,15.42,16.25,15.24,15.71,6420,1499000
2015.09.22,15.44,15.97,15.38,15.71,6368,1482200
2015.09.23,15.68,16.57,15.47,16.31,10249,2227100
2015.09.24,16.19,16.51,16.04,16.24,11058,2486900
2015.09.25,16.49,16.95,16.16,16.8,7715,1808800
2015.09.28,16.79,16.79,16.05,16.31,5825,1412400
2015.09.29,16.21,16.52,16.14,16.23,5353,1336300
2015.09.30,16.5,16.94,16.26,16.67,12749,3276000
2015.10.01,16.87,17.57,16.7,17.45,15578,3264900
2015.10.02,17.5,18.16,17.25,17.99,11375,2806600
2015.10.05,18.29,18.29,17.55,18.07,8718,2171600
2015.10.06,17.99,19,17.81,18.93,11406,3022600
2015.10.07,18.99,19.47,18.57,18.94,11359,2634600
2015.10.08,18.77,19.36,18.74,19.05,7152,1606600
2015.10.09,19.13,19.13,18.31,18.95,11073,2621700
2015.10.13,18.72,18.99,18.46,18.85,7780,1726200
2015.10.14,18.67,19.25,18.67,18.92,18621,3815800
2015.10.15,18.89,19.17,18.15,18.68,8682,1834000
2015.10.16,18.68,20.26,18.52,19.81,12440,2979900
2015.10.19,19.81,21.09,19.67,20.84,14560,3592800
2015.10.20,20.9,20.9,19.88,20.37,17948,3883700
2015.10.21,20.3,20.63,19.91,20.42,12249,2810600
2015.10.22,20.52,21.03,20.41,20.72,12219,2367000
2015.10.23,21,21.02,20.46,20.64,9842,1889200
2015.10.26,20.52,21.3,20.45,21.2,9428,2220700
2015.10.27,21.19,21.71,21.11,21.71,10936,2118000
2015.10.28,21.71,22.19,21.25,21.46,11036,2727400
2015.10.29,21.25,21.75,20.93,21.19,10564,2401800
2015.10.30,21.26,22.1,21.19,21.78,14761,3904500
2015.11.03,21.74,21.89,21.2,21.49,14241,2904800
2015.11.04,21.66,22.01,21.43,21.66,12704,2119300
2015.11.05,21.7,22.17,21.6,21.81,10097,2188400
2015.11.06,21.82,22.57,21.54,22.25,10340,2047800
2015.11.09,22.26,23.05,22.14,22.32,8616,2158500
2015.11.10,22.48,22.5,21.74,22.14,12946,2516600
2015.11.11,22.01,23.64,22.01,23.61,12885,3309000
2015.11.12,23.64,23.93,22.87,23.43,8080,1626100
