2010.01.04,19.51,19.69,19.5,19.6,2414,1587200
2010.01.05,19.54,20.02,19.54,19.77,5785,2689700
2010.01.06,19.73,19.96,19.59,19.8,4517,2462800
2010.01.07,19.76,19.81,19.5,19.59,4174,2567000
2010.01.08,19.83,20.24,19.61,20.02,5383,4008200
2010.01.11,20.32,20.47,20.3,20.42,3648,2255500
2010.01.12,20.21,20.22,19.83,20.04,6373,2118400
2010.01.13,20.24,20.58,20.15,20.4,4486,3042800
2010.01.14,20.49,20.71,20.42,20.56,3222,1941100
2010.01.15,20.14,20.53,19.96,20.13,2618,1829300
2010.01.18,20.06,20.33,20,20.21,1313,902100
2010.01.19,19.97,20.49,19.97,20.42,1888,1047700
2010.01.20,20.14,20.26,19.57,19.94,3571,1949600
2010.01.21,19.96,20.03,19,19.06,4699,2740000
2010.01.22,18.9,19.19,18.6,18.67,5411,3453100
2010.01.26,18.41,18.89,18.13,18.77,3913,2236300
2010.01.27,18.78,18.96,18.32,18.4,3704,1951700
2010.01.28,18.78,19.08,18.52,18.92,2672,2021100
2010.01.29,19.07,19.41,19,19.17,3103,2478500
2010.02.01,19.35,19.83,19.17,19.61,3073,2032600
2010.02.02,19.76,19.92,19.48,19.91,2784,1480300
2010.02.03,19.83,19.97,19.42,19.87,2805,2040400
2010.02.04,19.64,19.83,19.03,19.04,2945,2179400
2010.02.05,18.82,19.22,18.38,18.92,4830,2919200
2010.02.08,18.92,19.19,18.74,18.96,3718,1607900
2010.02.09,19.17,19.64,19.14,19.46,4959,2186900
2010.02.10,19.75,19.9,19.47,19.64,4507,3033400
2010.02.11,19.7,20.32,19.61,20.21,5896,3305500
2010.02.12,20.01,20.14,19.57,20.14,4440,2166900
2010.02.17,20.22,20.63,20.21,20.57,4160,1748900
2010.02.18,20.48,20.78,20.18,20.78,3601,1747000
2010.02.19,20.56,20.72,20.45,20.63,2698,1219600
2010.02.22,20.71,20.72,20.15,20.28,3343,1977100
2010.02.23,20.21,20.4,19.83,20.01,5222,2320700
2010.02.24,20.08,20.21,19.74,19.82,3463,1699600
2010.02.25,19.57,20.26,19.51,20.21,4255,2396400
2010.02.26,20.56,20.74,20.42,20.62,5367,4577600
2010.03.01,20.85,21.04,20.56,20.95,3516,1661000
2010.03.02,21.07,21.29,20.95,21.02,3735,2495100
2010.03.03,21.02,21.48,20.93,21.1,5437,2593200
2010.03.04,21.15,21.31,20.77,21.11,4608,2715900
2010.03.05,21.31,21.81,21.29,21.72,5794,2903000
2010.03.08,21.84,22.38,21.81,22.28,7427,3947300
2010.03.09,22.28,23.63,22.14,23.14,9501,5933200
2010.03.10,23.69,23.69,23.07,23.55,6373,3626600
2010.03.11,23.39,23.88,23.31,23.76,4487,2722700
2010.03.12,23.88,23.94,23.57,23.74,5065,2725400
2010.03.15,23.56,23.68,23.35,23.63,3702,1409600
2010.03.16,23.72,24.01,23.59,23.9,3837,2474000
2010.03.17,24.04,24.13,23.29,23.49,4264,2370100
2010.03.18,23.65,23.65,22.85,23.28,6184,2397700
2010.03.19,23.53,23.53,22.92,23.05,3430,2021900
2010.03.22,22.87,23.19,22.72,23.05,2713,1263700
2010.03.23,23.48,24.04,23.32,24.02,5391,2704300
2010.03.24,23.82,24.26,23.73,24.26,4262,2282100
2010.03.25,24.24,24.48,23.76,23.88,3996,2050700
2010.03.26,24.14,24.37,23.86,24.26,5190,3597600
2010.03.29,24.39,25.08,24.36,25.08,5202,4637900
2010.03.30,25.21,25.61,24.64,24.9,7162,4809200
2010.03.31,24.67,24.9,24.55,24.87,4728,3230600
2010.04.01,25.17,25.54,25.17,25.54,4593,3223400
2010.04.05,25.61,25.78,25.31,25.5,5635,3801800
2010.04.06,25.02,25.57,24.92,24.96,8448,3729500
2010.04.07,25.08,25.16,24.23,24.48,8135,4002200
2010.04.08,24.27,24.92,24.16,24.91,6033,4425300
2010.04.09,25.01,25.15,24.7,25.01,4587,2821700
2010.04.12,24.92,25.08,24.53,24.74,4292,2042300
2010.04.13,24.9,25.09,24.5,24.96,4327,2267300
2010.04.14,25.07,25.38,24.69,24.9,5615,2854300
2010.04.15,24.75,24.85,24.41,24.47,4381,2710000
2010.04.16,24.39,24.59,23.66,23.92,7175,4174200
2010.04.19,23.66,23.86,23.22,23.39,6264,4035300
2010.04.20,23.69,23.76,23.13,23.32,7440,3282800
2010.04.22,23.11,23.62,22.81,23.49,7246,4473300
2010.04.23,23.43,23.7,23.24,23.69,5470,3314500
2010.04.26,23.83,23.94,23.49,23.56,3403,2393700
2010.04.27,23.35,23.35,22.56,22.71,6755,4335600
2010.04.28,22.94,22.98,22.32,22.45,5512,3503300
2010.04.29,22.87,23.08,22.61,22.88,5172,3168100
2010.04.30,22.85,23.17,22.03,22.5,7634,5538900
2010.05.03,22.57,22.64,21.96,22.13,7265,4929000
2010.05.04,21.74,21.88,20.88,21.03,12900,9069400
2010.05.05,20.79,21.68,20.32,21.02,10183,6346100
2010.05.06,20.96,21.55,19.34,20.78,9132,5957600
2010.05.07,20.95,21.09,20.09,20.5,10491,5901700
2010.05.10,21.59,21.92,21.3,21.46,7470,5497900
2010.05.11,21.21,21.69,21.09,21.17,4976,3866500
2010.05.12,21.27,21.5,21.09,21.15,4744,3674200
2010.05.13,21.25,21.32,20.74,20.84,3635,2626500
2010.05.14,20.67,20.8,20.02,20.23,6454,3950900
2010.05.17,20.17,20.18,19.28,19.5,8133,5069800
2010.05.18,19.79,19.88,18.75,18.79,7419,5880200
2010.05.19,18.57,18.75,18.17,18.71,10287,5822100
2010.05.20,18.36,18.47,17.81,17.97,13074,7558900
2010.05.21,17.99,19.07,17.86,19.07,8468,6004600
2010.05.24,19.07,19.32,18.77,18.77,4987,4165500
2010.05.25,17.98,18.75,17.91,18.71,5681,4277800
2010.05.26,19,19.25,18.75,18.75,6999,3982600
2010.05.27,19.25,19.87,19.19,19.76,5026,4201900
2010.05.28,19.81,20.05,19.51,19.76,5925,4887600
2010.05.31,20.05,20.22,19.67,20.09,2881,2254700
2010.06.01,19.81,19.92,19.4,19.54,5297,3516800
2010.06.02,19.49,20.01,19.49,19.81,3798,2276400
2010.06.04,19.5,19.54,18.82,18.83,7240,3857900
2010.06.07,18.97,19.03,18.2,18.43,6858,3639500
2010.06.08,18.54,18.7,18.22,18.52,4991,3002600
2010.06.09,18.71,19.02,18.45,18.52,4969,2611800
2010.06.10,18.7,19.49,18.7,19.33,4338,2838800
2010.06.11,19.25,19.78,19.13,19.64,3736,2950700
2010.06.14,19.88,20.11,19.56,19.64,3841,3019700
2010.06.15,19.76,19.87,19.58,19.75,3885,2337500
2010.06.16,19.64,19.98,19.59,19.8,5235,3148200
2010.06.17,19.83,20.01,19.32,19.54,4290,3952900
2010.06.18,19.58,19.59,19.16,19.34,3705,2879900
2010.06.21,19.84,20.01,19.6,19.6,6502,3194200
2010.06.22,19.6,20.07,19.6,19.75,4544,2669100
2010.06.23,19.9,19.98,19.51,19.94,4903,2562700
2010.06.24,19.87,20.38,19.6,19.95,9930,7029000
2010.06.25,19.97,20.19,19.72,20.09,4993,2949900
2010.06.28,20.14,20.43,20.02,20.06,5169,3413800
2010.06.29,19.8,19.81,18.79,19.07,7652,5014000
2010.06.30,19.15,19.57,18.93,18.93,8031,7108400
2010.07.01,18.95,19.39,18.65,19.22,6951,3929500
2010.07.02,19.36,19.48,19.05,19.26,4282,2055000
2010.07.05,19.37,19.44,19.14,19.26,2133,1071700
2010.07.06,19.75,20,19.36,19.55,3700,3268900
2010.07.07,19.59,20.07,19.41,19.96,4529,2629200
2010.07.08,20.05,20.18,19.74,20.05,4977,3091400
2010.07.12,20.08,20.26,19.56,19.73,6060,3004100
2010.07.13,19.93,20.05,19.61,19.69,7156,4188300
2010.07.14,19.61,19.72,19.14,19.4,6392,3529700
2010.07.15,19.4,19.4,18.69,18.87,6774,5293300
2010.07.16,18.95,18.95,18.52,18.61,5081,3416000
2010.07.19,18.62,19.02,18.62,18.89,4450,3018800
2010.07.20,18.71,19.92,18.67,19.89,8929,5600700
2010.07.21,20.12,20.34,19.91,20.1,7303,4891500
2010.07.22,20.45,21.03,20.45,20.85,8364,5727900
2010.07.23,20.85,21.28,20.51,21.28,6274,3917800
2010.07.26,21.17,21.54,21.14,21.34,5246,2872700
2010.07.27,21.5,21.55,20.88,20.98,7206,4811200
2010.07.28,20.88,21.37,20.78,21.16,5561,3173500
2010.07.29,21.31,21.52,21.13,21.34,9183,4872100
2010.07.30,21.15,21.31,20.63,21.04,9325,5145900
2010.08.02,21.28,21.6,21.28,21.46,7255,3753400
2010.08.03,21.41,21.84,21.18,21.65,6044,3719400
2010.08.04,21.68,22.08,21.68,21.82,4274,2251900
2010.08.05,21.93,21.98,21.5,21.93,4953,2749900
2010.08.06,21.6,21.91,21.5,21.88,3572,1841100
2010.08.09,21.98,22.08,21.56,21.73,3003,1825000
2010.08.10,21.46,21.75,21.11,21.75,4381,3047600
2010.08.11,21.38,21.52,20.82,20.92,7321,4577100
2010.08.12,20.92,21.21,20.71,20.93,4370,2351800
2010.08.13,20.98,21.24,20.71,20.71,5228,4771700
2010.08.16,20.58,21.07,20.42,20.95,3919,2241600
2010.08.17,21.09,21.29,20.93,20.93,3830,2682300
2010.08.18,20.97,20.97,20.46,20.77,6699,4567700
2010.08.19,20.73,20.98,20.55,20.69,4881,2876700
2010.08.20,20.53,20.66,20.16,20.42,5250,3286100
2010.08.23,20.58,20.74,20.01,20.12,4037,2554100
2010.08.24,19.84,20.14,19.69,20.05,6478,3142000
2010.08.25,19.81,20.34,19.51,19.6,8380,4745100
2010.08.26,19.8,19.81,19.31,19.36,6036,3307000
2010.08.27,19.59,19.76,19.31,19.61,4033,2065100
2010.08.30,19.51,19.61,19.33,19.43,2531,1558500
2010.08.31,19.4,19.64,19.19,19.36,3875,2669800
2010.09.01,19.64,20.26,19.57,20.24,5499,3351200
2010.09.02,20.24,20.32,20,20.19,3842,2231800
2010.09.03,20.55,20.72,20.01,20.13,4274,2972900
2010.09.06,20.24,20.24,19.88,20.04,1520,756400
2010.09.08,19.84,20.36,19.74,20.25,5211,2699100
2010.09.09,20.32,20.46,20.12,20.14,2081,1141200
2010.09.10,20.27,20.27,19.82,20.01,2506,2401100
2010.09.13,20.33,20.63,20.1,20.39,4443,3555900
2010.09.14,20.42,20.58,20.14,20.56,7504,3024200
2010.09.15,20.44,20.56,20.17,20.44,5049,2814000
2010.09.16,20.41,20.47,20.24,20.41,3128,1496700
2010.09.17,20.22,20.44,19.97,20.08,3047,1968800
2010.09.20,20.01,20.32,20.01,20.17,2789,1556400
2010.09.21,20.19,20.42,20.01,20.16,4007,1959400
2010.09.22,20.14,20.5,20.05,20.33,6446,2739600
2010.09.23,20.3,20.58,20.05,20.28,7121,4124200
2010.09.24,20.28,20.72,20.08,20.31,5841,3395500
2010.09.27,20.29,20.85,20.13,20.75,4895,2896200
2010.09.28,20.89,21.42,20.63,21.28,6757,4008900
2010.09.29,21.26,21.41,20.94,21.12,4103,3037200
2010.09.30,21.24,21.29,20.82,21.11,4729,2934300
2010.10.01,21.11,21.28,20.85,21.27,5073,2824000
2010.10.04,21.21,21.34,20.97,21.19,2928,1774000
2010.10.05,21.24,21.29,20.67,20.79,9436,5012200
2010.10.06,20.79,20.96,20.42,20.6,6369,3525400
2010.10.07,20.68,20.74,20.07,20.46,3606,2398100
2010.10.08,20.5,20.87,20.32,20.78,5651,3363000
2010.10.11,20.89,21.04,20.42,20.85,3595,1693300
2010.10.13,20.94,21.11,20.67,20.74,6357,2711300
2010.10.14,20.61,20.75,20.46,20.55,4269,2677400
2010.10.15,20.65,20.85,20.44,20.71,3313,1810700
2010.10.18,20.53,20.93,20.53,20.77,3203,1961400
2010.10.19,20.42,20.67,20.14,20.38,3895,2228200
2010.10.20,20.44,20.51,19.73,19.94,6408,3488200
2010.10.21,19.99,20.32,19.6,20.09,4388,2877200
2010.10.22,20.74,20.74,20.2,20.42,5301,4969600
2010.10.25,20.53,20.71,20.37,20.37,3931,3070000
2010.10.26,20.21,20.21,19.89,20.03,4344,3467300
2010.10.27,19.88,20.31,19.79,19.99,5534,2697100
2010.10.28,20.39,20.55,20.09,20.42,5135,4489600
2010.10.29,20.14,20.5,20.07,20.33,7371,4245200
2010.11.01,20.28,20.53,20.28,20.3,3300,1351800
2010.11.03,20.67,20.96,20.55,20.88,4808,3554700
2010.11.04,21.21,21.68,21.17,21.52,7530,4285100
2010.11.05,21.46,21.6,21.17,21.35,4245,2312600
2010.11.08,21.17,21.63,21.17,21.41,2934,2212500
2010.11.09,21.38,21.59,21.08,21.21,3217,2419100
2010.11.10,21.07,21.36,20.85,21.18,3726,1550800
2010.11.11,20.97,21.27,20.88,21.05,4316,2562000
2010.11.12,20.85,20.97,20.56,20.85,2189,1512300
2010.11.16,20.63,20.63,20.11,20.31,4876,2473400
2010.11.17,20.24,20.47,20.01,20.31,3144,2854100
2010.11.18,21.25,21.25,20.44,20.58,4507,2272900
2010.11.19,20.46,20.67,20.32,20.54,4684,2003900
2010.11.22,20.33,20.45,20.01,20.21,4291,2477600
2010.11.23,19.92,20.08,19.6,19.61,6176,2964000
2010.11.24,19.81,20.06,19.67,20.06,2923,2309400
2010.11.25,20.06,20.06,19.75,19.91,1426,911000
2010.11.26,19.59,19.75,19.37,19.49,4604,2473700
2010.11.29,19.37,19.51,19.06,19.32,4237,2541900
2010.11.30,19.28,19.28,18.8,18.8,6590,5070100
2010.12.01,19.13,19.49,19.12,19.15,4491,3115100
2010.12.02,19.34,19.56,18.97,19.45,6092,3154900
2010.12.03,19.53,19.56,19.22,19.32,6248,2854700
2010.12.06,19.37,19.83,19.37,19.74,3717,2488400
2010.12.07,19.88,20.29,19.75,19.82,5012,3219500
2010.12.08,19.82,19.83,19.32,19.52,5177,1991000
2010.12.09,19.55,19.75,19.46,19.64,4836,1944500
2010.12.10,19.68,19.84,19.48,19.79,3523,2181300
2010.12.13,19.93,20.58,19.88,20.58,5227,3400400
2010.12.14,20.41,20.53,20.25,20.38,4979,2423100
2010.12.15,20.28,20.32,19.63,19.69,6913,3356800
2010.12.16,19.63,20.01,19.49,19.65,3888,1733600
2010.12.17,19.54,19.84,19.34,19.59,3407,2244800
2010.12.20,19.73,19.73,19.15,19.15,5234,3470500
2010.12.21,19.37,19.81,19.22,19.51,3984,1729100
2010.12.22,19.57,19.58,19.19,19.38,3527,2266400
2010.12.23,19.38,19.51,19.16,19.42,3645,1733800
2010.12.27,19.22,19.6,19.15,19.25,2595,1710100
2010.12.28,19.26,19.44,18.92,19.1,3182,1960100
2010.12.29,19.22,19.33,19.07,19.19,3971,1697400
2010.12.30,19.24,19.38,19.13,19.19,3958,2550000
2011.01.03,19.45,19.84,19.45,19.64,3242,2411700
2011.01.04,19.73,20.32,19.73,20.19,7975,4675000
2011.01.05,20.02,20.88,20.02,20.71,7612,5889200
2011.01.06,20.74,21.07,20.45,20.78,10003,6174400
2011.01.07,20.68,20.98,20.6,20.92,6945,3736100
2011.01.10,20.78,21.01,20.72,20.89,4882,2737000
2011.01.11,21.03,21.33,20.91,21.28,7108,4033700
2011.01.12,21.49,21.72,21.35,21.72,5992,4256500
2011.01.13,21.74,21.83,21.31,21.38,5017,2858800
2011.01.14,21.3,21.52,21.05,21.5,2733,1885100
2011.01.17,21.38,21.51,21.1,21.27,2833,1323100
2011.01.18,21.38,21.47,21.07,21.11,5168,2536000
2011.01.19,21.12,21.31,20.56,20.72,4511,3456100
2011.01.20,20.56,20.93,20.18,20.82,7623,3728400
2011.01.21,20.87,21.09,20.53,20.64,3218,1928400
2011.01.24,20.63,20.95,20.41,20.72,2861,1149300
2011.01.26,20.84,21.04,20.58,20.76,7177,3245900
2011.01.27,20.75,21.04,20.3,20.42,5416,2655900
2011.01.28,20.42,20.51,19.45,19.96,5434,3339400
2011.01.31,19.88,20.31,19.83,19.95,5181,2613800
2011.02.01,20.12,20.79,20.12,20.41,4752,2625100
2011.02.02,20.24,20.55,19.98,20.09,3936,2050200
2011.02.03,19.95,20.58,19.88,20.53,4308,2461200
2011.02.04,20.38,20.79,19.9,20.12,4863,2746500
2011.02.07,20.33,20.41,19.99,20.18,2100,1183300
2011.02.08,20.05,20.71,20.05,20.45,5247,3276700
2011.02.09,20.31,20.52,19.51,19.64,6399,3763900
2011.02.10,19.64,19.84,19.35,19.43,5364,2447500
2011.02.11,19.51,19.72,19.22,19.48,6898,3196700
2011.02.14,19.51,19.88,19.35,19.6,4891,2500100
2011.02.15,19.46,19.78,19.35,19.63,4947,2457200
2011.02.16,19.73,20.27,19.64,20.13,5885,2931100
2011.02.17,20.22,20.22,19.63,19.73,5791,3206600
2011.02.18,19.65,19.95,19.64,19.9,6255,2451400
2011.02.21,19.89,19.89,19.26,19.49,3627,1798300
2011.02.22,19.31,19.99,19.22,19.48,8134,5291700
2011.02.23,19.48,19.54,19.08,19.37,6370,3089400
2011.02.24,19.33,19.49,19.01,19.22,7064,2956700
2011.02.25,19.44,19.61,19.04,19.07,4821,2303500
2011.02.28,19.38,19.44,19.04,19.19,4761,2783400
2011.03.01,19.31,19.39,18.79,18.9,4910,2475600
2011.03.02,18.78,19.17,18.72,18.92,5279,3682500
2011.03.03,19.07,19.46,19.05,19.31,7888,4842900
2011.03.04,19.36,19.58,19.07,19.34,5861,3019900
2011.03.09,18.92,19.3,18.8,19.05,4673,2270900
2011.03.10,18.94,18.94,18.41,18.56,5912,3194800
2011.03.11,18.53,18.75,18.32,18.57,7297,3330100
2011.03.14,18.52,19.12,18.35,19.01,4899,4310300
2011.03.15,18.37,19.09,18.37,19.07,6611,3304500
2011.03.16,19.19,19.33,18.25,18.4,12233,5273800
2011.03.17,18.57,18.78,18.23,18.38,6361,3057300
2011.03.18,18.53,18.83,18.32,18.7,6581,3340700
2011.03.21,18.92,19,18.52,18.59,4550,2389900
2011.03.22,18.55,18.77,18.41,18.58,4453,2209700
2011.03.23,18.43,19.05,18.43,18.9,4163,2401600
2011.03.24,19.04,19.19,18.81,18.93,5000,2557600
2011.03.25,19.07,19.29,18.94,19.05,4355,2605600
2011.03.28,19.06,19.38,19.05,19.12,5638,2727000
2011.03.29,19.29,19.64,19.17,19.33,5582,3072600
2011.03.30,19.48,19.61,19.13,19.2,4013,1931100
2011.03.31,19.22,19.36,19.13,19.2,3676,2088900
2011.04.01,19.35,19.51,19.14,19.23,4930,2324500
2011.04.04,19.29,19.64,19.29,19.5,5007,2676400
2011.04.05,19.51,19.76,19.37,19.48,6771,2784400
2011.04.06,19.62,19.63,19.28,19.36,3321,1753600
2011.04.07,19.4,19.4,18.89,19.09,7187,3467100
2011.04.08,19.09,19.23,18.65,18.71,7059,3654800
2011.04.11,18.79,18.84,18.34,18.62,4763,3605600
2011.04.12,18.41,18.6,18.13,18.29,6480,3720900
2011.04.13,18.47,18.53,17.58,17.69,10817,7819700
2011.04.14,17.58,17.81,17.18,17.42,7974,5199600
2011.04.15,17.49,17.63,17.16,17.49,5209,2977100
2011.04.18,17.34,17.42,17.09,17.34,4436,2842600
2011.04.19,17.47,17.69,17.28,17.28,4326,2511200
2011.04.20,17.64,17.86,17.54,17.7,3652,3375100
2011.04.25,17.64,17.74,17.46,17.7,2727,1363800
2011.04.26,17.67,17.78,17.5,17.74,3112,1595000
2011.04.27,17.74,17.88,17.17,17.7,8386,3794700
2011.04.28,17.44,17.69,17.23,17.57,4393,3310900
2011.04.29,17.49,17.93,17.46,17.62,4344,3386900
2011.05.02,17.92,17.98,17.35,17.44,5255,3885500
2011.05.03,17.4,17.6,16.78,17.32,5749,4341600
2011.05.04,17.5,17.69,17.27,17.44,8705,4820000
2011.05.05,17.42,17.78,17.18,17.32,6214,4731100
2011.05.06,17.64,17.7,17.27,17.33,6818,3715100
2011.05.09,17.39,17.63,17.18,17.29,5499,2527400
2011.05.10,17.35,17.63,17.27,17.32,1622,1345200
2011.05.11,17.3,17.3,16.98,16.98,4113,3510200
2011.05.12,16.81,17.39,16.71,17.21,4084,2349400
2011.05.13,17.21,17.31,16.78,16.85,3771,2548100
2011.05.16,16.74,17.21,16.65,16.91,4621,2670100
2011.05.17,16.97,17.27,16.66,17.06,5539,2906200
2011.05.18,17.1,17.37,16.99,17,4770,2977900
2011.05.19,17.1,17.17,16.69,16.93,3331,2251600
2011.05.20,16.99,17.01,16.58,16.71,5109,2950500
2011.05.23,16.48,16.75,16.35,16.67,3609,1591200
2011.05.24,16.75,16.91,16.6,16.86,4007,2265200
2011.05.25,16.78,16.96,16.61,16.61,4130,1873800
2011.05.26,16.65,16.84,16.58,16.71,5535,2970600
2011.05.27,16.74,16.88,16.65,16.67,3409,2432200
2011.05.30,16.71,16.79,16.51,16.54,1206,700900
2011.05.31,16.75,16.76,16.44,16.74,3131,2242400
2011.06.01,16.68,16.83,16.39,16.39,3500,2050000
2011.06.02,16.49,16.59,16.22,16.49,5578,2659900
2011.06.03,16.35,16.66,16.25,16.35,5245,3158600
2011.06.06,16.38,16.38,15.75,15.77,7826,3608600
2011.06.07,15.89,16.04,15.67,15.67,5990,3451500
2011.06.08,15.65,15.83,15.41,15.46,5618,2590300
2011.06.09,15.46,15.6,14.93,15.05,11690,9489800
2011.06.10,15.05,15.33,14.98,15.19,4513,5037300
2011.06.13,15.19,15.24,14.9,14.9,4255,3037600
2011.06.14,14.93,15.06,14.77,14.85,3688,3637800
2011.06.15,14.75,15,14.67,14.74,6927,3952400
2011.06.16,14.74,14.81,14.4,14.45,4899,3441400
2011.06.17,14.51,14.67,14.37,14.46,5016,2798000
2011.06.20,14.39,14.66,14.35,14.37,3116,1726000
2011.06.21,14.42,14.48,14.2,14.33,4059,2592600
2011.06.22,14.26,14.36,14.12,14.12,3739,2758900
2011.06.24,14.2,14.33,14.05,14.1,3839,2157200
2011.06.27,14.13,14.27,13.98,14.12,3192,2111000
2011.06.28,14.14,14.42,14.14,14.35,2833,3477000
2011.06.29,14.43,14.94,14.25,14.62,9865,4769400
2011.06.30,14.74,14.85,14.37,14.58,4552,2689500
2011.07.01,14.58,14.76,14.4,14.64,4503,3342900
2011.07.04,14.65,14.85,14.59,14.85,2257,1334000
2011.07.05,14.84,15.04,14.64,14.7,5287,3089000
2011.07.06,14.62,14.68,14.4,14.51,2900,1884500
2011.07.07,14.7,14.8,14.59,14.77,3378,2496100
2011.07.08,14.59,14.67,14.31,14.43,3200,3443300
2011.07.11,14.24,14.32,13.83,13.92,5682,3456000
2011.07.12,13.83,13.96,13.6,13.6,5294,3060500
2011.07.13,13.55,14,13.55,13.86,5371,2151300
2011.07.14,13.86,13.87,13.34,13.43,5520,3229800
2011.07.15,13.43,13.54,13.03,13.12,3780,2550600
2011.07.18,12.96,13.12,12.8,12.87,3462,2639600
2011.07.19,12.97,13.22,12.78,13.04,3622,3465100
2011.07.20,13.15,13.26,12.84,12.84,4203,2682800
2011.07.21,12.92,13.26,12.78,13.12,6437,3810200
2011.07.22,13.12,13.39,12.91,12.91,4595,2897300
2011.07.25,12.84,12.99,12.65,12.65,4870,3768500
2011.07.26,12.66,12.71,12.34,12.38,4979,3669200
2011.07.27,12.22,12.51,12.08,12.34,6031,3993600
2011.07.28,12.34,12.57,12.29,12.36,3911,2341800
2011.07.29,12.3,12.43,12.22,12.3,5479,3486500
2011.08.01,12.38,12.47,12,12,4513,2546200
2011.08.02,11.95,12.3,11.72,11.78,4367,2627900
2011.08.03,11.86,12.06,11.41,11.82,8829,5650200
2011.08.04,11.44,11.51,10.87,10.87,11504,7919500
2011.08.05,10.79,11.24,10.45,11,10798,5878900
2011.08.08,10.4,10.61,9.71,9.71,13257,6351800
2011.08.09,9.92,10.44,9.74,10.41,14844,6809700
2011.08.10,10.4,10.52,10.05,10.26,10012,6156600
2011.08.11,10.37,11.38,10.28,11.11,11504,5796200
2011.08.12,11.28,11.61,10.96,11.4,13261,7597600
2011.08.15,11.71,11.94,11.59,11.72,7503,4856800
2011.08.16,11.4,11.53,11.14,11.29,6707,4438700
2011.08.17,11.43,11.43,10.94,11.29,9704,5935100
2011.08.18,10.92,10.99,10.6,10.97,5275,3745300
2011.08.19,10.78,11.17,10.64,10.68,6678,4040900
2011.08.22,10.84,11.05,10.54,10.54,7271,3326500
2011.08.23,10.64,11.22,10.45,11.22,7227,4079700
2011.08.24,11.25,11.43,11.01,11.31,6916,3687600
2011.08.25,11.3,11.39,10.96,11.01,5808,2932200
2011.08.26,10.89,11.21,10.65,11.09,7645,3022500
2011.08.29,11.3,11.72,11.12,11.57,6023,3335400
2011.08.30,11.51,11.81,11.32,11.73,6895,3304700
2011.08.31,11.89,12.15,11.71,12,6992,4206300
2011.09.01,12.17,12.45,12.05,12.07,8330,3751300
2011.09.02,11.75,11.98,11.58,11.58,5141,2735000
2011.09.05,11.31,11.53,11.17,11.23,3113,1310300
2011.09.06,11.05,11.81,10.96,11.81,6225,3859700
2011.09.08,12.07,12.26,11.9,12,8310,4192000
2011.09.09,11.82,11.92,11.49,11.57,7029,3721900
2011.09.12,11.44,11.73,11.26,11.72,6099,3937500
2011.09.13,11.75,11.99,11.57,11.63,5474,2686200
2011.09.14,11.86,12.05,11.43,11.9,6173,3985300
2011.09.15,12,12.26,11.84,11.97,5203,3019400
2011.09.16,12.07,12.48,12,12.48,4133,2860500
2011.09.19,12.2,12.74,12.19,12.73,6021,4281800
2011.09.20,12.77,12.77,12.34,12.42,6609,3884700
2011.09.21,12.59,12.72,12.24,12.24,7813,4365300
2011.09.22,11.67,12.07,11.32,11.41,9014,5259500
2011.09.23,11.4,11.54,11.02,11.35,6661,3568600
2011.09.26,11.45,11.6,10.98,11.51,6160,3296500
2011.09.27,11.76,11.92,11.4,11.4,3050,1900600
2011.09.28,11.46,11.77,11.26,11.36,4717,3556000
2011.09.29,11.49,11.67,11.23,11.42,5384,3461100
2011.09.30,11.25,11.61,11.05,11.23,7131,4549600
2011.10.03,11.09,11.27,10.57,10.57,6269,3479000
2011.10.04,10.44,10.63,10.06,10.36,9551,4716200
2011.10.05,10.42,10.5,10.11,10.38,4941,2888900
2011.10.06,10.6,10.77,10.49,10.61,8259,3888300
2011.10.07,10.76,10.87,10.34,10.42,9010,4310700
2011.10.10,10.68,11.15,10.54,11.01,5293,2423900
2011.10.11,10.96,11.23,10.86,11.05,8760,4459000
2011.10.13,11.23,11.54,10.75,11.07,11962,6572400
2011.10.14,11.17,11.35,11.09,11.24,4683,3298500
2011.10.17,11.09,11.21,10.65,10.65,4252,2971700
2011.10.18,10.6,11,10.37,10.97,5795,3825300
2011.10.19,10.98,10.99,10.57,10.64,7489,3914200
2011.10.20,10.56,10.66,10.34,10.4,7310,3197700
2011.10.21,10.52,10.74,10.52,10.68,5671,3289700
2011.10.24,10.81,11.48,10.71,11.35,9199,5678500
2011.10.25,11.24,11.43,11.06,11.14,7224,5241100
2011.10.26,11.3,11.57,11.23,11.54,9660,7218700
2011.10.27,12.12,12.63,11.98,12.47,12930,11142600
2011.10.28,12.43,12.64,12.1,12.47,8461,6253000
2011.10.31,12.2,12.3,11.97,12.08,4682,3588700
2011.11.01,11.59,12.01,11.53,11.89,6728,4637800
2011.11.03,12.2,12.27,11.92,12.08,7312,4300200
2011.11.04,12.04,12.47,11.86,12.47,5018,2675600
2011.11.07,12.44,12.73,12.36,12.66,4493,2692100
2011.11.08,12.73,12.91,12.3,12.54,6651,4194500
2011.11.09,12.3,12.32,11.92,12.03,6995,3312400
2011.11.10,12.21,12.42,11.99,12,5540,2887700
2011.11.11,12.19,12.6,12.16,12.52,5327,3344700
2011.11.14,12.45,12.52,12.2,12.3,3705,2088400
2011.11.16,12.38,12.57,12.23,12.38,5458,2544100
2011.11.17,12.41,12.69,12.02,12.15,10714,5791700
2011.11.18,12.3,12.32,11.77,11.84,6228,3092900
2011.11.21,11.66,11.74,11.22,11.46,17443,6817800
2011.11.22,11.48,11.54,11.1,11.29,7844,4529300
2011.11.23,11.1,11.26,10.91,11,4929,3435800
2011.11.24,11.2,11.2,10.71,10.78,3247,1858200
2011.11.25,10.64,11,10.58,10.84,4287,2389800
2011.11.28,11.07,11.38,10.97,11.23,7947,3838800
2011.11.29,11.28,11.31,10.73,10.76,5591,3038300
2011.11.30,11.08,11.71,10.93,11.22,11435,5385900
2011.12.01,11.44,11.51,11.23,11.31,5498,2732500
2011.12.02,11.53,11.6,11.14,11.26,5086,2606700
2011.12.05,11.43,11.75,11.29,11.72,6362,3358500
2011.12.06,11.62,12.03,11.5,12.03,4636,2551300
2011.12.07,11.89,11.93,11.57,11.65,6813,3268000
2011.12.08,11.72,11.77,11.18,11.18,6687,3110800
2011.12.09,11.25,11.45,11.1,11.43,5145,2696500
2011.12.12,11.31,11.42,10.97,11.03,5301,2610900
2011.12.13,11.23,11.31,11.07,11.12,6292,3599200
2011.12.14,11.06,11.12,10.79,10.86,13816,5627500
2011.12.15,10.95,11.08,10.71,10.71,6760,2906000
2011.12.16,10.73,10.79,10.55,10.55,7994,3567200
2011.12.19,10.56,10.71,10.4,10.4,4170,1883900
2011.12.20,10.5,10.95,10.42,10.95,6660,3330300
2011.12.21,10.95,11.25,10.87,11.12,6587,2935000
2011.12.22,11.16,11.36,10.98,11.32,5416,2422800
2011.12.23,11.39,11.4,11.18,11.39,5403,2490700
2011.12.26,11.4,11.53,11.3,11.49,1459,732200
2011.12.27,11.44,11.57,11.36,11.57,3657,2192200
2011.12.28,11.57,11.62,11.22,11.27,6515,2631200
2011.12.29,11.36,11.4,11.24,11.39,3758,1893500
2012.01.02,11.6,11.61,11.26,11.49,5524,1656600
2012.01.03,11.54,12.06,11.52,12.06,9116,3209200
2012.01.04,11.97,12.3,11.73,12.16,9296,4313000
2012.01.05,12.05,12.24,11.82,12.05,6396,3043800
2012.01.06,12.05,12.2,11.89,12.03,5508,1951300
2012.01.09,12.07,12.24,11.86,12.03,4138,1967600
2012.01.10,12.23,12.52,12.16,12.51,7796,5232900
2012.01.11,12.5,12.61,12.39,12.51,4698,2024200
2012.01.12,12.6,12.71,12.39,12.52,7232,3866400
2012.01.13,12.47,12.5,12.19,12.44,7532,2896500
2012.01.16,12.38,12.7,12.36,12.48,2865,1329000
2012.01.17,12.69,12.76,12.52,12.67,4415,1706200
2012.01.18,12.69,12.99,12.64,12.96,6319,3413300
2012.01.19,13.01,13.27,12.88,13.18,9154,4854700
2012.01.20,13.07,13.68,13.02,13.6,11100,6381900
2012.01.23,13.6,13.91,13.36,13.8,10130,4053800
2012.01.24,13.71,13.91,13.56,13.77,9281,4765600
2012.01.26,13.9,14.12,13.8,13.92,12829,5294200
2012.01.27,13.89,14.01,13.62,13.9,9851,4924000
2012.01.30,13.71,13.9,13.6,13.7,10030,4131900
2012.01.31,13.82,14,13.69,13.87,13033,5081600
2012.02.01,13.96,14.2,13.84,14.07,11786,6539400
2012.02.02,14.07,14.07,13.68,13.81,12194,7070500
2012.02.03,13.7,14.33,13.47,14.16,12643,8081700
2012.02.06,14.04,14.14,13.93,14.07,8026,3432500
2012.02.07,14.04,14.15,13.88,14.13,6653,2789900
2012.02.08,14.2,14.29,13.9,14,11858,5058600
2012.02.09,13.89,14.12,13.79,14.03,10817,3681400
2012.02.10,13.79,13.82,13.52,13.59,14819,5557000
2012.02.13,13.8,13.82,13.67,13.8,8410,3832000
2012.02.14,13.83,13.9,13.49,13.59,7248,3691300
2012.02.15,13.68,13.72,13.18,13.26,15895,7088800
2012.02.16,13.1,13.37,13.02,13.23,8890,3952800
2012.02.17,13.36,13.52,13.22,13.29,10490,3803100
2012.02.22,13.48,13.58,13.34,13.42,3450,1604700
2012.02.23,13.4,13.51,13.22,13.34,7356,3362900
2012.02.24,13.38,13.44,13.29,13.37,5440,2185400
2012.02.27,13.3,13.37,13.12,13.26,5973,2390300
2012.02.28,13.24,13.42,13.17,13.35,6671,2928800
2012.02.29,13.39,13.63,13.3,13.3,7913,4238700
2012.03.01,13.43,13.62,13.31,13.49,8266,3679500
2012.03.02,13.63,13.85,13.56,13.85,9219,4712800
2012.03.05,13.71,14.03,13.6,13.69,10767,4652000
2012.03.06,13.52,13.52,13.14,13.29,10838,4738600
2012.03.07,13.38,13.43,13.03,13.24,7598,3561400
2012.03.08,13.52,13.62,13.32,13.43,9223,3372000
2012.03.09,13.43,13.72,13.35,13.64,8721,3358100
2012.03.12,13.43,13.74,13.42,13.53,7800,2742800
2012.03.13,13.56,14.16,13.55,14.1,9361,3633200
2012.03.14,14.08,14.58,14.06,14.51,14989,6242700
2012.03.15,14.51,14.78,14.29,14.62,10638,4075100
2012.03.16,14.74,14.76,14.58,14.75,8173,3136200
2012.03.19,14.69,14.85,14.58,14.69,4720,1878200
2012.03.20,14.43,14.62,14.31,14.62,9858,2927600
2012.03.21,14.52,14.64,14.07,14.09,12810,5961500
2012.03.22,13.9,13.93,13.63,13.68,10791,4120000
2012.03.23,13.77,13.87,13.57,13.78,7315,2865400
2012.03.26,13.97,14.08,13.78,13.9,5983,2415300
2012.03.27,14.11,14.18,13.52,13.6,8874,5203800
2012.03.28,13.56,13.59,13.11,13.18,7801,3737500
2012.03.29,13.13,13.21,12.84,13.17,8363,3946400
2012.03.30,13.33,13.39,12.95,13.09,10400,4292000
2012.04.02,13.09,13.43,12.99,13.33,8086,3570700
2012.04.03,13.44,13.5,12.97,13.04,6121,3163400
2012.04.04,12.91,12.91,12.71,12.78,6211,3407000
2012.04.05,12.84,13.12,12.66,12.82,6270,3336600
2012.04.09,12.67,12.8,12.57,12.73,4050,2009700
2012.04.10,12.7,12.72,12.4,12.56,6932,3384400
2012.04.11,12.69,12.91,12.55,12.57,6750,2812700
2012.04.12,12.68,12.97,12.37,12.91,7784,4430000
2012.04.13,12.84,12.85,12.51,12.69,4782,2258000
2012.04.16,12.75,12.84,12.41,12.57,8933,3193200
2012.04.17,12.78,12.95,12.55,12.84,5707,3354000
2012.04.18,12.92,13.16,12.57,13.12,7125,4484900
2012.04.19,13.09,13.2,12.79,12.9,6130,2244400
2012.04.20,13.03,13.11,12.81,12.81,4914,1744000
2012.04.23,12.52,12.67,12.39,12.61,6579,3141700
2012.04.24,12.57,12.69,12.49,12.67,5409,2896800
2012.04.25,12.84,13.03,12.67,12.81,7443,3111900
2012.04.26,12.71,12.87,12.59,12.82,5423,2507300
2012.04.27,12.87,12.91,12.7,12.89,3968,2494100
2012.04.30,13,13.06,12.71,13.06,3793,2375400
2012.05.02,13.03,13.04,12.75,13.04,7185,2861000
2012.05.03,13.03,13.16,12.74,12.78,4471,2081400
2012.05.04,12.78,12.81,12.32,12.32,9162,3706400
2012.05.07,12.06,12.39,12.06,12.15,6275,3887500
2012.05.08,12.05,12.09,11.76,11.89,9751,4458900
2012.05.09,11.74,12.12,11.73,12.05,7883,4199100
2012.05.10,12.14,12.43,12.03,12.07,7052,2691100
2012.05.11,11.69,12,11.63,11.63,9409,5547800
2012.05.14,11.51,11.55,11.34,11.42,7690,3211200
2012.05.15,11.41,11.49,11.02,11.02,9666,4346900
2012.05.16,11.23,11.39,10.78,10.83,7428,3664800
2012.05.17,10.97,11.14,10.51,10.62,7488,3538500
2012.05.18,10.62,10.78,10.35,10.49,11449,5751800
2012.05.21,10.56,11.18,10.56,11.11,14144,6123900
2012.05.22,11.15,11.3,10.95,11.13,12798,5762100
2012.05.23,11.01,11.11,10.54,10.73,15917,6040900
2012.05.24,10.77,10.93,10.4,10.54,10991,4241400
2012.05.25,10.41,10.62,10.41,10.46,7311,3135700
2012.05.28,10.54,10.69,10.42,10.48,5677,2091300
2012.05.29,10.54,10.65,10.41,10.49,8006,3713800
2012.05.30,10.42,10.53,10.31,10.49,12162,4782000
2012.05.31,10.54,10.54,10.23,10.38,8795,6078100
2012.06.01,10.22,10.39,10.11,10.23,6739,3182600
2012.06.04,10.34,10.34,10.13,10.19,6493,2753700
2012.06.05,10.2,10.34,10,10.03,7419,3747300
2012.06.06,10.11,10.2,9.86,10.07,14210,8802100
2012.06.08,9.9,10.13,9.87,10.03,8266,3155700
2012.06.11,10.11,10.46,9.87,9.93,8149,3673800
2012.06.12,9.96,10.09,9.86,9.96,7756,3716300
2012.06.13,9.94,10.1,9.8,10.06,8764,4472600
2012.06.14,10.01,10.19,9.93,10.04,6276,4381100
2012.06.15,10.08,10.12,9.87,10.03,6986,5237600
2012.06.18,9.87,9.95,9.7,9.75,9690,5924600
2012.06.19,9.85,9.87,9.34,9.68,11844,8887700
2012.06.20,9.73,9.94,9.64,9.86,8554,5853400
2012.06.21,9.86,9.86,9.49,9.55,7203,4051500
2012.06.22,9.55,9.62,9.27,9.32,6766,4251400
2012.06.25,9.17,9.18,8.83,8.91,3786,2912300
2012.06.26,8.88,9.1,8.73,8.96,6771,3865000
2012.06.27,8.96,9.07,8.78,8.87,5151,3250100
2012.06.28,8.86,8.87,8.6,8.73,4607,2973900
2012.06.29,8.98,9.13,8.78,9.09,8350,5474200
2012.07.02,9.04,9.3,9.04,9.22,7201,3728400
2012.07.03,9.27,9.87,9.23,9.65,10542,5609000
2012.07.04,9.66,10.08,9.47,9.94,5457,3515000
2012.07.05,10.05,10.14,9.73,9.81,8693,5711300
2012.07.06,9.72,9.72,9.42,9.51,7076,3436500
2012.07.10,9.32,9.41,8.73,8.77,10655,7284600
2012.07.11,8.88,8.89,8.46,8.56,7208,4361500
2012.07.12,8.4,8.63,8.28,8.51,7015,4624600
2012.07.13,8.68,8.76,8.44,8.62,6696,4507900
2012.07.16,8.65,8.66,8.39,8.39,6126,2976400
2012.07.17,8.5,8.62,8.22,8.31,7170,3938200
2012.07.18,8.3,8.48,8.25,8.35,6295,3179200
2012.07.19,8.39,8.5,8.29,8.36,5291,3171000
2012.07.20,8.23,8.25,7.96,7.99,9743,6046300
2012.07.23,7.83,7.83,7.62,7.82,6340,4056800
2012.07.24,7.95,7.95,7.67,7.76,11355,5936300
2012.07.25,7.85,7.9,7.41,7.45,8352,4987000
2012.07.26,7.52,7.58,7.18,7.39,10329,5463200
2012.07.27,7.49,8.1,7.46,7.86,10565,6044000
2012.07.30,7.88,8.14,7.72,8.13,7793,4666100
2012.07.31,8.08,8.51,8.08,8.41,10762,6238800
2012.08.01,8.43,8.52,8.09,8.13,8379,4793500
2012.08.02,8.04,8.19,7.85,7.85,8864,4980900
2012.08.03,8.15,8.34,8.09,8.34,6395,4839000
2012.08.06,8.3,9.07,8.26,8.96,14327,6579500
2012.08.07,9.16,9.41,8.84,8.87,12067,7924100
2012.08.08,8.8,9.15,8.74,8.96,7464,4824100
2012.08.09,8.87,9.1,8.76,8.97,6644,3026000
2012.08.10,8.85,8.87,8.48,8.67,13567,7410700
2012.08.13,8.71,8.71,8.43,8.6,6576,3138600
2012.08.14,8.68,8.86,8.31,8.35,8120,4911400
2012.08.15,8.23,8.4,7.92,8.27,13897,8479400
2012.08.16,8.42,8.74,8.35,8.61,11022,5764100
2012.08.17,8.71,8.84,8.43,8.51,7010,5137900
2012.08.20,8.54,8.79,8.31,8.76,6269,4098000
2012.08.21,8.91,9.1,8.68,8.73,9468,4566600
2012.08.22,8.72,9.1,8.72,9.06,10292,8685700
2012.08.23,9.04,9.59,8.99,9.22,14621,10157300
2012.08.24,8.94,9.07,8.68,8.72,12769,11199300
2012.08.27,8.72,8.74,8.47,8.48,7514,4352700
2012.08.28,8.51,8.64,8.25,8.25,10431,6646300
2012.08.29,8.3,8.32,7.87,7.89,15687,7551700
2012.08.30,7.87,8,7.72,7.72,8903,5016400
2012.08.31,7.83,8.05,7.63,7.98,11553,12627900
2012.09.03,8.07,8.18,7.92,8.04,6029,3504900
2012.09.04,7.97,8.02,7.64,7.64,8919,7616400
2012.09.05,8,8.28,7.89,8.26,18677,11194000
2012.09.06,8.36,8.69,8.27,8.4,11863,9707800
2012.09.10,8.96,9.14,8.87,8.91,13789,11968600
2012.09.11,8.94,9.34,8.77,9.32,13698,7816000
2012.09.12,9.35,9.49,8.98,9.43,11431,8292000
2012.09.13,9.31,10.54,9.3,10.45,17646,12963200
2012.09.14,10.67,11.62,10.51,10.95,28711,17467900
2012.09.17,10.81,10.97,10.45,10.65,16012,6685000
2012.09.18,10.65,10.73,10.27,10.39,8917,4884300
2012.09.19,10.55,10.72,10.31,10.46,10862,6364500
2012.09.20,10.33,10.51,10.14,10.41,8329,4152700
2012.09.21,10.54,10.64,10.27,10.27,8646,5170000
2012.09.24,10.25,10.34,9.97,10.15,10980,5828800
2012.09.25,9.83,9.91,9.2,9.27,22562,12516500
2012.09.26,9.2,9.6,8.99,9.5,18352,8383500
2012.09.27,9.66,9.7,9.22,9.3,17349,7456900
2012.09.28,9.17,9.32,8.99,9.12,11195,5991700
2012.10.01,9.18,9.49,9.12,9.18,7897,3949500
2012.10.02,9.28,9.39,8.85,8.99,9961,5255600
2012.10.03,8.99,9.08,8.71,8.79,8499,4568000
2012.10.04,8.84,9.03,8.74,8.96,6884,3828100
2012.10.05,9.1,9.16,8.79,8.82,6143,3440900
2012.10.08,8.74,9.08,8.72,9.08,7885,4086100
2012.10.09,9.14,9.26,8.85,8.85,9816,6822900
2012.10.10,8.88,8.98,8.62,8.71,7247,5201100
2012.10.11,8.8,9.02,8.76,8.96,8509,4521400
2012.10.15,8.96,9.19,8.73,9.18,6781,4482200
2012.10.16,9.23,9.47,9.09,9.26,8555,6323300
2012.10.17,9.34,9.42,9.2,9.34,8467,5027900
2012.10.18,9.24,9.5,9.2,9.42,9795,4921200
2012.10.19,9.43,9.58,8.99,9.11,9341,4836400
2012.10.22,9.15,9.35,9.04,9.18,7544,3362400
2012.10.23,9.11,9.23,9.07,9.1,6604,3394500
2012.10.24,9.18,9.25,8.93,8.94,6995,3765400
2012.10.25,9.11,9.16,8.91,9.06,8524,3946700
2012.10.26,8.98,9.1,8.67,8.84,7898,3770300
2012.10.29,8.75,8.93,8.68,8.91,3094,1699600
2012.10.30,8.94,9.12,8.88,9.12,5037,2136100
2012.10.31,9.13,9.22,8.91,8.97,9606,3629600
2012.11.01,8.92,9.25,8.74,9.18,10018,5174900
2012.11.05,9.15,9.18,8.95,9.1,7271,3187100
2012.11.06,9.1,9.53,9.04,9.44,11764,6114300
2012.11.07,9.46,9.55,9.05,9.1,11452,5663400
2012.11.08,9.14,9.24,8.84,8.88,9758,5063200
2012.11.09,8.83,8.99,8.72,8.82,9575,5280600
2012.11.12,8.85,8.91,8.71,8.71,6935,2666400
2012.11.13,8.73,8.79,8.47,8.64,8853,4361100
2012.11.14,8.53,8.58,8.18,8.29,11227,5679700
2012.11.16,8.22,8.22,7.85,7.85,10965,5516900
2012.11.19,8.09,8.27,7.98,8.17,9157,5669500
2012.11.21,8.1,8.33,7.99,8.3,14308,6248600
2012.11.22,8.36,8.38,8.18,8.18,3231,1381900
2012.11.23,8.21,8.54,8.13,8.54,6370,3565100
2012.11.26,8.46,8.51,8.14,8.18,11356,5220200
2012.11.27,8.27,8.34,8.05,8.1,8287,4645700
2012.11.28,8,8.15,7.95,8.07,8395,3737200
2012.11.29,8.27,8.83,8.23,8.83,16423,9617200
2012.11.30,8.87,8.97,8.39,8.39,11729,9682900
2012.12.03,8.32,8.52,8.23,8.33,14546,7359200
2012.12.04,8.35,8.46,8.26,8.3,8654,5069300
2012.12.05,8.54,8.54,8.3,8.44,10017,6917900
2012.12.06,8.5,8.51,8.25,8.39,9894,4009200
2012.12.07,8.39,8.72,8.33,8.56,9934,5554600
2012.12.10,8.53,9,8.45,9,11604,4943100
2012.12.11,9.06,9.39,9.04,9.18,17444,6817700
2012.12.12,9.18,9.45,9.1,9.3,14934,8326400
2012.12.13,9.11,9.39,9.05,9.15,8831,4367600
2012.12.14,9.32,9.33,9.09,9.28,11284,5035600
2012.12.17,9.27,9.4,9.15,9.29,7566,4319600
2012.12.18,9.36,9.74,9.36,9.74,11349,6154600
2012.12.19,9.6,9.94,9.42,9.69,12885,9482600
2012.12.20,9.75,9.86,9.47,9.61,8878,3831100
2012.12.21,9.18,9.42,9.14,9.37,9844,5655700
2012.12.26,9.34,9.5,9.29,9.41,5290,2479800
2012.12.27,9.48,9.59,9.32,9.41,7203,3174100
2012.12.28,9.58,9.74,9.44,9.65,6163,3471200
2013.01.02,9.86,10.33,9.86,10.27,15793,6874000
2013.01.03,10.29,10.48,10.07,10.41,7209,4384700
2013.01.04,10.36,10.4,9.89,9.97,15277,8646800
2013.01.07,10.07,10.15,9.79,9.97,10505,4241200
2013.01.08,10.07,10.34,9.85,9.88,9552,6575000
2013.01.09,10.09,10.2,9.89,10.15,9286,4296900
2013.01.10,10.22,10.44,10.12,10.34,9412,4346800
2013.01.11,10.36,10.36,10.09,10.27,9863,4967000
2013.01.14,10.27,10.45,10.16,10.33,10249,4956100
2013.01.15,10.26,10.31,10.02,10.14,9072,4148100
2013.01.16,10.14,10.18,9.99,10.11,5731,2858000
2013.01.17,9.7,9.8,9.62,9.73,19612,12162900
2013.01.18,9.82,9.85,9.57,9.75,5457,4183000
2013.01.21,9.75,9.78,9.51,9.55,6410,3716800
2013.01.22,9.56,9.73,9.49,9.64,10332,4297000
2013.01.23,9.69,9.84,9.62,9.73,8614,4002100
2013.01.24,9.68,9.74,9.21,9.26,9283,4486100
2013.01.28,9.36,9.46,8.96,8.97,9533,4486500
2013.01.29,8.91,9.34,8.89,9.16,10491,5138300
2013.01.30,9.15,9.22,8.78,8.78,8401,5344900
2013.01.31,8.86,8.91,8.66,8.74,9940,7280400
2013.02.01,8.81,9.21,8.77,9.07,10869,5457700
2013.02.04,9.03,9.03,8.71,8.8,8714,4920000
2013.02.05,8.8,9.01,8.65,8.85,8553,4309300
2013.02.06,8.87,8.92,8.59,8.92,11198,5520400
2013.02.07,8.91,9.02,8.69,8.78,10297,4927200
2013.02.08,8.91,8.91,8.61,8.61,6490,2809600
2013.02.13,8.67,8.7,8.53,8.64,7516,3392800
2013.02.14,8.58,8.65,8.5,8.65,7651,2336200
2013.02.15,8.65,8.8,8.56,8.65,6405,3228100
2013.02.18,8.67,8.73,8.48,8.57,4356,1867100
2013.02.19,8.64,8.77,8.36,8.42,7715,4302800
2013.02.20,8.42,8.44,8.06,8.09,9535,5413500
2013.02.21,8.13,8.19,7.81,8.02,11017,5731900
2013.02.22,8.13,8.24,7.87,7.91,10034,5246300
2013.02.25,8.01,8.37,7.76,7.96,15125,8807700
2013.02.26,7.96,8.29,7.88,8.13,17774,8811900
2013.02.27,8.21,8.31,8.03,8.1,12924,5626300
2013.02.28,8.1,8.36,8.06,8.13,9283,4238600
2013.03.01,8.09,8.09,7.91,7.91,13013,5184500
2013.03.04,7.9,8.01,7.77,7.97,12039,6066700
2013.03.05,8.09,8.23,8.05,8.09,12963,8385500
2013.03.06,8.25,8.69,8.2,8.53,15830,8282200
2013.03.07,8.67,8.94,8.59,8.65,13358,6869500
2013.03.08,8.52,8.73,8.42,8.66,7377,3212900
2013.03.11,8.58,8.62,8.44,8.52,6109,3084900
2013.03.12,8.56,8.7,8.5,8.51,9658,4299500
2013.03.13,8.51,8.61,8.26,8.28,14550,6203900
2013.03.14,8.43,8.43,8.1,8.21,17035,6046000
2013.03.15,8.3,8.42,7.96,7.96,14449,9374700
2013.03.18,7.9,8.12,7.89,8.07,7812,3744800
2013.03.19,8.09,8.09,7.53,7.54,18805,11570500
2013.03.20,7.54,7.74,7.49,7.67,12295,6016600
2013.03.21,7.65,7.67,7.4,7.43,15508,8782600
2013.03.22,7.5,7.64,7.45,7.56,13346,6580600
2013.03.25,7.63,7.63,7.36,7.36,9991,4515300
2013.03.26,7.43,7.59,7.39,7.47,10625,5760300
2013.03.27,7.46,7.46,7.24,7.4,14253,8324000
2013.03.28,7.42,7.5,7.29,7.43,12412,6321200
2013.04.01,7.61,7.95,7.54,7.8,22475,10907000
2013.04.02,7.96,8.05,7.48,7.49,20651,12585700
2013.04.03,7.51,7.61,7.42,7.54,10634,5624600
2013.04.04,7.58,7.58,7.31,7.31,11393,5170200
2013.04.05,7.13,7.27,6.8,7.14,22603,11300100
2013.04.08,7.16,7.19,6.9,7.07,12976,4787600
2013.04.09,7.11,7.38,7.1,7.17,11694,7031900
2013.04.10,7.25,7.38,7.1,7.15,12306,5780000
2013.04.11,7.2,7.2,6.91,6.94,9855,12314500
2013.04.12,6.89,7.1,6.82,6.93,9515,5248600
2013.04.15,6.82,6.86,6.63,6.63,8990,5296300
2013.04.16,6.7,6.7,6.43,6.51,17655,12885200
2013.04.17,6.46,6.58,6.42,6.53,14692,11045400
2013.04.18,6.58,6.77,6.51,6.62,14935,6108600
2013.04.19,6.77,6.81,6.55,6.65,10928,6048800
2013.04.22,6.76,6.76,6.46,6.62,9105,4422000
2013.04.23,6.65,6.87,6.58,6.77,11318,5655200
2013.04.24,6.77,6.89,6.71,6.81,10017,4758800
2013.04.25,6.9,6.91,6.45,6.65,16157,9966000
2013.04.26,6.69,6.71,6.53,6.56,9694,4240700
2013.04.29,6.69,6.8,6.51,6.67,12045,5792200
2013.04.30,6.58,6.77,6.51,6.7,17375,8124800
2013.05.02,6.74,6.77,6.55,6.61,15157,5738000
2013.05.03,6.72,6.78,6.54,6.58,13557,13926600
2013.05.06,6.61,6.61,6.47,6.52,12565,8895700
2013.05.07,6.52,6.69,6.41,6.54,10779,6175100
2013.05.08,6.55,6.59,6.44,6.44,14673,7598100
2013.05.09,6.49,6.57,6.33,6.35,13072,7915000
2013.05.10,6.32,6.38,6.17,6.18,11905,7136600
2013.05.13,6.14,6.18,6.04,6.04,11258,5585000
2013.05.14,6.04,6.07,5.81,5.83,15621,9081200
2013.05.15,5.81,5.97,5.67,5.69,11290,9002600
2013.05.16,5.58,5.81,5.52,5.68,20338,12602400
2013.05.17,5.78,5.82,5.62,5.68,10136,5592700
2013.05.20,5.66,5.85,5.58,5.81,10802,5768900
2013.05.21,5.82,6.06,5.79,5.97,12628,7204000
2013.05.22,6.05,6.26,5.86,5.93,18001,11560300
2013.05.23,5.72,5.98,5.68,5.9,10979,5667800
2013.05.24,5.9,6.06,5.81,5.98,11177,6261300
2013.05.27,6.06,6.1,5.98,5.98,4685,2191100
2013.05.28,6.06,6.08,5.9,5.91,10710,6544500
2013.05.29,5.87,5.88,5.73,5.73,13790,8097600
2013.05.31,5.72,5.81,5.55,5.59,15803,9488600
2013.06.03,5.69,5.78,5.58,5.74,10629,4645900
2013.06.04,5.77,5.81,5.65,5.7,10993,6054800
2013.06.05,5.62,5.75,5.46,5.46,13160,8054000
2013.06.06,5.51,5.51,5.28,5.36,14717,8260400
2013.06.07,5.23,5.38,5.14,5.21,12733,7164300
2013.06.10,5.2,5.28,5.1,5.11,10780,5329000
2013.06.11,5.03,5.06,4.88,4.93,15390,8881900
2013.06.12,5.02,5.11,4.91,4.98,15627,10118500
2013.06.13,4.97,5.42,4.96,5.38,20664,11303400
2013.06.14,5.44,5.55,5.3,5.45,14730,13463800
2013.06.17,5.55,5.57,5.42,5.44,10049,7965500
2013.06.18,5.36,5.62,5.35,5.58,12694,5975000
2013.06.19,5.55,5.73,5.45,5.5,17548,9185500
2013.06.20,5.38,5.72,5.26,5.58,41590,16114600
2013.06.21,5.52,5.7,5.45,5.45,26727,14396900
2013.06.24,5.35,5.41,5.25,5.25,13459,6767200
2013.06.25,5.32,5.44,5.23,5.35,12149,5063600
2013.06.26,5.47,5.47,5.23,5.23,10072,5148600
2013.06.27,5.26,5.35,5.22,5.24,8778,5124100
2013.06.28,5.22,5.33,5.06,5.06,15467,9249300
2013.07.01,5.11,5.2,5.06,5.12,8851,4681100
2013.07.02,5.09,5.1,4.79,4.83,15055,7872600
2013.07.03,4.78,4.91,4.71,4.71,8811,4726700
2013.07.04,4.87,4.9,4.78,4.8,7807,4514800
2013.07.05,4.7,4.85,4.47,4.62,18832,10785400
2013.07.08,4.58,4.76,4.58,4.63,9855,4041100
2013.07.10,4.74,4.75,4.63,4.68,6488,3103500
2013.07.11,4.77,5.04,4.76,5.01,12450,8588800
2013.07.12,5,5.01,4.76,4.76,10221,6068300
2013.07.15,4.78,5.2,4.78,5.14,18846,10787100
2013.07.16,5.15,5.2,4.88,4.99,13230,7908300
2013.07.17,5.01,5.15,4.98,5.1,10545,6056300
2013.07.18,4.99,5.12,4.96,5.08,6888,5495100
2013.07.19,4.99,5.11,4.96,5.09,7984,4551100
2013.07.22,5.1,5.37,5.1,5.34,10515,6747300
2013.07.23,5.36,5.63,5.36,5.51,13829,7947100
2013.07.24,5.5,5.5,5.3,5.35,8034,5684800
2013.07.25,5.29,5.49,5.29,5.43,4718,4907900
2013.07.26,5.78,5.93,5.67,5.88,14752,12553700
2013.07.29,5.88,6.3,5.82,6.02,18525,10598800
2013.07.30,6.07,6.1,5.64,5.65,13382,10506800
2013.07.31,5.58,5.77,5.56,5.56,9956,5658600
2013.08.01,5.54,5.68,5.45,5.6,11792,8499100
2013.08.02,5.66,5.79,5.47,5.47,8586,5708100
2013.08.05,5.5,5.63,5.46,5.55,9859,4773400
2013.08.06,5.57,5.62,5.44,5.5,11028,9380800
2013.08.07,5.78,5.86,5.64,5.68,15445,14047400
2013.08.08,5.83,6.06,5.73,5.9,13596,7826700
2013.08.09,5.95,6.2,5.94,6.18,14071,8370800
2013.08.12,6.21,6.54,6.19,6.34,17409,11013600
2013.08.13,6.52,6.63,6.39,6.55,17112,10725100
2013.08.14,6.51,6.89,6.45,6.72,27620,21952000
2013.08.15,6.54,6.9,6.5,6.82,24018,15949900
2013.08.16,6.8,7.31,6.8,7.31,29267,16388600
2013.08.19,7.24,7.92,7.2,7.77,22863,15401000
2013.08.20,7.66,7.76,7.43,7.49,21087,11512700
2013.08.21,7.39,7.72,7.36,7.56,17457,10577600
2013.08.22,7.79,7.94,7.64,7.91,18182,8591200
2013.08.23,7.82,7.93,7.66,7.72,19032,9949500
2013.08.26,7.72,7.82,7.65,7.66,9724,6441400
2013.08.27,7.59,7.76,7.49,7.49,13844,7596400
2013.08.28,7.5,7.74,7.38,7.52,14136,7926100
2013.08.29,7.63,7.69,7.45,7.45,8122,5771800
2013.08.30,7.51,7.61,7.29,7.37,15127,10695200
2013.09.02,7.53,7.86,7.52,7.76,16861,7266700
2013.09.03,7.77,7.82,7.69,7.75,8880,4905900
2013.09.04,7.74,7.98,7.66,7.95,15040,9057000
2013.09.05,7.85,8.1,7.8,8.02,18455,9923400
2013.09.06,8.12,8.18,7.96,8.05,13466,8199400
2013.09.09,8.04,8.28,8.03,8.2,17688,10038100
2013.09.10,8.27,8.42,8.2,8.27,16799,9763900
2013.09.11,8.27,8.4,8.15,8.2,15584,9845700
2013.09.12,8.2,8.3,8.13,8.19,11055,5661000
2013.09.13,8.17,8.27,8.12,8.22,9440,6131300
2013.09.16,8.32,8.39,8.13,8.13,15178,6758100
2013.09.17,8.16,8.2,8,8.16,11641,7766200
2013.09.18,8.15,8.39,8.15,8.27,17207,7836100
2013.09.19,8.37,8.37,8.18,8.26,11216,5816100
2013.09.20,8.25,8.29,8.09,8.13,7648,5260000
2013.09.23,8.13,8.22,8.04,8.13,12934,7595200
2013.09.24,8.18,8.24,8.02,8.19,13129,7767900
2013.09.25,8.22,8.28,8.13,8.27,7768,6724500
2013.09.26,8.29,8.55,8.23,8.52,14351,9767800
2013.09.27,8.51,8.57,8.39,8.44,14341,8488800
2013.09.30,8.32,8.39,8.14,8.28,14430,7387100
2013.10.01,8.32,8.35,8.09,8.22,16448,7324800
2013.10.02,8.2,8.27,8.1,8.21,11172,4352700
2013.10.03,8.27,8.43,8.25,8.29,11070,8701000
2013.10.04,8.35,8.63,8.32,8.56,13682,7054700
2013.10.07,8.49,8.74,8.49,8.64,14343,6641400
2013.10.08,8.67,8.79,8.63,8.71,10247,5131200
2013.10.09,8.75,8.81,8.67,8.68,12047,6758500
2013.10.10,8.82,9.09,8.71,9.09,18376,9728000
2013.10.11,8.89,9.36,8.88,9.29,19058,10406200
2013.10.14,9.28,9.77,9.19,9.7,16248,7606700
2013.10.15,9.71,10.01,9.63,10.01,15658,7795400
2013.10.16,10.01,10.49,9.92,10.24,27409,13634500
2013.10.17,10.02,10.26,9.78,10.12,18256,12691400
2013.10.18,10.21,10.37,10.03,10.24,10682,7696800
2013.10.21,10.21,10.49,10.18,10.42,10029,5425200
2013.10.22,10.4,10.86,10.35,10.85,13953,8744300
2013.10.23,10.71,10.85,10.63,10.69,10243,7809700
2013.10.24,10.72,10.79,10.34,10.4,13008,8570800
2013.10.25,10.43,10.43,10.11,10.24,14891,6747000
2013.10.28,10.26,10.57,10.23,10.45,12815,5676400
2013.10.29,10.51,10.57,10.27,10.34,7119,3781900
2013.10.30,10.44,10.62,10.38,10.45,12296,5920300
2013.10.31,10.49,10.76,10.44,10.67,12127,6599300
2013.11.01,10.59,11.41,10.59,11.25,22037,10603600
2013.11.04,11.25,11.39,11.08,11.12,11213,5766200
2013.11.05,11.23,11.24,10.94,11.13,12325,6273800
2013.11.06,11.16,11.28,10.98,11.11,12221,5487300
2013.11.07,11.03,11.46,10.79,10.95,13041,7095600
2013.11.08,10.95,11.32,10.81,11.22,14368,6315800
2013.11.11,11.23,11.32,11.15,11.26,5601,3235100
2013.11.12,11.25,11.31,10.85,10.85,10202,5694100
2013.11.13,10.8,10.98,10.45,10.96,10302,5309100
2013.11.14,11.65,11.68,11.33,11.34,15653,9349100
2013.11.18,11.5,11.57,11.31,11.53,12107,5894800
2013.11.19,11.39,11.61,11.26,11.29,10815,4981300
2013.11.21,11.15,11.53,11.06,11.32,11817,5102000
2013.11.22,11.16,11.46,11.16,11.24,8127,3531800
2013.11.25,11.28,11.35,10.93,11,9057,4762400
2013.11.26,10.95,11.12,10.57,10.62,13492,6370200
2013.11.27,10.65,10.84,10.6,10.75,8042,3655300
2013.11.28,10.86,10.92,10.57,10.57,5645,2831300
2013.11.29,10.57,10.86,10.57,10.71,9060,4443400
2013.12.02,10.52,10.99,10.52,10.75,13007,5367500
2013.12.03,10.65,10.83,10.52,10.58,10766,5575300
2013.12.04,10.66,10.88,10.57,10.82,9146,4913600
2013.12.05,10.97,11.46,10.94,11.24,15947,7026200
2013.12.06,11.24,11.41,10.97,11.25,8038,4357700
2013.12.09,11.31,11.55,11.16,11.48,6840,2989500
2013.12.10,11.41,11.62,11.4,11.55,7243,2970400
2013.12.11,11.51,11.63,11.35,11.35,11148,4703000
2013.12.12,11.36,11.45,11.14,11.3,11075,4867600
2013.12.13,11.31,11.52,11.29,11.29,7778,3835700
2013.12.16,11.35,11.84,11.32,11.77,13537,6702400
2013.12.17,11.77,11.94,11.68,11.69,9861,4877500
2013.12.18,11.87,12.26,11.75,12.26,23623,10420900
2013.12.19,12.28,12.72,12.25,12.65,14122,6083600
2013.12.20,12.62,12.88,12.46,12.46,9432,5877200
2013.12.23,12.51,12.95,12.51,12.87,8475,4648300
2013.12.26,12.92,13.21,12.9,12.96,12255,4928900
2013.12.27,12.99,13.08,12.9,12.9,6034,2679600
2013.12.30,12.95,13.16,12.93,12.93,8457,4937300
2014.01.02,13.06,13.08,12.58,12.62,16703,8459500
2014.01.03,12.57,12.98,12.48,12.98,16680,18493100
2014.01.06,12.93,13.09,12.77,12.84,14250,6589200
2014.01.07,12.91,13.03,12.59,12.72,14269,6419900
2014.01.08,12.81,12.93,12.6,12.87,11636,6742300
2014.01.09,12.85,12.9,12.5,12.52,14818,7856500
2014.01.10,12.48,12.62,12.26,12.49,11893,5858700
2014.01.13,12.45,12.71,12.41,12.51,9270,3636800
2014.01.14,12.43,12.49,12.18,12.25,11696,5329300
2014.01.15,12.26,12.46,12.19,12.34,7338,3854600
2014.01.16,12.47,12.48,12.21,12.44,7702,3870500
2014.01.17,12.44,12.51,12.25,12.36,5698,2759700
2014.01.20,12.36,12.44,12.2,12.29,3792,2508600
2014.01.21,12.31,12.32,11.29,11.38,18630,12692000
2014.01.22,11.42,11.48,10.81,11.2,19887,13157600
2014.01.23,11.05,11.15,10.8,10.87,17069,7671600
2014.01.24,10.76,11.02,10.45,10.61,19243,10480900
2014.01.27,10.64,10.83,10.18,10.2,14853,6572400
2014.01.28,10.39,10.44,10.26,10.35,8671,4762100
2014.01.29,10.35,10.47,10.01,10.23,12792,5331900
2014.01.30,10.24,10.56,10.11,10.11,13372,5772300
2014.01.31,10.01,10.13,9.8,10.06,12770,9760600
2014.02.03,9.95,10.15,9.55,9.55,11455,5176200
2014.02.04,9.69,10.1,9.6,10.06,11771,4640400
2014.02.05,9.99,10.08,9.71,9.78,7834,3887300
2014.02.06,9.91,10.47,9.9,10.34,13124,5567700
2014.02.07,10.36,10.52,10.16,10.45,11151,4377700
2014.02.10,10.37,10.39,9.98,10.1,12879,4446500
2014.02.11,10.2,10.6,9.99,10.43,14022,6483400
2014.02.12,10.51,10.73,10.37,10.57,18001,6749700
2014.02.13,10.5,10.55,10.2,10.48,8737,3201400
2014.02.14,10.57,10.65,10.38,10.5,8463,3092100
2014.02.17,10.5,10.58,10.1,10.13,8550,3236100
2014.02.18,10.15,10.2,9.63,9.63,13443,6687900
2014.02.19,9.49,10.23,9.48,10.12,24576,10183500
2014.02.20,9.99,10.44,9.85,10.29,15586,7165000
2014.02.21,10.29,10.39,10.02,10.17,13276,6006000
2014.02.24,10.11,10.2,9.9,10,11678,4982500
2014.02.25,9.92,10.02,9.59,9.66,14613,5074700
2014.02.26,9.8,9.85,9.45,9.56,8299,4176500
2014.02.27,9.61,9.9,9.61,9.88,10013,3767000
2014.02.28,10.07,10.1,9.15,9.19,20047,11907300
2014.03.05,9.01,9.06,8.79,8.85,11751,5490200
2014.03.06,8.9,9.09,8.83,8.91,11039,4797500
2014.03.07,8.9,8.94,8.42,8.46,13864,7079200
2014.03.10,8.31,8.33,7.97,8.19,15811,7923000
2014.03.11,8.29,8.44,8,8,14290,7614900
2014.03.12,7.93,8.21,7.87,8.08,12245,5192300
2014.03.13,8.19,8.21,7.96,7.96,10724,4603000
2014.03.14,8.61,9.22,8.49,8.9,28687,19447600
2014.03.17,9.02,9.11,8.9,8.91,13236,6675500
2014.03.18,9.02,9.15,8.79,9.08,14744,5931000
2014.03.19,9.13,9.13,8.85,8.92,12606,5179900
2014.03.20,8.87,9.01,8.72,8.9,11162,4365300
2014.03.21,8.79,9.13,8.79,8.91,12250,5074900
2014.03.24,9.02,9.12,8.91,9.06,11141,3608200
2014.03.25,9.12,9.33,9.05,9.2,13651,5085100
2014.03.26,9.28,9.4,8.91,8.95,14739,5628900
2014.03.27,9.07,9.37,9.04,9.35,23443,7703100
2014.03.28,9.38,9.54,9.12,9.15,13790,6390400
2014.03.31,9.21,9.34,9.08,9.11,9203,3642000
2014.04.01,9.16,9.18,8.81,8.96,9354,4242500
2014.04.02,8.96,9.25,8.91,9.15,13377,4791200
2014.04.03,9.21,9.21,8.95,9.07,10362,4192400
2014.04.04,9.15,9.39,9.11,9.22,13213,9982000
2014.04.07,9.34,9.38,9.1,9.1,12837,5216300
2014.04.08,9.26,9.39,8.9,8.9,14402,6950100
2014.04.09,8.89,8.89,8.24,8.43,21859,10439300
2014.04.10,8.38,8.63,8.38,8.44,11440,5784100
2014.04.11,8.38,8.62,8.35,8.47,10776,5155100
2014.04.14,8.57,8.87,8.46,8.65,16529,8114200
2014.04.15,8.59,8.66,8.25,8.28,17035,6463300
2014.04.16,8.58,8.73,8.45,8.47,16171,8870200
2014.04.17,8.52,8.91,8.41,8.67,12814,5946400
2014.04.22,8.65,8.84,8.47,8.56,12929,6385400
2014.04.23,8.54,8.58,8.41,8.46,11322,5419600
2014.04.24,8.52,8.65,8.11,8.29,17205,7644200
2014.04.25,8.23,8.25,8.1,8.14,10543,4810200
2014.04.28,8.11,8.13,7.94,8,11026,4316600
2014.04.29,8.05,8.25,8,8.13,11065,4615200
2014.04.30,8.08,8.13,7.92,7.92,11838,4816600
2014.05.02,7.95,8.38,7.91,8.28,9516,5678400
2014.05.05,8.28,8.51,8.2,8.26,7021,4087800
2014.05.06,8.25,8.6,8.21,8.56,17364,9005200
2014.05.07,8.52,8.56,8.17,8.26,14049,9015400
2014.05.08,8.28,8.44,8.23,8.32,19436,7748800
2014.05.09,8.45,8.45,8.22,8.37,7438,4178100
2014.05.12,8.45,8.67,8.36,8.65,11714,4564300
2014.05.13,8.68,8.74,8.58,8.6,8659,4294400
2014.05.14,8.6,8.86,8.6,8.67,9509,3988900
2014.05.15,8.65,8.81,8.63,8.71,8487,3262900
2014.05.16,8.72,8.86,8.6,8.65,8271,3693300
2014.05.19,8.64,8.64,8.41,8.42,7982,4160100
2014.05.20,8.42,8.48,8.05,8.05,15387,5710300
2014.05.21,8.09,8.2,7.96,8.05,19650,5689000
2014.05.22,8.11,8.21,8.02,8.05,10044,4216000
2014.05.23,8.08,8.17,7.96,8.03,21529,7617500
2014.05.26,8.2,8.51,8.17,8.33,9851,7648800
2014.05.27,8.41,8.46,8.29,8.33,8858,4836600
2014.05.28,8.38,8.38,8.07,8.22,12923,6345300
2014.05.29,8.22,8.27,8.09,8.15,6826,3682500
2014.05.30,8.04,8.06,7.89,7.95,13487,8673600
2014.06.02,7.98,8.09,7.93,8.08,9533,4800700
2014.06.03,8.06,8.19,8.01,8.18,7872,4995100
2014.06.04,8.12,8.21,8.08,8.15,7223,3943200
2014.06.05,8.23,8.3,8.14,8.14,6689,3638100
2014.06.06,8.33,8.53,8.27,8.52,18513,9321600
2014.06.09,8.52,8.77,8.45,8.74,14824,6194200
2014.06.10,8.71,8.76,8.56,8.65,12560,5778300
2014.06.11,8.77,8.87,8.65,8.87,10048,4947000
2014.06.13,8.77,8.81,8.66,8.69,12998,5864300
2014.06.16,8.69,8.73,8.49,8.63,11071,5429700
2014.06.17,8.66,8.66,8.5,8.53,5063,2158200
2014.06.18,8.58,8.82,8.51,8.78,13433,5667200
2014.06.20,8.66,8.78,8.57,8.58,11734,7156600
2014.06.23,8.64,8.81,8.61,8.81,5034,3211200
2014.06.24,8.77,9.12,8.73,8.89,14495,8450900
2014.06.25,8.9,9.05,8.77,8.85,11676,5826700
2014.06.26,8.9,8.92,8.73,8.85,8442,4405000
2014.06.27,8.82,8.87,8.64,8.66,8285,4755200
2014.06.30,8.66,8.71,8.5,8.69,9860,4857600
2014.07.01,8.76,8.86,8.65,8.65,6403,3251900
2014.07.02,8.6,8.97,8.58,8.93,12520,5622100
2014.07.03,8.93,9.38,8.93,9.38,14348,6105900
2014.07.04,9.41,9.41,9.33,9.36,2142,998800
2014.07.07,9.29,9.75,9.2,9.65,16095,9468500
2014.07.08,9.62,9.71,9.59,9.65,7474,4624900
2014.07.10,9.81,9.89,9.58,9.76,15119,7909600
2014.07.11,9.76,9.9,9.71,9.82,10217,5076900
2014.07.14,9.84,10.3,9.84,10.24,17042,9896600
2014.07.15,10.24,10.81,10.12,10.64,18910,11866200
2014.07.16,10.68,11.01,10.55,10.58,16471,9401400
2014.07.17,10.54,10.59,9.86,9.88,20807,14299800
2014.07.18,10.69,10.96,10.59,10.7,19640,15705900
2014.07.21,10.73,10.92,10.55,10.82,10321,5560500
2014.07.22,10.79,10.97,10.7,10.7,10380,4488900
2014.07.23,10.59,10.64,10.28,10.45,12022,5906900
2014.07.24,10.45,10.67,10.38,10.55,9504,5016500
2014.07.25,10.55,10.57,10.43,10.45,8512,3225100
2014.07.28,10.46,10.64,10.46,10.64,11097,3619100
2014.07.29,10.66,10.71,10.36,10.36,7793,3320100
2014.07.30,10.44,10.5,10.3,10.37,5580,2888900
2014.07.31,10.27,10.64,10.18,10.59,11925,5504200
2014.08.01,10.55,11.03,10.49,10.87,11316,8100600
2014.08.04,10.81,11.1,10.78,10.96,12761,5566600
2014.08.05,10.95,11.18,10.82,10.82,12037,5118500
2014.08.06,10.81,10.95,10.7,10.7,12675,5870900
2014.08.07,10.65,10.72,10.42,10.54,10560,7121600
2014.08.08,10.42,10.61,10.37,10.44,9006,4558700
2014.08.11,10.47,10.64,10.47,10.48,8751,6388800
2014.08.12,10.45,10.58,10.13,10.13,9149,4529300
2014.08.13,10.1,10.19,9.81,9.91,16686,6545300
2014.08.14,9.86,9.96,9.72,9.77,8694,5596300
2014.08.15,9.89,9.95,9.67,9.67,9590,4722000
2014.08.18,9.72,9.94,9.68,9.84,7708,4760300
2014.08.19,9.94,10.14,9.86,9.92,12632,5712100
2014.08.20,9.99,10.06,9.85,9.98,6589,3067500
2014.08.21,9.95,10.08,9.73,9.73,7058,3196400
2014.08.22,9.71,9.76,9.53,9.64,6213,3197500
2014.08.25,9.74,9.85,9.62,9.81,6657,3264100
2014.08.26,9.86,9.86,9.68,9.73,7776,3095600
2014.08.27,9.8,9.86,9.68,9.71,7567,3902800
2014.08.28,9.6,9.7,9.18,9.21,12068,6816400
2014.08.29,9.26,9.3,8.91,9.09,9181,5998600
2014.09.01,9.1,9.24,8.92,8.92,7892,2862300
2014.09.02,8.96,9.4,8.92,9.2,12154,5959900
2014.09.03,9.12,9.46,9.12,9.4,20174,6466100
2014.09.04,9.29,9.51,9.23,9.25,7922,5430600
2014.09.05,9.3,9.32,8.95,9.03,7386,5845400
2014.09.08,9.11,9.14,8.77,8.77,11540,6017800
2014.09.09,8.65,9.01,8.65,8.81,9412,6142700
2014.09.10,8.74,8.9,8.66,8.85,9483,6529700
2014.09.11,8.93,8.94,8.67,8.77,7076,4142800
2014.09.12,8.66,8.87,8.61,8.69,9754,4510700
2014.09.15,8.68,8.95,8.67,8.92,8018,4307000
2014.09.16,8.92,9.19,8.85,9.03,10309,3949100
2014.09.17,9.1,9.18,8.92,8.92,8292,3768400
2014.09.18,8.92,9.32,8.85,9.24,17301,8819300
2014.09.19,9.26,9.45,9.13,9.31,13111,6976800
2014.09.22,9.05,9.16,8.88,9,12153,6286400
2014.09.23,8.91,9.12,8.84,9.02,8246,3664600
2014.09.24,8.92,9.21,8.91,9.08,7849,3747200
2014.09.25,9.12,9.14,8.83,8.91,8778,4888200
2014.09.26,8.94,8.94,8.47,8.52,13534,5915800
2014.09.29,8.38,8.51,8.12,8.13,13412,7217700
2014.09.30,8.13,8.15,7.97,8.05,8998,4761300
2014.10.01,8.04,8.08,7.82,7.87,14932,5075000
2014.10.02,7.89,8.13,7.83,8.08,12856,5156700
2014.10.03,8.42,8.43,8.13,8.18,13892,7662800
2014.10.06,8.38,8.67,8.15,8.26,19460,6405500
2014.10.07,8.42,8.5,8.3,8.33,11629,4909200
2014.10.08,8.49,8.5,8.28,8.36,11041,4610900
2014.10.09,8.45,8.51,8.05,8.05,16266,7163800
2014.10.10,8.05,8.07,7.78,7.78,16045,6918500
2014.10.13,7.95,8.13,7.87,7.98,12130,5442300
2014.10.14,8.02,8.47,7.96,8.29,8169,4207900
2014.10.15,8.14,8.29,8.07,8.26,13437,5311100
2014.10.16,8,8.28,7.9,8.04,10444,4903500
2014.10.17,8.11,8.2,7.85,7.85,9335,5436900
2014.10.20,7.88,7.89,7.61,7.79,8710,4610800
2014.10.21,7.62,7.85,7.59,7.68,13852,5728600
2014.10.22,7.68,7.87,7.61,7.67,8164,4926100
2014.10.23,7.63,8.27,7.58,8.05,19134,7111200
2014.10.24,7.98,8.76,7.98,8.46,15010,6885300
2014.10.27,8.14,8.39,7.74,7.74,23760,8614500
2014.10.28,7.83,7.94,7.64,7.72,9460,5285300
2014.10.29,7.75,7.78,7.4,7.4,10717,5866800
2014.10.30,7.41,7.41,7.07,7.22,8121,5634800
2014.10.31,7.25,7.74,7.18,7.63,9209,5016300
2014.11.03,7.58,7.72,7.39,7.51,7238,3317400
2014.11.04,7.59,7.81,7.43,7.73,7972,3312800
2014.11.05,7.67,7.8,7.48,7.49,6150,3341700
2014.11.06,7.45,7.49,7.14,7.14,8900,3811800
2014.11.07,7.22,7.28,7.09,7.28,11405,4473800
2014.11.10,7.39,7.4,7.19,7.25,5738,2781100
2014.11.11,7.17,7.19,6.91,6.92,9644,5513900
2014.11.12,6.93,7.11,6.84,6.84,5182,3764200
2014.11.13,6.89,6.94,6.7,6.76,12719,5369000
2014.11.14,6.59,6.65,6.25,6.52,16527,11474900
2014.11.17,6.48,6.6,6.27,6.38,7837,4462300
2014.11.18,6.37,6.43,6.06,6.14,14029,6623400
2014.11.19,6.03,6.14,5.84,5.9,15774,8844100
2014.11.21,6.02,6.48,5.94,6.18,22352,10231200
2014.11.24,6.38,6.59,6.23,6.26,14935,7121000
2014.11.25,6.3,6.38,6.06,6.18,10070,7915600
2014.11.26,6.24,6.25,5.69,5.69,10290,8080300
2014.11.27,5.75,5.82,5.49,5.55,7607,4421500
2014.11.28,5.58,5.71,5.56,5.6,9827,4355700
2014.12.01,5.59,5.59,5.29,5.35,16581,6250500
2014.12.02,5.41,5.5,5.1,5.13,7051,4666700
2014.12.03,5.19,5.32,5.16,5.26,5445,3002300
2014.12.04,5.31,5.31,5.04,5.04,6415,3808600
2014.12.05,5.13,5.32,5.06,5.11,9798,6676600
2014.12.08,5.11,5.2,4.83,4.85,9066,5282500
2014.12.09,4.82,4.86,4.64,4.67,6399,4720900
2014.12.10,4.69,4.79,4.52,4.52,8601,5913800
2014.12.11,4.56,4.62,4.46,4.48,9715,6986800
2014.12.12,4.45,4.52,4.16,4.2,12377,8860400
2014.12.15,4.19,4.38,3.91,4.3,14021,11406100
2014.12.16,4.15,4.69,4.08,4.57,14846,9458400
2014.12.17,4.7,5.27,4.67,5.11,23457,13071900
2014.12.18,5.28,5.39,4.87,4.89,15021,10027500
2014.12.19,4.88,5.28,4.77,5.28,13441,6985400
2014.12.22,5.32,5.46,5.11,5.44,12548,6251100
2014.12.23,5.44,5.98,5.36,5.91,12933,5839000
2014.12.26,5.86,6,5.55,5.58,5834,4003600
2014.12.29,5.62,5.8,5.36,5.41,10571,4720000
2014.12.30,5.42,5.51,5.16,5.16,7159,5275300
2015.01.02,5.24,5.35,4.84,4.84,12633,5675500
2015.01.05,4.84,4.84,4.58,4.65,16569,7303300
2015.01.06,4.69,5.15,4.66,4.97,16682,9974200
2015.01.07,5.15,5.54,5.07,5.51,18115,9719300
2015.01.08,5.62,5.75,5.23,5.37,7040,8981000
2015.01.09,5.28,5.32,5.05,5.17,12471,8064400
2015.01.12,5.14,5.2,4.95,5.13,7990,3673900
2015.01.13,5.14,5.4,4.86,4.86,12848,8571000
2015.01.14,4.78,4.85,4.63,4.68,15524,7479400
2015.01.15,4.72,4.95,4.65,4.65,17024,7181900
2015.01.16,4.74,5.04,4.67,4.95,13837,6483300
2015.01.19,4.92,4.94,4.6,4.6,10095,5733200
2015.01.20,4.74,4.97,4.65,4.83,11726,8395000
2015.01.21,4.87,5.06,4.71,5.02,13792,6037000
2015.01.22,5.09,5.3,5.05,5.11,7541,5356100
2015.01.23,5.05,5.07,4.8,4.8,6887,4390700
2015.01.26,4.75,4.84,4.63,4.82,9784,5959100
2015.01.27,4.72,4.78,4.56,4.59,11409,6146400
2015.01.28,4.56,4.58,4.4,4.4,7660,6400300
2015.01.29,4.42,4.49,4.19,4.22,9423,6994500
2015.01.30,4.13,4.18,3.98,3.99,9785,7329800
2015.02.02,4.07,4.18,3.98,4.18,7116,4212600
2015.02.03,4.24,4.46,4.24,4.34,7016,4055600
2015.02.04,4.37,4.49,4.27,4.27,7789,4458900
2015.02.05,4.22,4.36,4.17,4.22,5505,3994000
2015.02.06,4.21,4.4,4.13,4.4,11087,9154600
2015.02.09,4.4,4.91,4.39,4.78,8018,7951300
2015.02.10,4.7,5.03,4.69,4.76,11927,7863900
2015.02.11,4.74,4.9,4.62,4.86,6733,4293400
2015.02.12,4.92,4.99,4.61,4.61,7293,5751700
2015.02.13,4.66,4.87,4.51,4.65,5778,6029900
2015.02.18,4.73,4.94,4.73,4.84,6415,3730800
2015.02.19,4.85,4.95,4.77,4.85,3623,2504000
2015.02.20,4.88,5.22,4.87,5.06,5306,6984500
2015.02.23,5.1,5.21,4.84,4.86,5257,4432600
2015.02.24,4.87,5,4.82,4.93,5399,3954800
2015.02.25,4.89,5.04,4.87,4.96,7157,4788200
2015.02.26,5.03,5.03,4.87,4.94,4785,4444600
2015.02.27,4.95,5.08,4.91,4.94,8834,5687100
2015.03.02,4.97,5.06,4.89,4.98,5019,4844300
2015.03.03,5.03,5.13,4.96,5.02,4976,3720800
2015.03.04,4.99,5.2,4.94,5.02,7711,6246100
2015.03.05,5.1,5.14,4.89,4.89,5615,4571500
2015.03.06,4.88,4.92,4.67,4.75,9002,6233700
2015.03.09,4.69,4.97,4.62,4.97,9038,6421000
2015.03.10,4.91,5.09,4.89,4.94,8529,6268700
2015.03.11,5.01,5.05,4.87,4.99,8631,3976200
2015.03.12,5.2,5.42,5.12,5.35,12539,9325000
2015.03.13,5.3,5.53,5.28,5.5,9462,5707100
2015.03.16,5.55,5.67,5.38,5.59,8939,5763000
2015.03.17,5.59,5.91,5.59,5.81,10548,5459800
2015.03.18,5.8,5.94,5.7,5.7,6845,4902800
2015.03.19,5.65,5.75,5.52,5.56,6323,3969900
2015.03.20,5.61,5.88,5.6,5.88,10560,7144900
2015.03.23,5.83,5.96,5.79,5.92,4004,2917700
2015.03.24,5.95,5.98,5.72,5.84,6348,3680600
2015.03.25,5.9,6.18,5.79,6.1,7047,4813400
2015.03.26,6.1,6.14,5.87,6.05,8859,5297200
2015.03.27,5.99,6.04,5.54,5.62,10155,5411100
2015.03.30,5.71,5.81,5.63,5.71,6250,3604500
2015.03.31,5.69,5.75,5.43,5.43,10692,8216000
2015.04.01,5.58,5.66,5.52,5.57,10999,5965000
2015.04.02,5.51,5.72,5.43,5.62,8088,5213700
2015.04.06,5.74,5.86,5.7,5.79,7853,3726200
2015.04.07,5.81,5.92,5.7,5.7,4977,3481100
2015.04.08,5.75,5.88,5.57,5.59,8773,7802200
2015.04.09,5.63,5.76,5.51,5.58,5099,3549100
2015.04.10,5.6,5.73,5.57,5.68,5163,3001500
2015.04.13,5.68,5.73,5.59,5.67,4287,2645000
2015.04.14,5.66,5.84,5.66,5.84,4318,3450500
2015.04.15,5.91,6.6,5.86,6.34,13096,9526500
2015.04.16,6.4,6.94,6.4,6.57,8800,7751000
2015.04.17,6.5,6.5,6.1,6.1,12280,5637900
2015.04.20,6.17,6.27,6.11,6.14,5761,4077000
2015.04.22,6.18,6.61,6.16,6.57,12601,5835400
2015.04.23,6.59,7.16,6.54,7.05,8591,6123000
2015.04.24,7.17,7.42,7.04,7.23,7985,5156200
2015.04.27,7.25,7.91,7.15,7.91,14139,8943600
2015.04.28,8.04,8.37,7.88,7.89,14735,12803600
2015.04.29,7.65,7.83,7.56,7.79,8480,7439200
2015.04.30,7.64,8.3,7.53,8.07,11574,7187700
2015.05.04,8.27,8.79,8.26,8.66,9435,7020000
2015.05.05,8.55,9.1,8.55,9.02,9316,6611400
2015.05.06,9.26,9.4,8.85,9.05,14329,8663500
2015.05.07,9.05,9.06,8.3,8.35,13219,6537400
2015.05.08,8.5,8.67,7.98,8.09,10156,7192000
2015.05.11,8.16,8.57,8.16,8.55,6660,5100900
2015.05.12,8.51,8.61,8.23,8.31,7519,4533700
2015.05.13,8.27,8.37,7.91,7.93,8971,5868800
2015.05.14,7.91,8.1,7.66,7.91,9008,5766200
2015.05.15,7.88,8.01,7.8,7.83,8137,3551800
2015.05.18,7.85,7.96,7.53,7.59,8237,5089500
2015.05.19,7.51,7.51,7.09,7.17,9069,4279300
2015.05.20,7.09,7.45,7.02,7.38,9324,5002500
2015.05.21,7.36,7.53,7.23,7.3,5988,3825300
2015.05.22,7.34,7.53,7.06,7.2,8712,3918500
2015.05.25,7.13,7.39,7.1,7.16,5829,2232800
2015.05.26,7.21,7.31,6.97,7.04,9229,5337100
2015.05.27,6.99,7.12,6.87,7.05,7463,4590000
2015.05.28,6.88,6.94,6.5,6.57,9570,5975600
2015.05.29,6.6,6.65,6.16,6.16,12403,11193000
2015.06.01,6.18,6.43,6.08,6.37,5910,4622700
2015.06.02,6.38,6.82,6.34,6.7,10570,5593800
2015.06.03,6.78,6.84,6.43,6.5,12134,5792400
2015.06.05,6.34,6.45,6.1,6.16,10923,4804900
2015.06.08,6.21,6.22,5.97,6.08,7612,5282200
2015.06.09,6.06,6.25,6.02,6.11,6444,3716000
2015.06.10,6.2,6.29,6.04,6.04,9209,3317200
2015.06.11,6.16,6.22,6.01,6.13,4985,3410700
2015.06.12,6.08,6.19,6,6.13,6107,2973900
2015.06.15,6.09,6.14,5.94,6.02,9473,3461200
2015.06.16,6.01,6.02,5.8,5.8,12978,4947000
2015.06.17,5.77,5.78,5.54,5.67,5199,3256700
2015.06.18,5.71,5.81,5.57,5.76,5350,4488200
2015.06.19,5.65,5.82,5.61,5.72,3633,3164800
2015.06.22,5.77,5.85,5.65,5.68,3686,2501600
2015.06.23,5.73,5.75,5.65,5.67,2244,1785500
2015.06.24,5.73,5.73,5.52,5.59,3188,2184200
2015.06.25,5.54,5.56,5.33,5.39,4463,4248600
2015.06.26,5.4,5.63,5.36,5.56,4241,2560400
2015.06.29,5.45,5.52,5.32,5.32,5395,2590300
2015.06.30,5.35,5.35,5.12,5.17,10529,3833500
2015.07.01,5.17,5.25,5.06,5.11,4487,2521400
2015.07.02,5.05,5.1,4.92,4.95,7301,3555700
2015.07.03,4.92,4.92,4.75,4.77,4223,2629600
2015.07.06,4.64,4.99,4.62,4.87,8052,4787900
2015.07.07,4.83,4.93,4.65,4.9,7442,5109600
2015.07.08,4.77,4.96,4.63,4.65,8888,5641800
2015.07.10,4.88,4.88,4.5,4.54,5265,5470000
2015.07.13,4.54,4.95,4.42,4.86,6117,7380600
2015.07.14,4.8,4.85,4.65,4.77,6716,4221500
2015.07.15,4.78,4.94,4.61,4.67,4335,3727900
2015.07.16,4.67,4.78,4.5,4.58,5178,4069400
2015.07.17,4.6,4.7,4.48,4.5,8154,4152800
2015.07.20,4.53,4.56,4.33,4.33,6324,3680800
2015.07.21,4.32,4.4,4.06,4.06,7997,7383800
2015.07.22,4.01,4.09,3.93,3.95,5924,6700600
2015.07.23,3.93,4.14,3.91,4.01,7458,6968600
2015.07.24,4.05,4.12,3.9,3.98,6799,4944600
2015.07.27,3.91,3.96,3.8,3.8,5973,4752900
2015.07.28,3.85,4.18,3.82,4.18,9808,7014700
2015.07.29,4.23,4.28,4.1,4.17,7244,5619500
2015.07.30,4.18,4.26,4.02,4.14,9887,5470900
2015.07.31,4.12,4.38,4.04,4.33,7327,6265700
2015.08.03,4.32,4.44,4.23,4.31,7560,4664000
2015.08.04,4.36,4.46,4.31,4.36,6311,2744500
2015.08.05,4.47,4.59,4.35,4.35,7486,5828100
2015.08.06,4.29,4.38,4.18,4.18,7223,4901200
2015.08.07,4.16,4.2,3.99,4,9384,5303900
2015.08.10,4.03,4.09,3.96,4,5783,3863400
2015.08.11,3.95,3.98,3.82,3.85,7422,4939900
2015.08.12,3.86,4.05,3.8,3.98,11192,7142200
2015.08.13,3.85,3.94,3.6,3.6,16144,15303800
2015.08.14,3.58,3.63,3.44,3.44,7600,6721900
2015.08.17,3.45,3.51,3.4,3.46,6680,5019500
2015.08.18,3.41,3.43,3.3,3.31,7193,6233900
2015.08.19,3.27,3.3,3.1,3.12,7886,6342500
2015.08.20,3.05,3.19,3.04,3.16,6002,4045000
2015.08.21,3.11,3.14,3.03,3.05,7025,4126500
2015.08.24,2.8,2.94,2.75,2.83,12242,7630300
2015.08.25,2.93,2.96,2.78,2.78,6875,4307200
2015.08.26,2.82,3.14,2.76,3.14,8410,7993200
2015.08.27,3.18,3.5,3.18,3.45,9552,8697300
2015.08.28,3.4,3.54,3.32,3.36,7062,6307700
2015.08.31,3.25,3.56,3.19,3.5,7069,6621500
2015.09.01,3.36,3.6,3.35,3.53,7036,5605800
2015.09.02,3.6,3.74,3.54,3.71,5316,5581500
2015.09.03,3.8,3.88,3.7,3.85,7470,5686600
2015.09.04,3.68,4.03,3.68,4.03,9404,10077700
2015.09.08,4.13,4.4,4.1,4.26,7384,6039100
2015.09.09,4.44,4.56,4.3,4.33,9146,6616300
2015.09.10,4.11,4.67,4.11,4.66,16936,10621100
2015.09.11,4.7,5.18,4.66,5.13,12637,11948800
2015.09.14,5.24,5.39,4.74,4.92,17333,13113800
2015.09.15,4.83,5,4.66,4.92,12541,10503600
2015.09.16,5.07,5.23,4.98,5.15,11893,7037800
2015.09.17,5.13,5.48,5.08,5.42,11502,8450000
2015.09.18,5.38,5.75,5.34,5.75,16388,13924200
2015.09.21,5.84,5.85,5.66,5.66,5510,5351500
2015.09.22,5.43,5.43,5.06,5.12,12941,10939600
2015.09.23,5.12,5.12,4.07,4.07,17870,12761600
2015.09.24,3.85,4.49,3.85,4.2,15697,16915800
2015.09.25,4.31,4.44,3.92,4.01,13836,10970500
2015.09.28,3.9,4.14,3.86,3.96,7304,7047800
2015.09.29,4.02,4.13,3.93,3.93,4428,5255900
2015.09.30,4.12,4.15,3.92,3.92,6422,6843900
2015.10.01,3.94,4.09,3.69,3.69,10815,8894900
2015.10.02,3.62,3.86,3.56,3.78,10899,8449600
2015.10.05,3.87,4.15,3.85,4.09,11317,6713600
2015.10.06,4.17,4.47,4.17,4.44,6999,7074300
2015.10.07,4.65,4.95,4.56,4.7,10659,7964200
2015.10.08,4.76,5.05,4.7,5,11486,7911200
2015.10.09,5.2,5.49,5.15,5.33,21048,12010300
2015.10.13,5.12,5.19,4.55,4.66,10719,8659500
2015.10.14,4.76,4.91,4.44,4.44,23863,19679100
2015.10.15,4.53,4.79,4.36,4.69,13027,10207700
2015.10.16,4.85,5.04,4.71,5.02,13311,16885800
2015.10.19,5.1,5.24,4.97,5.13,10128,8132200
2015.10.20,5.2,5.2,4.75,4.8,10464,7968800
2015.10.21,4.8,4.9,4.65,4.68,11017,7440400
2015.10.22,4.66,4.98,4.66,4.8,11570,7478100
2015.10.23,4.99,5.08,4.92,4.92,8942,7158900
2015.10.26,5,5.04,4.88,4.96,6378,4144900
2015.10.27,4.94,5.03,4.9,4.92,6077,4634400
2015.10.28,4.93,4.94,4.61,4.61,7375,6770800
2015.10.29,4.49,4.65,4.29,4.31,7718,5421100
2015.10.30,4.26,4.5,4.26,4.34,7268,5212400
2015.11.03,4.5,5.17,4.41,5.06,15369,12458000
2015.11.04,5.2,5.33,4.86,4.96,12668,10417400
2015.11.05,4.96,5.06,4.87,4.95,4967,5076300
2015.11.06,4.98,5.17,4.78,5,10292,8846900
2015.11.09,4.99,5.23,4.98,5.06,9392,6248700
2015.11.10,5.08,5.18,5.04,5.16,7906,4251900
2015.11.11,5.23,5.46,5.23,5.34,7785,6183100
2015.11.12,5.39,5.46,5.31,5.37,4865,3474600
