2010.01.04,68617.85,70080.97,68617.85,70045.08,209535,159663800
2010.01.05,70051.58,70594.55,69927.8,70239.82,251757,193367200
2010.01.06,70232.58,70936.6,70016.47,70729.34,249688,205560400
2010.01.07,70669.55,70669.55,70045.06,70451.12,235675,171884900
2010.01.08,70464.89,70765.89,70158.14,70262.7,215555,158714500
2010.01.11,70278.03,71068.06,70158.31,70433.49,236036,156195800
2010.01.12,70421.4,70421.4,69284.03,70075.78,226660,161334200
2010.01.13,70094.06,70626.26,69535.22,70385.47,241720,177598800
2010.01.14,70372.19,70508.21,69661.25,69801.42,253487,190607900
2010.01.15,69779.55,69787.85,68695.3,68978.3,230760,169426600
2010.01.18,69029.03,69748.16,69029.03,69400.93,129951,113731400
2010.01.19,69393.9,70036.49,68867.31,69908.59,205588,147351100
2010.01.20,69901.39,69901.39,67546.34,68200.07,264549,193711000
2010.01.21,68211.82,68458.4,65996.26,66270.14,290432,220168300
2010.01.22,66263.64,66660.15,65445.43,66220.04,257345,199196400
2010.01.26,66120.87,66120.87,64718.91,65523.73,258714,194040300
2010.01.27,65527.31,65663.4,64553.09,65069.79,254784,180282000
2010.01.28,65071.64,66049.09,64541.49,65587.81,195316,161486700
2010.01.29,65590.65,66575.98,65140.33,65401.77,215212,180810600
2010.02.01,65392.64,66763.43,65361.8,66571.74,212056,164719000
2010.02.02,66592.05,67320.58,66538.84,67163.21,212219,163060600
2010.02.03,67177.1,67346.55,66774.24,67108.56,214762,176910900
2010.02.04,67090.65,67090.65,63749.52,63934.01,274082,226759200
2010.02.05,63932.4,64000.62,61341.11,62762.7,337559,292460700
2010.02.08,62759.82,63922.92,62727.6,63153.09,264081,190603900
2010.02.09,63170.17,65525.94,63170.17,64718.17,284824,235976600
2010.02.10,64729.05,65169.82,64320.46,65051.42,204814,159004900
2010.02.11,65049.67,66145.28,64344.48,66128.94,248060,199507800
2010.02.12,66121.27,66121.27,64965.41,65854.97,211073,149785300
2010.02.17,65888.26,67542.19,65888.26,67284.57,239704,154976600
2010.02.18,67290.18,67836.08,66550.09,67836.08,3338,2414000
2010.02.19,67755.66,67935.23,67210.14,67597.43,889,1739900
2010.02.22,67611.4,68119.58,67035.01,67184.16,2951,3683800
2010.02.23,67178.74,67178.74,65660.25,66108.33,870,1131000
2010.02.24,66110.33,66513.64,65534.34,65794.77,187750,170274100
2010.02.25,65766.34,66324.75,64428.97,66121.04,237591,193849900
2010.02.26,66117.81,66510.01,65607.46,66503.27,226420,186837000
2010.03.01,66632.73,67397.34,66632.73,67227.93,194930,146150300
2010.03.02,67251.87,68249.64,67251.83,67779.16,216261,186050900
2010.03.03,67779.71,68813.43,67481.9,67641.34,269802,226693100
2010.03.04,67667.13,68197.72,66923.97,67814.71,188790,148973400
2010.03.05,67861.47,68930.38,67861.47,68846.5,223980,206389300
2010.03.08,68850.8,69070.05,68318.27,68575.47,208777,156486000
2010.03.09,68573.29,70143.94,68255.02,69576.38,291056,265178300
2010.03.10,69577.54,70476.34,69577.54,69979.28,232968,206129500
2010.03.11,69980.85,70183.45,69411.4,69884.61,189001,173180200
2010.03.12,69910.12,70486.15,69341.38,69341.38,203263,167514100
2010.03.15,69272.42,69384.1,68622.76,69023.75,182783,154607700
2010.03.16,69021.8,69948.99,69021.8,69942.21,183570,141576600
2010.03.17,69946.77,70423.95,69376.19,69723.24,204440,150803400
2010.03.18,69730.49,70127.72,68972.41,69697.33,215007,177834200
2010.03.19,69704.11,69998.36,68773.09,68828.98,208753,208590700
2010.03.22,68813.61,69121.09,67899.04,69041.73,176455,150573400
2010.03.23,69048.74,69612.73,68913.43,69386.72,209278,169449400
2010.03.24,69382.91,69677.2,68743.65,68913.4,217351,170804800
2010.03.25,68943.07,69571.96,68376.52,68441.66,223607,159206000
2010.03.26,68442.21,68909.82,68024.37,68682.66,227552,186440600
2010.03.29,68681.26,69942.63,68681.26,69939.12,199304,164302700
2010.03.30,69941.84,70450.66,69750.47,69959.58,204758,159307900
2010.03.31,69959.04,70391.8,69573.05,70371.54,257705,182097000
2010.04.01,70373.04,71401.09,70373.04,71136.34,221744,169896000
2010.04.05,71148.46,71645.26,71148.46,71289.68,173438,142503500
2010.04.06,71289.64,71711.44,70822.82,71095.65,236848,185209100
2010.04.07,71092.38,71257.35,70531.05,70792.94,235828,186188800
2010.04.08,70792.54,71805.04,70461.58,71784.78,239751,186799000
2010.04.09,71783.17,71989.18,71306.97,71417.27,236386,183334800
2010.04.12,71411.25,71606.79,70505.44,70614.36,195196,164468400
2010.04.13,70618.37,71053.49,70168.89,70792.4,245723,173788700
2010.04.14,70793.63,71207.26,70628.28,71034.85,256324,193776000
2010.04.15,71036.07,71065.5,70429.28,70524.35,256518,241959800
2010.04.16,70486.58,70489.64,69012.98,69421.35,250627,219825000
2010.04.19,69418.33,69431.13,68377.96,69097.58,260078,185143800
2010.04.20,69100.69,69701.84,69100.69,69318.44,235307,186087600
2010.04.22,69310.77,69527.72,68080.81,69386.41,268661,193600400
2010.04.23,69387.87,69709.07,68831.86,69509.49,206888,147381300
2010.04.26,69509.36,69810.17,68813.33,68871.94,164576,126027100
2010.04.27,68813.59,68818.09,66499.1,66511.1,290518,221384100
2010.04.28,66524.43,67253.27,65914.2,66655.71,270010,200692200
2010.04.29,66660.74,68012.4,66660.74,67978.05,218144,172825400
2010.04.30,67975.08,67975.08,67242.66,67529.73,261344,226374400
2010.05.03,67539.38,67968.73,66722.64,67119.41,267256,224781200
2010.05.04,67116.31,67116.31,64588.17,64869.32,390497,357191100
2010.05.05,64859.43,65611.84,63533.43,64914.17,327937,291842900
2010.05.06,64914.73,65533.22,60774.25,63414.22,426344,356300600
2010.05.07,63428.28,63945.25,61662.52,62870.88,398631,313717300
2010.05.10,62883.1,66083.32,62883.1,65452.68,312546,257291800
2010.05.11,65384.39,65732.6,64424.89,64424.89,274319,253747600
2010.05.12,64494.49,65351.09,64494.49,65223.63,230395,216623500
2010.05.13,65222.63,65427.44,64737.75,64788.22,242023,191934100
2010.05.14,64762.58,64762.58,63049.8,63412.47,283692,236703100
2010.05.17,63406.48,63593.46,61824.6,62866.26,310696,293011200
2010.05.18,62870.62,63529.29,60809.83,60841.08,359549,300679000
2010.05.19,60841.08,60849.87,59068.09,59689.32,391180,347682600
2010.05.20,59494.18,59494.18,57633.9,58192.08,392339,367218600
2010.05.21,58192.39,60302.72,57996.6,60259.33,348762,277526400
2010.05.24,60143,60849.81,59814.59,59915.14,247664,194978000
2010.05.25,59911.8,59911.8,57876.18,59184.08,334103,282197600
2010.05.26,59178.74,60701.42,59178.74,60190.36,380394,404866200
2010.05.27,60189.52,62261.95,60188.55,62091.77,282805,260441500
2010.05.28,62076.15,62246.9,61305.31,61946.99,259751,226300300
2010.05.31,61982.98,63046.51,61969.22,63046.51,144645,136845300
2010.06.01,63033.1,63033.1,61605.43,61840.99,269531,257259800
2010.06.02,61813.53,63197.71,61813.53,62942.91,243173,206787000
2010.06.04,62933.31,62933.31,61422.19,61675.75,292702,187191300
2010.06.07,61674.96,62118.67,61099.17,61182.92,249071,175811300
2010.06.08,61186.76,62000.13,61186.76,61855.52,249604,175830900
2010.06.09,61805.81,62684.49,61478.61,61478.61,251999,188915900
2010.06.10,61484.49,63146.32,61484.49,63048.8,239428,190027000
2010.06.11,63029.38,63766.11,62370.79,63605.38,203680,155429700
2010.06.14,63613.14,64295.85,63529.36,63532.85,235662,190065300
2010.06.15,63535.29,64554.35,63535.29,64442.27,195539,136726700
2010.06.16,64428.09,65097.18,63974.28,64750.71,401316,260147600
2010.06.17,64744.6,65182.01,64114.55,64540.91,259256,201725200
2010.06.18,64543.12,64940.57,64239.13,64437.58,230701,198694900
2010.06.21,64443.1,65516.85,64443.1,64829.03,228918,173555600
2010.06.22,64843.39,65830.86,64689.59,64810.62,262995,210077400
2010.06.23,64816.22,65160.67,64247.47,65160.33,223345,191871800
2010.06.24,65112.52,65112.52,63735.61,63936.7,266583,197515300
2010.06.25,63935.76,64868.94,63806.08,64823.83,171064,136805300
2010.06.28,64825.14,65104.67,64225.22,64225.22,158375,105843500
2010.06.29,64215.55,64215.55,61670.12,61977.91,306097,251777500
2010.06.30,61971.59,62644.69,60935.9,60935.9,306557,222431300
2010.07.01,60934.5,61381.03,60055.71,61236.2,325439,265403300
2010.07.02,61387.74,61811.57,60763.62,61429.79,229662,135273300
2010.07.05,61462.29,61667.07,60796.2,60865.27,139292,88848700
2010.07.06,60870.79,62450.61,60870.79,62064.75,279341,200345500
2010.07.07,62109.08,63313.36,62004.44,63283.8,282592,205667800
2010.07.08,63305.4,63595.7,62894.62,63476.32,270362,193001800
2010.07.12,63501.11,63972.36,62749.61,62960.1,234224,141628700
2010.07.13,62967.08,63777.14,62967.08,63685.56,255796,176826400
2010.07.14,63687.5,63687.5,63014.77,63479.46,234268,160767900
2010.07.15,63466.84,63612.24,62960.36,63489.37,242507,170567000
2010.07.16,63492.16,63492.16,62298.21,62339.27,202665,148485000
2010.07.19,62358.76,63299.85,62358.76,63297.04,192019,141231700
2010.07.20,63281.48,64481.19,62901.91,64462.5,310790,261074900
2010.07.21,64464.57,65136.2,64209.24,64476.84,242870,197878200
2010.07.22,64503.73,66212.79,64503.73,65748.1,259384,252608500
2010.07.23,65749.27,66322.99,65427.34,66322.99,229115,166009700
2010.07.26,66307.26,66618.61,66150.64,66443.26,194735,134338300
2010.07.27,66669.21,67102.17,66293.03,66674.44,255919,172887500
2010.07.28,66665.75,67050.77,66427.17,66808.25,256656,217072000
2010.07.29,66829.4,67428.2,66596.03,66953.83,262009,230968800
2010.07.30,66856.12,67608.09,66217.88,67515.4,283675,225586200
2010.08.02,67526.99,68753.77,67526.99,68517.46,286390,192859600
2010.08.03,68516.8,68560.68,67942.44,67997.36,267804,205778500
2010.08.04,67995.9,68534.2,67577.4,68272,264222,202087400
2010.08.05,68218.74,68470.97,68002.47,68411.72,231444,173898000
2010.08.06,68416.11,68508.95,67685.68,68094.76,244958,164343300
2010.08.09,68096.39,68512.67,67749.39,67862.28,204597,140336800
2010.08.10,67810.38,67810.38,66946.43,67223.23,260665,176202500
2010.08.11,67215.64,67215.64,65690.39,65790.29,242213,188543200
2010.08.12,65787.87,66027.35,65257.27,65966.17,211096,168887900
2010.08.13,65931.54,66589.9,65921.43,66264.43,239204,209508700
2010.08.16,66275.11,66867.71,66186.95,66701.89,222292,167209400
2010.08.17,66705.71,67665.64,66705.27,67583.77,259497,192724100
2010.08.18,67585.42,67745.45,67005.75,67638.38,363309,263423800
2010.08.19,67640.83,67712.83,66823.59,66887.13,265822,206859300
2010.08.20,66876.79,66888.26,66336.57,66677.16,201780,152673800
2010.08.23,66677.71,67175.24,65981.86,65981.86,211800,149558400
2010.08.24,65825.32,65825.32,65012.56,65156.36,255984,173953400
2010.08.25,65138.93,65138.93,64163.55,64803.43,254914,191035300
2010.08.26,64801.59,65270.95,63803.94,63867.48,281684,192833300
2010.08.27,63908.79,65589.15,63862.03,65585.14,309089,195041000
2010.08.30,65578.62,65578.62,64254.51,64260.79,222525,144784800
2010.08.31,64236.72,65181.93,64201.99,65145.45,280353,236221200
2010.09.01,65217.89,67072.53,65217.89,67072.53,323107,284546800
2010.09.02,67072.53,67167.76,66404.82,66808.08,233958,173388000
2010.09.03,66844.56,67672.77,66541.1,66678.62,296842,217170500
2010.09.06,66678.62,66949.28,66379.67,66747.3,105496,69341000
2010.09.08,66694.5,66694.5,66101.43,66407.28,284535,186245100
2010.09.09,66411.3,66806.5,66352.84,66624.1,228802,158156200
2010.09.10,66621.87,66919.8,66459.39,66806.79,217891,167389600
2010.09.13,66807.35,68141.51,66807.35,68030.58,319449,232180300
2010.09.14,68029.68,68092.84,67561.34,67691.85,309207,278742100
2010.09.15,67687.09,68107.21,67119.35,68106.85,289095,237033800
2010.09.16,68099.5,68099.5,67506.97,67662.99,198859,159589800
2010.09.17,67664.26,67773.03,66992.96,67089.12,236102,176174100
2010.09.20,67120.22,68241.11,67009.45,68190.46,251035,193691300
2010.09.21,68188.93,68255.32,67528.23,67719.13,254894,190634600
2010.09.22,67708.34,68549.08,67346.31,68325.18,415844,272617900
2010.09.23,68264.51,69600.85,67892.34,68794.32,475722,359148100
2010.09.24,68800.33,69571.16,68021.31,68196.48,406180,372459900
2010.09.27,68197.38,68926.35,68011.36,68815.97,293422,226956700
2010.09.28,68811.06,69431.02,68454.87,69227.63,278382,197922600
2010.09.29,69224.78,69419.89,68958.05,69228.24,345793,333449500
2010.09.30,69231.69,69736.76,68924.43,69429.78,330302,265694700
2010.10.01,69470.14,70242.59,69227.96,70229.35,335884,266620100
2010.10.04,70230.66,70551.26,70089.01,70384.92,329497,202237000
2010.10.05,70391.92,71285.03,70391.92,71283.11,383646,290330200
2010.10.06,71284.08,71290.43,70342.87,70541.37,404305,299787900
2010.10.07,70537.96,70738.87,69313.57,69918.4,320754,273518000
2010.10.08,69923.21,70827.75,69698.03,70808.8,275855,230141300
2010.10.11,70828.93,71110.51,70823.9,70946.49,225808,127160200
2010.10.13,70949.95,71994.8,70949.95,71674.9,582172,327656900
2010.10.14,71631.23,71961.27,71263.87,71692.29,359815,283165000
2010.10.15,71698.63,72139.59,71351.38,71830.18,305423,221164500
2010.10.18,71834.79,71884.32,71340.66,71735.53,304624,250834600
2010.10.19,71573.76,71573.76,69628.37,69863.58,356108,272714700
2010.10.20,69863.49,70720.32,69813.73,70404.68,291261,256380900
2010.10.21,70426.53,70958.17,68951.65,69652.1,350392,281780000
2010.10.22,69737.97,70311.61,68847.04,69529.73,342939,288128300
2010.10.25,69535.66,70230.79,69450.62,69580.28,257828,321269100
2010.10.26,69582.37,70833.85,69054.7,70740.39,301067,276316800
2010.10.27,70738.43,70844.41,70059.33,70568.94,302647,241540100
2010.10.28,70610.55,71262.91,70233.67,70320.13,278767,238254500
2010.10.29,70324.3,70775.7,70322.57,70673.3,303755,243145100
2010.11.01,70675.39,71751.32,70673.21,71560.93,230747,168594400
2010.11.03,71560.33,72109.97,71510.43,71904.77,306027,234189500
2010.11.04,72201.44,73103.28,72201.44,72995.69,329275,233533200
2010.11.05,72987.2,72987.2,72534.04,72606.58,256431,187031800
2010.11.08,72606.58,72875.38,72336.04,72657.37,226339,173735700
2010.11.09,72653.74,73044.68,71651.17,71679.47,293668,224063300
2010.11.10,71614.24,71854.38,70867.86,71638.38,326158,252541800
2010.11.11,71638.98,71638.98,70940.6,71195.16,298643,200381400
2010.11.12,71191.01,71191.01,70004.48,70367.15,287556,209641300
2010.11.16,70028.59,70255.47,68662.39,69192.41,387033,241408500
2010.11.17,69187.22,70079.75,69187.22,69708.63,243084,179624200
2010.11.18,69750.89,70904.26,69750.89,70781.4,282316,207909300
2010.11.19,70773.84,70897.9,70235.98,70897.9,247756,164187600
2010.11.22,70838.19,70838.19,69201.58,69632.5,304692,186722200
2010.11.23,69610.94,69610.94,67727.97,67952.55,325326,229509500
2010.11.24,67954.79,69745.71,67954.79,69629.36,282078,219635600
2010.11.25,69633.85,69780.23,69361.63,69361.63,136988,105807900
2010.11.26,69314.51,69314.51,68219.09,68226.1,261926,169251200
2010.11.29,68218.18,68421.65,67102.94,67908.18,290305,185719100
2010.11.30,67897.6,68476.43,67270.61,67705.4,392365,302110700
2010.12.01,67882.47,69605.35,67874.96,69345.85,339024,224469500
2010.12.02,69343.79,69942.87,69218.65,69527.07,322573,224713500
2010.12.03,69526.02,69963.03,68943.28,69766.09,339968,321793800
2010.12.06,69768.2,69931.66,69377.85,69551.81,242786,211148100
2010.12.07,69599.93,70589.07,69337.64,69337.64,271868,286598400
2010.12.08,69353.53,69353.53,68046.17,68174.92,335265,305329800
2010.12.09,68173.28,68561.34,67563.46,67879.46,357420,272575700
2010.12.10,67911.31,68514.35,67866.49,68341.83,317135,308084900
2010.12.13,68365.04,69221.06,68365.04,69126.32,307166,269187800
2010.12.14,69123.31,69123.31,68531.27,68742.97,272206,212232500
2010.12.15,68705.65,68705.65,67711.25,67870.14,357996,316955400
2010.12.16,67878.5,68376.82,67137.97,67306.39,344052,262377500
2010.12.17,67304.16,67981.22,66947.65,67981.22,313439,219095500
2010.12.20,67977.38,68196.06,67263.6,67263.6,281488,245696800
2010.12.21,67261.39,68461.32,67261.39,68214.86,296086,196070300
2010.12.22,68190.09,68471.83,67727.33,68470.76,246954,174111300
2010.12.23,68470.3,68561.55,68249.62,68485.96,192668,144669000
2010.12.27,68426.34,68426.34,67803.16,67803.16,156434,115608700
2010.12.28,67819.03,68104.26,67819.03,68040.94,187455,152970600
2010.12.29,68079.19,69039.76,68079.19,68952.42,223352,154952200
2010.12.30,68955.12,69527.17,68940.08,69304.81,245463,232835600
2011.01.03,69307.39,70470.97,69304.67,69962.32,291431,206255200
2011.01.04,69963.08,70317.79,69559.92,70317.79,381087,254211000
2011.01.05,70217.65,71172.96,69801.71,71091.03,322708,248335700
2011.01.06,71090.81,71167.1,70469.17,70578.83,342868,275955000
2011.01.07,70579.9,70782.83,69718.11,70057.2,243822,191168100
2011.01.10,70004.96,70133.39,69666.37,70127.04,235613,177844100
2011.01.11,70145.28,70647.44,70145.28,70423.44,272112,228898900
2011.01.12,70431.79,71632.9,70431.79,71632.9,338072,271031700
2011.01.13,71631.13,71923.84,70719.1,70721.44,284674,243376700
2011.01.14,70722.96,71184.3,70396.86,70940.22,241200,201067800
2011.01.17,70911.78,70911.78,70544.1,70609.07,191476,166242800
2011.01.18,70654.13,71093.97,70654.13,70919.75,302306,206788100
2011.01.19,70923.41,71189.81,69966.21,70058.08,259772,203420800
2011.01.20,70051.98,70083.35,69176.61,69561.53,332437,242716800
2011.01.21,69541.08,70026.52,69095.15,69133.09,261059,227884900
2011.01.24,69131.99,69512.61,68786.28,69426.57,227574,159432000
2011.01.26,69427.13,69556.15,68514.92,68709.22,354215,277892400
2011.01.27,68719.7,69107.89,67774.57,68050.71,347851,256056800
2011.01.28,68052.09,68181.74,65897.65,66697.57,392011,281266600
2011.01.31,66700.09,67165.91,66270.66,66574.88,372422,251132000
2011.02.01,66574.88,67921.76,66574.88,67847.34,310545,232053500
2011.02.02,67844.37,68011.96,66643,66688.48,368530,276227100
2011.02.03,66688.32,66848.61,66090.82,66764.84,313890,257820500
2011.02.04,66734.96,66946.48,65159.73,65269.15,358654,293844600
2011.02.07,65281.84,65892.76,64915.83,65362.04,273512,217464700
2011.02.08,65358.02,66237.76,65110.46,65771.33,379222,305083600
2011.02.09,65767.21,65767.21,64016.36,64217.52,364063,305022300
2011.02.10,64206.53,65106.23,64184.89,64577.83,328382,258744000
2011.02.11,64581.6,65890.07,64562.16,65755.66,345962,261588800
2011.02.14,65751.32,66743.42,65461.57,66557.55,319816,212846200
2011.02.15,66557.75,66860.77,66117.13,66341.39,317717,262337100
2011.02.16,66341.97,67793.44,66341.97,67570.76,409694,297220200
2011.02.17,67579.55,67875.96,67106.62,67684.99,318662,239534300
2011.02.18,67684.99,68225.66,67385.93,68066.82,333265,207368200
2011.02.21,68059.03,68059.03,67084.92,67258.66,217605,152529900
2011.02.22,67237.12,67569.79,66342.18,66439.83,448039,328538800
2011.02.23,66454.19,67265.75,66049.36,66910.48,499918,366756200
2011.02.24,66909.27,67343.6,66692.81,66948.99,419622,285556600
2011.02.25,66979.5,67632.46,66331.07,66902.53,363098,258389700
2011.02.28,66968.75,67458.28,66686.78,67383.22,335493,284228500
2011.03.01,67382.39,67708.4,66242.63,66246.6,347873,251294300
2011.03.02,66241.5,67281.51,66101.24,67281.51,318020,264449800
2011.03.03,67283.78,68188.22,67283.78,68145.53,299625,241101600
2011.03.04,68140.16,68219.94,67513.6,68012.1,276368,195275300
2011.03.09,68006.3,68056.82,67108.77,67263.75,252252,150973400
2011.03.10,67227.2,67227.2,65853.94,66040.66,349531,256170100
2011.03.11,66041.33,67014.07,65558.87,66684.6,401715,266737600
2011.03.14,66622.61,67333.15,66087.73,67169.25,305830,201475200
2011.03.15,67156.66,67156.66,65463.02,67005.22,430955,302944500
2011.03.16,67028.16,67502.05,65662.68,66002.57,449428,325947300
2011.03.17,66014.71,66950.2,66014.71,66215.93,328529,210091300
2011.03.18,66281.61,67384.47,66281.61,66879.89,357645,298248500
2011.03.21,67004.66,67675.88,66656.48,66689.61,314198,264786100
2011.03.22,66674.65,67630.53,66531.26,67578.33,342113,252530100
2011.03.23,67570.22,67917.92,67316.69,67795.51,313717,227912700
2011.03.24,67797.33,68008.95,67405.91,67532.97,289166,193815500
2011.03.25,67528.4,68256.24,67496.93,67764.62,280691,232966900
2011.03.28,67766.5,68070.47,67192.82,67192.82,284755,165198300
2011.03.29,67194.24,67862.19,67046.08,67418.76,313033,189831300
2011.03.30,67422.96,68003.87,67422.96,67997.06,270530,198888400
2011.03.31,68002.16,68606.06,68002.16,68573.15,324805,233781100
2011.04.01,68588.77,69387.19,68588.77,69268.29,373640,262144400
2011.04.04,69285.27,69787.27,69285.27,69703.8,312274,192297000
2011.04.05,69701.98,70046.53,69464.82,69837.52,346448,247983800
2011.04.06,69844.3,70107.71,68954.26,69036.91,301659,210560800
2011.04.07,69030.55,69333.72,68695.01,69176.12,314852,222155000
2011.04.08,69180.74,69429.86,68471.84,68718.01,318419,228282000
2011.04.11,68718.82,69176.75,68029.3,68164.36,309294,228982400
2011.04.12,68153.32,68153.32,66721.12,66896.23,383771,272086400
2011.04.13,66950.36,67410.69,66251.35,66486.49,433183,262913300
2011.04.14,66467.92,67041.79,66089.52,66278.89,336502,240679300
2011.04.15,66281.46,66765.19,65832.39,66684.21,314191,231089900
2011.04.18,66688.81,66705.72,65158.47,65415.49,331632,318569300
2011.04.19,65426.89,66256.94,65426.89,66158.09,312379,234425300
2011.04.20,66256.55,67076.76,66256.55,67058.02,346353,256922600
2011.04.25,67054.09,67124.33,66552.06,66972.37,234248,146710800
2011.04.26,66971.89,67413.16,66722.43,67144.26,301799,186258800
2011.04.27,67147.48,67228.28,65885.44,66264.47,355888,231472900
2011.04.28,66246.02,66246.02,65105.31,65673.21,402217,330391200
2011.04.29,65664.36,66293.78,65460.92,66132.86,349811,281101100
2011.05.02,66105.43,66500.26,65345.68,65462.75,339690,245620300
2011.05.03,65468.32,65468.32,64243.67,64318.18,326597,238835700
2011.05.04,64324.56,64807.13,63547.51,63608.33,366031,264606800
2011.05.05,63541.28,64267.79,62972.77,63407.01,408828,296279300
2011.05.06,63525.15,64703.92,63525.15,64417.34,377681,286717500
2011.05.09,64441.83,64781.87,64149.5,64621.97,297907,199617800
2011.05.10,64630.51,65143.41,64618.83,64876.88,308198,215106000
2011.05.11,64876.7,64876.7,63621.99,63775.82,351283,262528100
2011.05.12,63771.66,64328.93,63125.39,64003.16,374244,265311900
2011.05.13,64003.16,64165.24,63063.44,63235.3,402035,281207600
2011.05.16,63233.37,63828.54,62675.59,62829.68,379012,259763300
2011.05.17,62836.12,63680.44,62414.43,63673.34,369953,236743400
2011.05.18,63675.18,64015.02,62830.45,62830.45,381146,264367300
2011.05.19,62843.91,63607.37,62224.69,62367.36,354141,245179000
2011.05.20,62377.45,63043.2,62086.18,62596.52,318397,221449900
2011.05.23,62596.52,62596.52,61658.74,62345.18,276105,186928300
2011.05.24,62350.11,63414.8,62350.11,63336.75,313434,208208700
2011.05.25,63328.63,63857.12,63024.77,63388.44,291857,199252200
2011.05.26,63388.69,64121.25,63231.95,64098.57,336982,254306400
2011.05.27,64098.51,64548.22,64092.4,64294.96,268192,178165900
2011.05.30,64294.96,64460.27,63914.64,63953.93,102570,66048300
2011.05.31,63963.38,64620.08,63931.64,64620.08,349319,263545100
2011.06.01,64616.35,64673.73,63401.14,63411.48,343842,230270500
2011.06.02,63430.02,64218.08,63277.37,64218.08,365088,230918100
2011.06.03,64196.96,64978.78,63628.2,64340.5,342997,234413300
2011.06.06,64350.21,64512.02,62959.77,63067.73,305748,197190800
2011.06.07,63081.79,63784.38,63081.79,63217.85,336601,226283700
2011.06.08,63199.95,63353.54,62709.41,63032.97,269222,192319600
2011.06.09,63036.69,63772.64,62872.35,63468.82,273629,203617400
2011.06.10,63465.8,63478.36,62495.24,62697.16,270499,181789200
2011.06.13,62701.28,62967.84,62021.6,62022.92,227146,149706600
2011.06.14,62101.15,62697.43,62041.68,62204.83,240641,186261200
2011.06.15,62153.63,62153.63,61448.14,61603.74,450739,280019900
2011.06.16,61602.06,62040.31,60489.27,60880.62,335402,214139300
2011.06.17,60886.98,61268.47,60565.54,61059.98,309584,212532500
2011.06.20,61059.02,61571.37,60783.78,61168.24,296637,211301200
2011.06.21,61187.62,61542.51,61178.94,61423.61,245376,179561800
2011.06.22,61415.63,61858.97,61194.09,61194.09,283370,199584400
2011.06.24,61191.88,61458.8,60920.8,61016.72,288926,155031800
2011.06.27,61017.23,61456.22,60771.93,61216.98,247965,174515100
2011.06.28,61216.26,62308.77,61216.26,62303.37,314715,192541500
2011.06.29,62303.24,62624.62,62032.74,62333.97,312731,196867200
2011.06.30,62350.69,62574.33,61959.4,62403.64,254043,191988700
2011.07.01,62403.64,63454.86,62148.39,63394.34,348747,253259300
2011.07.04,63399.97,63891.31,63314.23,63891.31,145101,107702700
2011.07.05,63875.71,63875.71,63030.22,63038.81,333923,206833400
2011.07.06,63030.08,63030.08,62390.69,62565.46,235519,173423100
2011.07.07,62590.78,63206.29,62207.33,62207.33,283839,200771300
2011.07.08,62139.1,62139.1,61366.49,61513.24,283975,182700400
2011.07.11,61489.76,61489.76,60098.31,60223.63,275681,193613300
2011.07.12,60230.64,60516.11,59704.75,59704.75,313815,216981200
2011.07.13,59759.86,60846.71,59759.86,60669.89,312219,253637500
2011.07.14,60672.96,60684.53,59451.77,59679.35,336322,253833100
2011.07.15,59690.98,60104.24,59180.29,59478.01,278623,211492700
2011.07.18,59479.33,59479.33,58630.94,58837.61,296793,214924600
2011.07.19,58837.61,59394.2,58676.82,59082.13,290887,205376700
2011.07.20,59094.07,59551.61,59044.51,59119.71,305587,212406400
2011.07.21,59120.22,60441,59119.63,60262.95,352230,232769400
2011.07.22,60278.72,60696.38,60076.88,60270.47,302532,195048400
2011.07.25,60263.66,60285.41,59639.98,59970.54,281867,188068600
2011.07.26,59969.18,60204.29,59261.08,59339.9,343917,236517900
2011.07.27,59336.48,59336.48,58168.7,58288.46,449741,283686200
2011.07.28,58294.24,59166.51,58290.36,58708.25,379578,244218700
2011.07.29,58703.07,58952.4,58009,58820.84,397575,254665300
2011.08.01,58824.6,59541.92,58167.64,58535.74,374437,228598100
2011.08.02,58525.82,58673.42,57258.93,57310.78,396486,291172900
2011.08.03,57317.04,57352.34,55249.49,56017.22,527071,384295800
2011.08.04,55999.45,55999.45,52628.91,52811.36,632315,479273600
2011.08.05,52804.18,53865.79,51152.63,52949.22,646576,462030300
2011.08.08,52938.3,52938.3,47793.49,48668.29,781968,528509400
2011.08.09,48671.38,51150.9,48666.26,51150.9,815435,573618100
2011.08.10,51150.28,52163.66,49946.78,51395.29,672258,467404200
2011.08.11,51398.02,53723.67,51398.02,53343.11,606695,435384200
2011.08.12,53343.58,53642.56,52649.91,53473.35,542272,350734100
2011.08.15,53474.38,54967.63,53474.38,54651.83,395421,271725400
2011.08.16,54651.09,54651.09,53539.24,54323.61,449792,267981600
2011.08.17,54319.6,55073.02,53827.51,55073.02,610756,344990100
2011.08.18,54936.32,54936.32,52246.02,53134.1,457343,338416700
2011.08.19,53135.05,53601.16,52335.73,52447.63,404419,279213700
2011.08.22,52479.21,53552.02,52397.21,52440.23,348206,235701200
2011.08.23,52439.67,53786.63,51853.07,53786.63,432589,290676400
2011.08.24,53790.34,54279.18,52992.81,53795.7,394313,271552800
2011.08.25,53793.41,54155.02,52677.4,52953.3,415327,257735700
2011.08.26,52951.44,53597.69,51971.15,53350.79,385521,241749200
2011.08.29,53378.65,55026.66,53378.26,54860.73,397754,249030700
2011.08.30,54862.29,55768.45,54424.94,55385.03,370526,252869300
2011.08.31,55399.37,56495.12,55399.37,56495.12,445143,321677400
2011.09.01,56531.55,58589.26,56517.85,58118.2,663550,441973600
2011.09.02,58113.63,58113.63,56301.62,56531.62,470711,341276300
2011.09.05,56500.65,56500.65,54817.61,54998.41,265392,176631400
2011.09.06,54985.39,56667.27,54121.36,56607.3,442775,313041500
2011.09.08,56608.5,58241.99,56608.5,57623.63,468159,290550000
2011.09.09,57614.13,57614.13,55527.65,55778.39,417136,266415900
2011.09.12,55772.83,55792.14,54309.85,55685.47,416988,256468900
2011.09.13,55690.08,56336.47,55166.08,55543.97,383882,224639100
2011.09.14,55543.97,56776.46,55089.93,56286.04,461716,300469900
2011.09.15,56287.36,57161.24,56196.22,56381.46,375918,228319000
2011.09.16,56379.37,57210.11,56257.38,57210.11,309203,213313600
2011.09.19,57188.44,57188.44,56059.71,57102.78,388964,247020300
2011.09.20,57098.33,57619.74,56378.63,56378.63,451928,286157100
2011.09.21,56382.39,57599.95,55914.82,55981.9,495840,299514200
2011.09.22,55971.24,55971.24,52706.24,53280.28,634097,387993800
2011.09.23,53272.66,53855.03,52754.06,53230.26,519949,289022200
2011.09.26,53242.67,53872.53,52398.89,53747.52,431223,236347000
2011.09.27,53755.32,54992.05,53755.32,53920.36,425241,265184900
2011.09.28,53921.25,54796.1,53257.76,53270.36,371366,252787700
2011.09.29,53276.05,54207.35,52848.74,53384.67,405086,247236200
2011.09.30,53384.84,53384.84,51897.35,52324.42,471982,331810000
2011.10.03,52315.76,52315.76,50791.53,50791.53,538155,335071000
2011.10.04,50789.99,50789.99,49432.89,50686.34,635503,433806900
2011.10.05,50673.98,51198.72,50209.42,51013.85,482555,305158900
2011.10.06,51062.65,52728.7,51059.49,52290.37,470557,336257500
2011.10.07,52303.56,52891.24,50901.83,51243.62,497802,285865600
2011.10.10,51402.84,53293.55,51402.84,53273.11,406023,238170500
2011.10.11,53259.46,54113.19,52819.81,53838.47,481854,312004900
2011.10.13,53839.91,54721.67,53308.44,54601.07,721152,444920300
2011.10.14,54603.75,55179.01,54447.23,55030.45,354763,281197500
2011.10.17,55021.16,55021.16,53535.69,53911.33,347449,266335500
2011.10.18,53912.96,55224.72,53188.37,55031.93,431891,314354000
2011.10.19,55033.81,55244.27,54483.16,54966.13,456872,288568600
2011.10.20,54894.51,54894.51,53609.97,54009.98,441726,271035000
2011.10.21,54016.58,55504.42,54015.61,55255.23,404817,255745900
2011.10.24,55276.38,57225.54,55276.38,56891.97,458903,304914100
2011.10.25,56829.73,56829.73,55769.7,56285.99,424246,261840300
2011.10.26,56316.47,57333.59,56248.61,57143.79,422245,250924400
2011.10.27,57145.56,59901.47,57145.56,59270.13,617079,429232300
2011.10.28,59268.19,59668.18,58759.83,59513.45,395704,267742100
2011.10.31,59512.5,59512.5,58093.72,58340.72,421301,258167500
2011.11.01,58177.23,58177.23,56099.28,57322.75,505597,316812700
2011.11.03,57336.21,58481.04,57336.21,58196.3,498078,286168700
2011.11.04,58179.44,58804.07,57546.52,58669.92,332344,238757000
2011.11.07,58676.35,59440.49,58645.37,59198.77,322216,221020800
2011.11.08,59205.1,59616.35,58505.05,59021.88,355027,233414600
2011.11.09,59010.77,59010.77,57201.19,57549.74,427853,281477600
2011.11.10,57560.97,58313.68,57294.17,57321.81,354272,209517600
2011.11.11,57374.37,58747,57374.37,58546.97,329777,227042200
2011.11.14,58535.57,58716.73,58013.24,58258.23,282242,198346000
2011.11.16,58206.61,58877.13,57784.04,58559.99,470178,288826900
2011.11.17,58492.23,58555.43,56663.29,56988.9,489341,325705800
2011.11.18,57007.23,57477.15,56417.99,56731.34,350226,246833500
2011.11.21,56648.22,56675.42,55504.98,56284.59,438178,309115100
2011.11.22,56289.66,56570.18,55608.61,55879.44,433426,289698100
2011.11.23,55878.64,55878.64,54812.93,54972.08,369602,260713200
2011.11.24,54977.02,55519.29,54537.4,55279.88,238792,149236800
2011.11.25,55265.69,55609.85,54741.62,54894.49,298569,192118900
2011.11.28,54899.23,56443.93,54899.23,56017.35,379348,242135600
2011.11.29,56027.74,56363.52,55299.76,55299.76,439121,301445400
2011.11.30,55427.13,57591.9,55427.13,56874.98,721051,522450600
2011.12.01,56877.58,58302.07,56877.58,58143.42,498906,357143100
2011.12.02,58172.9,58979.52,57618.32,57885.85,464973,317232100
2011.12.05,57909.22,59244.99,57909.22,58910.48,430193,281544200
2011.12.06,58909.62,59575.99,58496.76,59536.16,390717,234213900
2011.12.07,59534.72,59534.72,58580.92,58662.83,446035,237395200
2011.12.08,58664.31,59216.53,57259.55,57455.02,488131,296445300
2011.12.09,57455.42,58540.13,57455.42,58236.46,356375,213182300
2011.12.12,58233.47,58234.87,56838.62,57346.86,417390,269099200
2011.12.13,57355.43,58153.33,57333.08,57493.89,464838,310163600
2011.12.14,57495.06,57495.06,56646.87,56646.87,741795,441780800
2011.12.15,56646.87,57332.08,56232.01,56331.15,470472,277263900
2011.12.16,56334.17,56823.04,56086.53,56096.93,406326,257944400
2011.12.19,56100.14,56375.66,55298.33,55298.33,428798,298645300
2011.12.20,55335.06,56864.85,55335.06,56864.85,476101,346427000
2011.12.21,56864.83,56864.83,56046.18,56643.99,440623,245478500
2011.12.22,56659.61,57459.24,56557.49,57347.87,402296,247781100
2011.12.23,57347.87,57791.59,57347.87,57701.07,283925,187754100
2011.12.26,57701.67,57856.1,57678.47,57678.47,121892,63885800
2011.12.27,57665.91,58110.85,57610.75,58005.2,277937,171373600
2011.12.28,58010.14,58010.14,56447.13,56533.76,391586,172314900
2011.12.29,56533.76,56945.39,56312.62,56754.08,342773,291901800
2012.01.02,56768.15,57993.4,56649.27,57829.27,375113,281813600
2012.01.03,57835.75,59288.17,57835.75,59264.87,592422,330388300
2012.01.04,59261.95,59518.98,58557.77,59364.95,460878,244568300
2012.01.05,59352.25,59352.25,57962.51,58546.08,477208,260336200
2012.01.06,58564.78,59260.95,58355.19,58600.37,426582,200265800
2012.01.09,58599.73,59220.07,58598.7,59082.88,403320,258968300
2012.01.10,59091.72,60111.75,59091.72,59805.96,501845,305946500
2012.01.11,59798.62,60093.91,59422.64,59962.4,427639,266126700
2012.01.12,59966.11,60503.93,59586.37,59920.78,460778,252140000
2012.01.13,59917.89,59917.89,58874.06,59146.58,506235,582346900
2012.01.16,59165.3,59981.82,59165.3,59956.46,257407,182941200
2012.01.17,59961.04,60890.75,59961.04,60645.9,432259,271247800
2012.01.18,60644.45,61722.86,60610.36,61722.86,535837,296286500
2012.01.19,61726.31,62181.26,61565.51,61926.69,552697,309827900
2012.01.20,61930.04,62312.13,61592.7,62312.13,442849,242673100
2012.01.23,62311.63,62693.26,61908.47,62386.24,468005,254170700
2012.01.24,62386.24,62535.83,61666.8,62486.22,495206,291777400
2012.01.26,62485.21,63804.73,62485.21,62953.06,654734,343896400
2012.01.27,62976.01,63263.32,62769.35,62904.2,504364,245167900
2012.01.30,62883.51,62883.51,61989.1,62770.01,486717,244152900
2012.01.31,62774.58,63393.65,62663.96,63072.31,634615,373739300
2012.02.01,63205.2,64567.18,63197.88,64567.18,698282,422942600
2012.02.02,64568.51,64854.7,64224.18,64593.1,609539,332569100
2012.02.03,64588.66,65619.18,64136.58,65217.37,608960,323918300
2012.02.06,65124.18,65229.12,64743,65223.72,394849,205284500
2012.02.07,65184.95,65944.38,64800.64,65917.02,526259,286416700
2012.02.08,65917.69,66383.21,65647.07,65831.16,578765,307981400
2012.02.09,65831.23,66323.77,65188.89,65530.49,548449,286471600
2012.02.10,65525.47,65525.47,63879.92,63997.86,608245,369787700
2012.02.13,63998.6,65713.45,63998.6,65691.53,487216,290660050
2012.02.14,65699.38,65855.22,64825.86,65038.53,544457,295847000
2012.02.15,65041.2,66003.69,65041.2,65368.49,715796,436635150
2012.02.16,65364.12,66161.34,64798.3,66141.7,584061,332211500
2012.02.17,66173.62,66561.97,65823.37,66203.5,506659,253028800
2012.02.22,66205.16,66290.89,65850.86,66092.77,377112,197025700
2012.02.23,66079.97,66328.56,65589.51,65820.46,523956,255188000
2012.02.24,65819.6,66335.22,65819.6,65942.73,490784,241953920
2012.02.27,65938.01,65953.72,65067.72,65241.49,483222,736928362
2012.02.28,65244.89,66152.37,65240.13,65958.78,515495,295964900
2012.02.29,65970.33,66661.66,65532.78,65811.73,561664,362722700
2012.03.01,65811.96,66930.56,65811.96,66809.8,483031,250883000
2012.03.02,66810.67,67790.71,66810.67,67781.6,509979,271494300
2012.03.05,67782,67782,66755.76,66964.03,473279,243557500
2012.03.06,66962.06,66962.06,64892.29,65114.15,554085,311165088
2012.03.07,65123.4,66052.86,65123.4,66016.76,497184,295034480
2012.03.08,66032.1,67271.64,66032.1,66908.39,559027,385528100
2012.03.09,66908.01,67419.34,66679.16,66703.96,512431,245443800
2012.03.12,66686.53,66686.53,65965.01,66384.76,488559,232889500
2012.03.13,66385.8,68419.61,66385.8,68394.33,502935,272502000
2012.03.14,68386.26,68969.99,67797.25,68257.22,579591,297349500
2012.03.15,68259.35,68259.35,67458.08,67754.65,423642,261821248
2012.03.16,67748.56,68152.89,67504.68,67684.13,460767,256871400
2012.03.19,67684.53,68159.36,67546.64,67730.31,382072,227290600
2012.03.20,67724.88,67724.88,66704.16,67295.56,421277,224921900
2012.03.21,67297.24,67436.27,66762.19,66867.81,404776,212964400
2012.03.22,66860.05,66860.05,65534.25,65828.19,460609,307915529
2012.03.23,65831.3,66252.81,65576.28,65812.95,472551,271117100
2012.03.26,65817.7,66775.65,65817.7,66684.59,414852,227130050
2012.03.27,66682.62,66967.92,65924.64,66029.59,423505,289173200
2012.03.28,66031.9,66031.9,64819.41,65079.34,364545,220133500
2012.03.29,65074.2,65074.2,64095.7,64871.99,497212,335671700
2012.03.30,64875.21,65363.3,64245.36,64510.97,581252,338559100
2012.04.02,64514.56,65593.15,64198.56,65216.25,568171,314244000
2012.04.03,65217.73,65530.22,64015.27,64284.26,435339,289982100
2012.04.04,64301.3,64301.3,63450.34,63528.65,469331,420655460
2012.04.05,63518.32,64298.85,63383.54,63691.18,431049,258861000
2012.04.09,63690.35,63690.35,62461.79,62923.21,356567,197910600
2012.04.10,62922.4,62922.4,61343.91,61738.28,568747,450396672
2012.04.11,61741.4,62356.08,61291.33,61293.14,540187,462110132
2012.04.12,61300,63061.13,61300,63058,575554,496161900
2012.04.13,63039.45,63039.45,61777.78,62105.6,527278,314468300
2012.04.16,62119.82,62688.46,61465.28,61954.55,463185,248764600
2012.04.17,61959.26,62961.35,61959.26,62698.87,577739,295422800
2012.04.18,62695.8,63243.43,62429.4,63010.48,684375,524840743
2012.04.19,63007.4,63274.3,62478.12,62618.41,467438,370166987
2012.04.20,62620.49,63369.47,62430.75,62494.08,443344,242461900
2012.04.23,62494.08,62494.08,60897.25,61539.38,461252,272698600
2012.04.24,61536.7,62000.67,61380.23,61971.14,457765,345808640
2012.04.25,61988.6,62440.57,61327.64,61750.38,571685,545451330
2012.04.26,61750.4,62282,61032.8,62198.06,511319,552692550
2012.04.27,62202.9,62486.1,61666.99,61691.21,516810,339872854
2012.04.30,61691.1,61900.06,61230.61,61817.45,400351,283228280
2012.05.02,61820.26,62502.33,61593.93,62423.56,551149,407844844
2012.05.03,62426.66,62782.95,61731.09,62104.15,548858,329653900
2012.05.04,62103.61,62166.92,60438.18,60820.93,761534,527796400
2012.05.07,60801.88,61299.15,60391,61220.43,570760,354581000
2012.05.08,61130.42,61146.05,59871.03,60365.48,532392,330536300
2012.05.09,60343,60343,59198.99,59786.12,523839,349206500
2012.05.10,59795.55,60751.68,59636.96,59702.05,466427,286227200
2012.05.11,59702.62,60340,59138.44,59445.21,454229,272611000
2012.05.14,59443.08,59443.08,57538.83,57539.61,592350,334540200
2012.05.15,57531.11,58024.07,56144.55,56237.97,637229,449020700
2012.05.16,56246.98,57693.21,55415.13,55887.57,672905,462326100
2012.05.17,55886.56,56295.93,54038.2,54038.2,657971,405472900
2012.05.18,54032.23,54913.65,53856.02,54513.16,702180,459542400
2012.05.21,54515.71,56678.26,54515.71,56590.24,618469,384915600
2012.05.22,56545.99,56545.99,54886.46,55038.75,682401,395225900
2012.05.23,55038.75,55051.7,53028.11,54619.48,756113,473397500
2012.05.24,54612.26,54819.95,53176.42,54063,747781,430541000
2012.05.25,54061.68,54970.03,53846.85,54463.89,555564,317524400
2012.05.28,54472.68,55608.56,54472.68,55212.69,306377,200994100
2012.05.29,55213.6,55763.24,54554.22,54633.06,554550,329222800
2012.05.30,54632.11,54632.11,53382.14,53797.91,618665,356537200
2012.05.31,53807.67,54508.8,53089.51,54490.41,694257,531442600
2012.06.01,54488.05,54488.05,53086.8,53403.78,575198,320516400
2012.06.04,53407.54,53959.82,53367.46,53416.75,454227,253532300
2012.06.05,53431.63,53917.35,52481.44,52481.44,527801,273094200
2012.06.06,52549.86,54194.55,52549.86,54156.04,643084,382824800
2012.06.08,54149.69,54432,53684.93,54429.85,538599,281826200
2012.06.11,54434.12,55400.91,53904.5,54010.54,489976,293967400
2012.06.12,54001.45,55049.03,53906.1,55049.03,522999,408461500
2012.06.13,55031.23,55988.8,54523.49,55650.51,767409,454203300
2012.06.14,55618.54,55768.92,54952.35,55351.67,574913,358277300
2012.06.15,55359.08,56104.69,55202.78,56104.69,601111,418456600
2012.06.18,56066.04,56578.65,55486.34,56195.21,517956,315252300
2012.06.19,56242.91,57567.4,56242.91,57195.49,606565,388064300
2012.06.20,57191.39,57611.46,56528.73,57161.98,519083,339418700
2012.06.21,57162.02,57218.09,55505.17,55505.17,442194,280699100
2012.06.22,55549.98,56019.35,55083.33,55438.55,387188,265158100
2012.06.25,55398.2,55398.2,53694.12,53805.38,306194,228762400
2012.06.26,53811.66,54193.25,53397.6,53836.57,512248,289823500
2012.06.27,53831.1,54005.92,53083.76,53108.93,579327,400079800
2012.06.28,53104.59,53305.99,52271.27,52652.25,471756,371818000
2012.06.29,52703.91,54354.63,52703.91,54354.63,556626,394427700
2012.07.02,54354.15,54753.84,53960.78,54698.2,479017,302699600
2012.07.03,54703.51,56228.3,54703.51,55780.32,665865,424704700
2012.07.04,55775.77,56322.19,55485.39,56078.56,255742,178097900
2012.07.05,56139.45,56943.09,55828.18,56379.06,519647,330157400
2012.07.06,56356.91,56356.91,54967.22,55394.05,423993,282978700
2012.07.10,55392.42,55588.2,53667.73,53705.82,649028,368494500
2012.07.11,53698.53,54135.48,53232.74,53569.14,552811,312247700
2012.07.12,53553.27,53615.77,52489.08,53420.87,458322,322125600
2012.07.13,53421.95,54427.51,53420.33,54330.51,441659,292128600
2012.07.16,54314.06,54418.25,53215.81,53401.8,517407,302297300
2012.07.17,53402.58,54037.28,53118.5,53909.47,398522,268846000
2012.07.18,53908.82,54587.5,53551.46,54583.13,426648,246356800
2012.07.19,54592.39,55490.84,54591.48,55346.65,471541,309474700
2012.07.20,55337.37,55337.37,54137.6,54194.79,502615,308478300
2012.07.23,54066.07,54066.07,52212.92,53033.96,491483,310310500
2012.07.24,53033.94,53416.1,52399.02,52636.42,503664,296891200
2012.07.25,52658.46,53232.62,52345.81,52607.54,389621,239542400
2012.07.26,52645.7,54126.31,52645.7,54002.72,554007,333152500
2012.07.27,54080.24,57046.3,54080.24,56553.12,762604,498138200
2012.07.30,56550.61,57240.92,56089.96,57240.92,441935,315986700
2012.07.31,57238.36,57465.94,56097.05,56097.05,510355,348172800
2012.08.01,56114.76,56735.06,55424.79,56291.93,522517,309773100
2012.08.02,56273.17,56275.37,55239.02,55520.4,519574,304350300
2012.08.03,55555.26,57399.37,55555.26,57255.22,554355,381083300
2012.08.06,57255.02,58995.91,56893.19,58344.61,555005,383735000
2012.08.07,58341.09,59316.14,57678.65,57725.66,548898,374884300
2012.08.08,57725.17,58963.63,57603.14,58950.98,527500,346107600
2012.08.09,58947.12,59201.79,58115.01,58797.13,444779,303788000
2012.08.10,58774.05,59365.43,58127.92,59280.93,487094,332008600
2012.08.13,59280.83,59543.16,58600.68,59122.74,454951,274408800
2012.08.14,59105.15,59605.11,57903.99,58082.92,560001,381718100
2012.08.15,58089.13,58374.74,57630.11,58189.28,683999,494920900
2012.08.16,58231.17,59543.61,58231.17,59445.79,580115,371184200
2012.08.17,59443.15,59822.4,58943.89,59082.37,454292,311680000
2012.08.20,59108.23,59462.33,58629.18,59283.09,446422,297523600
2012.08.21,59445.39,60208.85,58684.16,58917.73,559591,392581200
2012.08.22,58920.03,59584.6,58442.54,59380.76,540739,370635300
2012.08.23,59379.48,59379.48,58145.43,58511.55,523537,334075200
2012.08.24,58510.69,58750.42,57833.06,58425.76,487865,320817000
2012.08.27,58425.76,58461.74,57852.74,58111.46,396119,233516200
2012.08.28,58111.8,58745.24,57976.17,58406.4,453651,272662700
2012.08.29,58418.86,58552.67,57060.95,57369.19,601913,409802200
2012.08.30,57365.66,57507.82,56900.85,57256.43,488655,312924100
2012.08.31,57313.48,57834.73,56719.36,57061.45,695640,574142700
2012.09.03,57067.68,57456.87,56954.47,57281.45,400552,238544900
2012.09.04,57266.2,57266.2,56202.5,56233.9,554136,322984300
2012.09.05,56247.64,56904.02,56245.31,56863.91,550230,331017300
2012.09.06,56876.16,58328.33,56876.16,58321.24,566897,361431000
2012.09.10,58324.63,59420.96,58324.63,58404.1,600582,350532800
2012.09.11,58404.08,59514.81,58404.08,59422.55,588495,384947000
2012.09.12,59430.42,60135.78,59205.35,59921.8,764504,484385800
2012.09.13,59915.74,62116.61,59629.04,61958.12,814083,597216100
2012.09.14,61987.2,63428.28,61823.43,62105.47,958881,580751600
2012.09.17,62105.75,62691.86,61551.85,61805.98,627124,389689500
2012.09.18,61803.61,62131.76,61446.85,61804.33,477792,320177700
2012.09.19,61823.53,62514.28,61518.9,61657.05,491279,338815800
2012.09.20,61649.39,61908.39,60960.61,61687.97,462079,292228200
2012.09.21,61757.81,62223.38,61300.05,61320.07,478088,298416900
2012.09.24,61311.1,61931.64,61075.11,61909.99,515904,332581300
2012.09.25,61913.2,61947.23,60357.18,60501.1,573192,382507400
2012.09.26,60506.24,60506.24,59724.75,60478.05,533774,305087800
2012.09.27,60528.97,60888.83,59876.33,60242.78,500805,379132300
2012.09.28,60239.79,60239.79,58864.37,59175.86,618272,368367800
2012.10.01,59195.29,60215.51,59195.29,59570.8,508475,274708900
2012.10.02,59584.7,60090.61,59027.58,59222.08,539622,319329500
2012.10.03,59277.74,59483.26,58541.87,58627.33,487932,316465000
2012.10.04,58616.32,59002.07,58104.97,58458,520537,335614300
2012.10.05,58460.25,59440.58,58414.42,58571.59,519903,323117500
2012.10.08,58571.42,59317.85,58169.6,59317.15,495172,259089300
2012.10.09,59319.85,59696.58,58615.57,58939.46,552247,308377500
2012.10.10,58944.13,59319.88,58340.53,58456.28,415108,277500700
2012.10.11,58462.74,59359.63,58462.74,59161.72,459249,268183800
2012.10.15,59183.75,59757.71,58789.83,59601.71,525465,307024300
2012.10.16,59606.91,60411.52,59484.16,59743.87,530866,323237800
2012.10.17,59742.4,60397.85,59682.88,60087.29,622140,414607700
2012.10.18,60087.38,60087.38,59321.52,59733.9,533021,332014900
2012.10.19,59695.09,59846.13,58782.08,58922.04,457514,299798400
2012.10.22,59000.81,59204.62,58540.97,58700.3,373427,276055300
2012.10.23,58652.79,58652.79,57387.79,57690.24,494193,338825600
2012.10.24,57685.63,57985.95,57158.65,57158.65,435704,290881800
2012.10.25,57174.26,58273.55,57172.52,57836.78,448605,313378000
2012.10.26,57833.44,57833.44,57060.99,57276.81,468812,299093400
2012.10.29,57257.44,57257.44,56580.85,57176.58,251628,170532100
2012.10.30,57178.08,57763.82,57178.08,57683.76,268212,159779600
2012.10.31,57682.24,57935.41,56929.03,57068.18,484707,279303800
2012.11.01,57078.88,58382.68,56959.94,58382.68,468094,297625200
2012.11.05,58241.44,58299.03,57550.95,58209.76,451024,260508400
2012.11.06,58220.49,59560.83,58173.63,59458.59,538508,345756000
2012.11.07,59368.38,59370.13,58274.14,58517.35,457493,307482200
2012.11.08,58522.69,59007.92,57420.19,57524.45,492503,319658800
2012.11.09,57511.9,58108.93,56861.95,57357.71,513857,423942200
2012.11.12,57361.43,57712.2,56987.62,57064.31,331963,206400500
2012.11.13,57048.98,57529.42,56593.18,57486.07,535390,334532000
2012.11.14,57472.27,57472.27,56038.37,56279.36,567985,359215000
2012.11.16,56276.66,56276.66,55125.56,55402.33,543659,344270300
2012.11.19,55393.13,56666.23,55393.13,56450.86,420533,277439900
2012.11.21,56453.44,56789.16,55946.1,56242.12,568673,358435000
2012.11.22,56244.63,56642.79,56242.49,56436.97,275167,214359000
2012.11.23,56443.75,57574.03,56247.86,57574.03,423316,317771300
2012.11.26,57572.19,57572.19,56501.67,56736.36,444133,275190600
2012.11.27,56737.1,57419.83,56248.09,56248.09,498635,355325400
2012.11.28,56205.84,56590.93,55685.72,56539.4,546338,345557000
2012.11.29,56562.17,57852.53,56562.17,57852.53,536450,339964000
2012.11.30,57844.15,58030.54,56704.1,57474.57,749539,504225800
2012.12.03,57483.26,58332.48,57482.4,58202.35,590714,347066600
2012.12.04,58211.51,58519.56,57548.51,57563.23,573987,390971100
2012.12.05,57596.93,58126.86,57231.43,57678.62,556928,355526600
2012.12.06,57678.66,57860.15,57128.67,57656.42,545913,319753100
2012.12.07,57656.42,58594.03,57635.6,58487.32,463188,304047000
2012.12.10,58467.91,59248.23,58090.95,59248.23,472603,305858300
2012.12.11,59290.87,59746.87,58950.76,59623.34,625110,398008900
2012.12.12,59600.11,59858.53,59291.53,59474.18,789023,472338300
2012.12.13,59458.6,59968.66,59153.76,59316.75,563976,356482500
2012.12.14,59325.45,59824.35,59272.85,59604.92,599308,339512800
2012.12.17,59604.41,59914.09,59322.71,59566.52,493975,308695100
2012.12.18,59568.29,60538.73,59565.27,60460.73,528483,435886100
2012.12.19,60466.24,61212.33,60395.57,60998.34,630111,441800400
2012.12.20,61020.07,61276.12,60621.68,61276.12,529247,307524400
2012.12.21,61220.72,61220.72,60221.04,61012.14,454706,315364500
2012.12.26,60999.42,61322.17,60860.95,60963.33,330446,258611900
2012.12.27,60982.02,61191.26,60232.51,60415.95,411183,285074500
2012.12.28,60418.01,61066.34,60418.01,60952.08,422755,262289200
2013.01.02,60990.34,62886.96,60990.34,62550.1,649958,372993900
2013.01.03,62526.29,63472.55,62341.48,63312.46,564072,331396700
2013.01.04,63314.22,63314.22,62414.98,62523.06,688947,609504100
2013.01.07,62523.06,62698.87,61639.34,61932.54,579760,400435100
2013.01.08,61950.01,62264.99,61080.92,61127.84,546997,383881600
2013.01.09,61137.62,61811.77,61102.69,61578.58,532427,323469800
2013.01.10,61577.73,61947.2,61156.05,61678.31,606329,409930800
2013.01.11,61661.87,61682.83,61198,61497.43,450901,315838700
2013.01.14,61541.07,62284.76,61541.07,62080.79,556004,348001200
2013.01.15,62067.46,62151.36,61694.62,61727.61,549034,381452400
2013.01.16,61725.63,61787.35,61241.06,61787.35,409731,278670200
2013.01.17,61806.18,62309.42,61683.11,62194.06,500147,338021300
2013.01.18,62269.68,62395.2,61822.46,61956.14,431166,349470700
2013.01.21,61963.78,62051.78,61804.24,61899.71,280654,224584800
2013.01.22,61904.64,61995.23,61534.06,61692.29,450564,360898900
2013.01.23,61692.29,61969.36,61542.52,61966.26,427140,320617600
2013.01.24,61965.76,62249.42,60838.29,61169.83,578309,360441300
2013.01.28,61188.86,61312.86,59921.35,60027.07,587299,342568700
2013.01.29,60027,60427.64,59757.7,60406.33,551606,319088000
2013.01.30,60401.31,60401.31,59305.44,59336.7,608430,464857900
2013.01.31,59342.06,59771.23,59114.02,59761.49,645559,474694400
2013.02.01,59764.49,60496.05,59742.4,60351.16,514739,340969500
2013.02.04,60350.37,60350.37,59256.01,59575.66,481080,333380100
2013.02.05,59623.47,59974.37,59132.34,59444.97,607178,440671900
2013.02.06,59441.63,59582.09,58587.81,58951.07,531115,436263600
2013.02.07,58952.52,59435.43,58115.51,58372.46,518923,401604900
2013.02.08,58374.1,58638.39,58024.56,58497.83,480136,314890400
2013.02.13,58492.12,58754.45,58251.89,58405.74,469019,277461100
2013.02.14,58405.74,58405.74,57750.7,58077.31,396584,237866600
2013.02.15,58075.64,58352.45,57801.67,57903.3,543599,343396000
2013.02.18,57905.69,57929.12,57420.3,57613.9,384322,264221900
2013.02.19,57626.05,58060.89,57233.95,57314.4,551982,389821600
2013.02.20,57311.57,57568.89,56034.29,56177.6,653263,491662300
2013.02.21,56152.66,56227.24,55430.26,56154.68,668774,491174400
2013.02.22,56158.58,56742.25,56106.88,56697.06,642401,511098600
2013.02.25,56697.56,57157.14,56418.75,56617.56,617350,395314900
2013.02.26,56612.95,57007.27,56047.16,56948.87,693960,448279800
2013.02.27,56948.35,57402.28,56684.5,57273.88,647154,502092800
2013.02.28,57269.27,57798.48,56925.18,57424.29,557157,442153800
2013.03.01,57327.32,57327.32,56525.66,56883.99,655659,388941800
2013.03.04,56877.8,56877.8,56067.07,56499.17,531809,400969100
2013.03.05,56510.23,57226.86,55950.73,55950.73,620747,424507300
2013.03.06,55962.17,58149.84,55962.17,57940.14,762511,580017400
2013.03.07,58016.66,59472.49,58006.63,58846.81,731103,633209300
2013.03.08,58841.63,59031.27,58128.87,58432.75,579854,408676500
2013.03.11,58446.82,58546.69,57800.36,58544.79,507082,412413900
2013.03.12,58542.43,58709.47,58112.59,58208.61,545907,380571000
2013.03.13,58220.16,58410.67,57285.74,57382.66,636386,451314800
2013.03.14,57434.9,57850.2,56722.47,57281.02,686384,456886300
2013.03.15,57298.1,57532.36,56805.27,56869.28,617924,518238500
2013.03.18,56836.63,57151.85,56139.18,56972.96,524438,372384200
2013.03.19,56976.91,57037.99,56099.9,56361.24,576132,381889100
2013.03.20,56360.72,56396.16,55831.35,56030.03,664764,417448200
2013.03.21,56016.79,56043.7,55382.45,55576.67,548256,436282200
2013.03.22,55565.98,55893.25,55097.97,55243.4,513500,374888200
2013.03.25,55276.43,55450.26,54647.97,54873.12,555193,384695200
2013.03.26,54913.5,55763.34,54891.79,55671.39,489645,368676800
2013.03.27,55657.07,56177.85,55129.57,56034.29,461366,398049900
2013.03.28,56035.45,56373.7,55873.53,56352.09,583189,437176600
2013.04.01,56338.77,56339.51,55896.6,55902.18,432293,275014200
2013.04.02,55902.99,56257.34,54809.26,54889.1,561515,358827000
2013.04.03,54888.22,55573.8,54739.72,55562.74,561268,447653300
2013.04.04,55562.74,55579.41,54432.05,54648.15,535202,456955200
2013.04.05,54630.99,55226.74,53794.47,55050.6,689167,597266400
2013.04.08,55048.75,55136.34,54333.3,55092.31,550855,550294300
2013.04.09,55100.83,56304.6,55100.83,55912.04,609895,517809500
2013.04.10,55913.41,56975.82,55913.41,56186.56,680760,538942100
2013.04.11,56189.83,56283.65,55173.52,55400.91,521936,405249000
2013.04.12,55341.57,55530.62,54458.1,54962.65,552050,480530600
2013.04.15,54951.9,54951.9,52949.93,52949.93,615934,464501000
2013.04.16,53077.35,54095.06,53077.35,53990.83,586464,435415600
2013.04.17,53984.01,53984.01,52540.44,52881.96,874104,741342100
2013.04.18,52889.48,53473.82,52391.52,53165.91,617546,455445700
2013.04.19,53209.2,54017.87,53209.2,53928.92,496794,372204000
2013.04.22,53930.05,54297.97,53419.9,54297.73,538746,413500900
2013.04.23,54272.06,55282,54164.91,54884.75,605971,536565300
2013.04.24,54875.06,55546.48,54722.56,54984.23,526211,394984500
2013.04.25,54989.18,55543.92,54792,54963.32,631070,437351200
2013.04.26,54963.32,55033.92,54146.57,54252.04,564711,466014500
2013.04.29,54304.36,55335.83,54304.36,54887.25,665799,593126200
2013.04.30,54888.27,55910.37,54584.95,55910.37,847935,714302700
2013.05.02,55918.73,55918.73,55103.93,55321.93,797607,543603100
2013.05.03,55332.13,56366.29,55332.13,55488.08,722149,884176700
2013.05.06,55481.3,55541.73,54651.57,55429.88,650392,652391400
2013.05.07,55428.98,56450.43,55206.72,56274.66,530832,627586800
2013.05.08,56275.51,56813.65,55831.2,55893.61,611048,649006700
2013.05.09,55804.8,56071.93,54905.26,55447.56,536221,479969900
2013.05.10,55447.56,55447.56,54831.69,55107.8,642131,531650800
2013.05.13,55107.8,55107.8,54388.81,54447.77,513556,396014400
2013.05.14,54442.45,55029.81,54326.92,54666.82,627201,509516400
2013.05.15,54665.92,55215.64,54487.57,54936.41,599082,490013500
2013.05.16,54943.26,55538.62,54592.32,54772.62,647422,508073700
2013.05.17,54779.57,55489.38,54779.57,55164.27,514484,406808300
2013.05.20,55159.7,55704.57,54630.26,55700.77,535765,410502300
2013.05.21,55698.55,56265.32,55378.89,56265.32,519232,389863100
2013.05.22,56271.53,57098.62,56036.99,56429.27,666469,487395700
2013.05.23,56396.94,56396.94,55379.26,56349.91,690368,407208400
2013.05.24,56349.91,56506.04,55901.06,56406.21,671162,485435300
2013.05.27,56442.15,56562.35,56352.61,56395.94,244184,205134200
2013.05.28,56399.27,56978.67,56008.52,56036.26,567633,417526900
2013.05.29,56021.86,56021.86,54634.69,54634.69,651525,500476500
2013.05.31,54585.52,54775.79,52942.22,53506.08,1038126,879080900
2013.06.03,53512.25,53993.32,53143.42,53944.36,677726,433627700
2013.06.04,53980.84,54289.07,53497.96,54017.9,678063,431466300
2013.06.05,54004.14,54206.54,52773.96,52798.63,645197,463185600
2013.06.06,52816.51,52937.07,52244.1,52884.83,547866,408884100
2013.06.07,52832.12,52832.12,51427.73,51618.63,692923,563763000
2013.06.10,51617.19,51835.51,51159.85,51316.65,608621,468952800
2013.06.11,51292.64,51292.64,49708.5,49769.93,736192,556067900
2013.06.12,49855.22,50380.13,48746.14,49180.58,878276,778054500
2013.06.13,49178.71,50444.11,49010.93,50414.89,779614,622836800
2013.06.14,50463.35,50655.93,49329.71,49332.34,667368,582611400
2013.06.17,49336.66,50123.3,49074.42,49088.65,606602,530964300
2013.06.18,48939.83,49550.32,48414.03,49464.94,637835,597750600
2013.06.19,49456.96,49698.2,47838.39,47893.06,771244,658260000
2013.06.20,47880.58,48214.43,45929.82,48214.43,1178470,878997200
2013.06.21,48209.44,48209.44,46917.82,47056.04,960407,641724000
2013.06.24,47013.33,47013.33,45405.94,45965.05,887235,630222700
2013.06.25,45971.27,47119.15,45971.27,46893.04,680822,477359300
2013.06.26,46905.42,47725.03,46905.42,47171.98,645108,563634700
2013.06.27,47134.88,48053.15,47134.88,47609.46,642474,556738100
2013.06.28,47579.15,47638.6,47058.94,47457.13,777592,576368500
2013.07.01,47451.47,47674.01,46675.95,47229.59,605707,665881600
2013.07.02,47221.61,47221.61,44818.64,45228.95,888586,812333800
2013.07.03,45227.18,45826.8,44552,45044.03,760283,699888600
2013.07.04,45049.82,46097.03,45049.82,45763.16,422519,510150500
2013.07.05,45732.21,45732.21,44107.06,45210.49,842188,698819100
2013.07.08,45178.7,45740.37,44838.92,45075.5,521250,466409000
2013.07.10,45075.5,45955.32,45075.5,45468.49,558921,482956800
2013.07.11,45628.12,46719.05,45628.12,46626.26,656708,558790800
2013.07.12,46624.21,46624.21,45528.67,45533.24,525806,535715400
2013.07.15,45533.24,46839.9,45533.24,46738.9,545939,483907700
2013.07.16,46765.51,47329.7,46416.78,46869.29,518073,477574300
2013.07.17,46869.29,47710.1,46869.29,47407.31,633363,517889100
2013.07.18,47404.86,48056.89,47092.82,47656.92,553317,428536500
2013.07.19,47650.26,47650.26,47163,47400.23,454606,347490800
2013.07.22,47449.96,48879.39,47449.96,48574.09,563828,413201900
2013.07.23,48641.52,49379.07,48641.52,48819.52,556351,457992800
2013.07.24,48763.27,48887.73,47998.92,48374.23,528087,500648200
2013.07.25,48368.3,49122.81,48006.85,49066.75,514662,493616000
2013.07.26,49068.08,49422.1,48632.72,49422.05,499106,399736400
2013.07.29,49382.52,49461.16,48975.24,49212.33,400579,328515400
2013.07.30,49220.23,49669.15,48560.28,48561.78,551826,550760300
2013.07.31,48558.25,48823.7,48139.64,48234.49,566613,494478500
2013.08.01,48285.88,49281.33,48285.88,49140.78,649085,468892800
2013.08.02,49123.24,49549.87,48448.3,48474.04,515161,450129200
2013.08.05,48479.07,48707.32,48263.85,48436.44,424453,374476800
2013.08.06,48426.07,48522.48,47224.79,47425.71,599782,526706900
2013.08.07,47412.99,47665.37,47164.25,47456.27,530297,446491500
2013.08.08,47452.88,49230.41,47452.88,48928.82,678471,522189700
2013.08.09,48948.82,50000.5,48835.74,49874.9,707615,632429600
2013.08.12,49911.48,51380.23,49911.48,50299.49,859426,704114600
2013.08.13,50307.38,50733.89,50040.34,50600.55,781258,651210500
2013.08.14,50593.66,51364.06,50414.08,50895.92,1182043,1130503100
2013.08.15,50880.05,51452.85,50049.53,50908.34,909485,835731000
2013.08.16,50906.33,51554.77,50800.13,51538.78,796451,740261200
2013.08.19,51508.35,52089.26,51115.35,51574.09,720600,638754600
2013.08.20,51561.17,51561.17,50498.82,50507.02,743430,583433900
2013.08.21,50500.85,51170.94,50055.36,50405.2,692355,599347300
2013.08.22,50408.11,51458.19,50408.11,51397.66,684851,557079900
2013.08.23,51411.13,52197.06,51166.27,52197.06,615026,588830300
2013.08.26,52199.97,52398.44,51429.48,51429.48,496146,428334200
2013.08.27,51400.78,51400.78,50017.93,50091.55,645300,572030600
2013.08.28,50087.18,50591.03,49530.29,49866.92,626094,850349200
2013.08.29,49868.03,50557.9,49845,49921.88,506402,799101100
2013.08.30,49932.22,50480.08,49648.91,50008.38,618023,1423345300
2013.09.02,50105.23,51976.44,50105.23,51835.15,639561,970690000
2013.09.03,51834.82,52289.16,51422.03,51625.5,637554,705241000
2013.09.04,51613.82,51829.52,51107.58,51716.16,564089,507301600
2013.09.05,51713.32,52498.24,51255.52,52351.86,634185,624752000
2013.09.06,52353.88,54124.87,52353.88,53749.42,761131,1052442200
2013.09.09,53751.6,54531.11,53257.16,54251.85,900052,777530700
2013.09.10,54249.54,54739.92,53769.25,53979.03,741833,682626100
2013.09.11,53959.81,54303.81,53307.4,53570.46,589112,683056300
2013.09.12,53570.46,53838.99,52945.21,53307.09,598871,610458800
2013.09.13,53311.88,53858.68,52917.36,53797.51,519257,493874500
2013.09.16,53827.69,54462.78,53559.49,53821.63,564363,477034000
2013.09.17,53826.23,54271.25,53576.06,54271.25,503145,424923900
2013.09.18,54272.5,55827.16,53981.55,55702.9,789895,754107300
2013.09.19,55712.46,55900.01,54965.85,55095.69,656940,513646300
2013.09.20,55095.27,55242.53,54018.51,54110.03,566698,442114900
2013.09.23,54110.03,54682.51,54026.79,54602.38,520908,391544700
2013.09.24,54596.1,54818.37,54163.92,54431.05,570415,429600200
2013.09.25,54413.35,54611.87,53967.94,54261.11,497036,390392200
2013.09.26,54262.84,54344.01,53428.74,53782.97,494835,626730300
2013.09.27,53780.99,54131.01,53611.24,53738.92,575642,421743500
2013.09.30,53735.51,53735.51,52290.93,52338.19,664332,650105900
2013.10.01,52335.58,53179.46,52093.15,53179.46,568051,504196900
2013.10.02,53173.51,53473.88,52870.8,53100.18,502832,414486200
2013.10.03,53130.92,53429.11,52296.25,52489.86,530616,399208500
2013.10.04,52485.47,52871.88,52113.32,52848.97,503620,430037900
2013.10.07,52841.2,52912.03,52273.9,52417.1,505694,347215500
2013.10.08,52413.74,52555.87,51870.33,52312.44,510384,400255300
2013.10.09,52316.56,52835.62,51955.38,52547.71,590128,421243500
2013.10.10,52555.96,53132.78,52511.74,52996.64,577183,413683900
2013.10.11,53001.24,53301.17,52738.72,53149.62,522114,305237300
2013.10.14,53149.62,54196.88,52833.13,54170.6,570891,409715100
2013.10.15,54168.89,55190.11,54053.24,54980.64,736733,857610800
2013.10.16,54994.47,56747.03,54901.83,55973.03,914543,1306086100
2013.10.17,55962.53,56167.76,55145.98,55358.13,616408,720723000
2013.10.18,55364.41,56052.46,55003.77,55378.46,545983,597829200
2013.10.21,55380.45,56109.15,55256.84,56077.43,489993,465944400
2013.10.22,56074.18,56720.21,55897.8,56460.38,575611,460697300
2013.10.23,56458.88,56458.88,55379.85,55440.03,518507,401918800
2013.10.24,55440.03,55864.1,54442.62,54877.15,531195,564928900
2013.10.25,54865.33,54910.86,54141.4,54154.15,470494,494033100
2013.10.28,54155.9,55076.06,54070.48,55073.37,559122,579716500
2013.10.29,55075.8,55266.83,54223.63,54538.8,551456,613622900
2013.10.30,54577.77,54764.15,53917.28,54172.82,544576,604073500
2013.10.31,54166.82,54466.49,53602.45,54256.2,651615,1295432300
2013.11.01,54259.85,54387.33,53752.67,54013.24,715875,409441100
2013.11.04,54014.21,54531.03,54008.39,54436.92,501658,273134800
2013.11.05,54435.62,54538.63,53730.82,53831.85,594157,332855000
2013.11.06,53839.76,53856.75,53073.47,53384.6,787826,425883200
2013.11.07,53390.36,53890.99,52558.39,52740.79,818536,487470800
2013.11.08,52738.9,52867.92,51735.25,52248.86,746490,410531600
2013.11.11,52246.97,52645.52,52072.18,52623.87,447078,239330900
2013.11.12,52626.28,52811.4,51635.66,51804.33,641270,377886300
2013.11.13,51804.33,52271.39,51290.28,52230.29,602711,368967900
2013.11.14,52232.73,53566.32,52232.73,53451.6,632332,381503900
2013.11.18,53451.6,54317.16,53451.6,54307.04,625224,331607900
2013.11.19,54307.04,54307.04,52831.06,53032.91,694132,365117700
2013.11.21,53026.41,53026.41,52190.27,52688.02,632319,362711800
2013.11.22,52626.62,53221.4,52095.78,52800.74,545823,346709700
2013.11.25,52806.68,52995.1,52115.83,52263.51,533476,307530700
2013.11.26,52177.28,52410.49,51433.29,51446.91,586927,373018800
2013.11.27,51446.91,52112.99,51446.91,51861.21,535332,310801800
2013.11.28,51861.21,52458.01,51696.89,51846.83,354254,241658900
2013.11.29,51864.2,52482.49,51864.2,52482.49,433200,263481300
2013.12.02,52479.11,52479.11,51244.87,51244.87,645878,379365000
2013.12.03,51153.54,51257.25,50223.54,50348.89,702086,368312300
2013.12.04,50418.72,50744.43,50113.76,50215.79,534842,364204300
2013.12.05,50220.17,51123.76,50220.17,50787.63,710884,367244300
2013.12.06,50787.63,51364.94,50609.96,50944.27,577385,335342500
2013.12.09,50942.39,51298.21,50832.11,51165.38,443544,227788800
2013.12.10,51166.59,51334.25,50955.66,50993.02,452783,212277100
2013.12.11,50990.62,51038.59,50067.99,50067.99,554861,308314100
2013.12.12,50076.84,50331.27,49842.31,50121.61,589030,304938000
2013.12.13,50133.03,50518.64,50006.11,50051.18,546479,287571500
2013.12.16,50049.94,50611.49,50049.94,50279.61,550582,279702600
2013.12.17,50279,50563.21,50049.08,50090.35,526662,267885400
2013.12.18,50110.39,50869.31,50110.39,50563.43,719031,452771700
2013.12.19,50563.43,51633.43,50563.43,51633.43,526956,296303600
2013.12.20,51620.03,51640.98,51024.65,51185.74,563872,371517600
2013.12.23,51185.74,51604.98,51185.74,51356.1,458164,230680400
2013.12.26,51360.24,51609.85,51184.96,51221.01,351598,181036500
2013.12.27,51239.46,51395.28,51207,51266.56,372174,200257700
2013.12.30,51274.46,51995.79,51274.46,51507.16,372610,204858400
2014.01.02,51522.19,51656.14,50246.3,50341.25,792917,347634400
2014.01.03,50348.6,50981.09,50268.72,50981.09,690758,736043500
2014.01.06,50980.15,51002.29,50451.42,50973.62,680313,356982400
2014.01.07,50981.58,51477.81,50429.14,50430.02,635660,333948100
2014.01.08,50433.11,50792.61,50423.58,50576.64,543904,291652900
2014.01.09,50524.47,50524.47,49258.63,49321.68,685833,370259100
2014.01.10,49316.24,50145.37,49267.26,49696.45,657736,350955900
2014.01.13,49708.29,50003.23,49308.77,49426.9,521442,280299500
2014.01.14,49421.65,49833.53,49263.11,49703.1,540366,288780600
2014.01.15,49714.97,50229.75,49714.97,50105.37,454987,283562400
2014.01.16,50108.81,50577.38,49628.01,49696.28,513302,294447900
2014.01.17,49696.87,49868.22,49174.03,49181.86,441402,261501600
2014.01.20,49178.57,49292.2,48673.05,48708.41,251451,141343900
2014.01.21,48728.2,49123.53,48440.05,48542.07,528224,310436800
2014.01.22,48555.27,49487.04,48554.93,49299.66,540373,387330200
2014.01.23,49293.58,49598.35,48320.64,48320.64,660172,388169500
2014.01.24,48299.11,48327.15,47493.97,47787.38,650678,353501700
2014.01.27,47781.54,48146.88,47492.69,47701.05,627736,293602700
2014.01.28,47989.46,48487.51,47840.93,47840.93,523672,269450000
2014.01.29,47829.75,47884.07,47153.97,47556.78,652267,332574600
2014.01.30,47544.17,48034.03,47114.73,47244.26,612323,310827200
2014.01.31,47168.81,47652.37,46813.69,47638.99,675579,371873300
2014.02.03,47618.94,47619.9,46109.45,46147.52,713964,362207700
2014.02.04,46147.87,47131.61,46145.89,46964.22,683412,347163200
2014.02.05,46958.88,47148.43,46224.19,46624.39,651646,335891600
2014.02.06,46675.31,48033.74,46675.31,47738.09,758410,363223200
2014.02.07,47739.46,48253.16,47556.95,48073.6,680026,319965000
2014.02.10,48070.25,48135.89,47464.56,47710.82,579450,263619600
2014.02.11,47721.18,48603.74,47588.97,48462.79,736062,338154000
2014.02.12,48467.19,48669.22,48044.39,48216.89,659609,277017900
2014.02.13,48210.03,48210.03,47128.98,47812.83,710342,317022700
2014.02.14,47865.93,48313.77,47756.18,48201.11,554140,319449200
2014.02.17,48196.85,48297.85,47540.26,47576.33,352543,188516500
2014.02.18,47576.95,47712.25,46599.76,46599.76,704253,386010300
2014.02.19,46590.76,47155.22,46133.66,47150.83,799543,399896400
2014.02.20,47125.47,47600.35,46634.22,47288.61,695275,300040200
2014.02.21,47289.79,47815.61,47075.28,47380.24,534731,260869300
2014.02.24,47375.76,47538.55,46991.26,47393.5,608675,299270500
2014.02.25,47342.37,47347.54,46613.59,46715.91,591410,292889700
2014.02.26,46734.52,47009.89,46402.96,46599.21,672298,322922500
2014.02.27,46621.81,47781.38,46621.81,47606.75,686600,304854500
2014.02.28,47613.49,47813.1,47043.47,47094.4,801159,409215000
2014.03.05,47093.19,47153.51,46472.87,46589,500140,229491600
2014.03.06,46594.36,47400.49,46501.58,47093.13,647473,316752300
2014.03.07,47093.13,47218.16,46086.17,46244.07,802465,398579400
2014.03.10,46236.42,46236.42,45203.49,45533.2,759153,367759000
2014.03.11,45535.16,46049.65,45401.1,45697.62,712482,328590100
2014.03.12,45686.97,45915.56,45507.87,45861.81,661452,302549100
2014.03.13,45905.75,46176.34,45250.32,45443.83,636917,312220600
2014.03.14,45476.28,45561.67,44904.83,44965.66,695834,348185400
2014.03.17,44978.98,45498.67,44968.66,45117.8,559246,293153200
2014.03.18,45115.44,46217.33,45074.72,46150.96,778469,360180100
2014.03.19,46152.99,46803.23,45909.96,46567.23,783652,334079000
2014.03.20,46502.67,47484.02,46150.51,47278.48,842943,436786700
2014.03.21,47272,47831.73,46720.98,47380.94,708373,419014200
2014.03.24,47441.6,48141.79,47431.53,47993.42,678570,301108400
2014.03.25,47996.53,48440.7,47949.92,48180.14,646790,296528800
2014.03.26,48181.86,48725.06,47963.01,47965.61,690720,347217200
2014.03.27,47964.65,49646.79,47962.03,49646.79,1216452,594995400
2014.03.28,49653.28,50180.53,49606.04,49768.06,799434,424344100
2014.03.31,49769.69,50417.58,49769.69,50414.92,724392,366607000
2014.04.01,50412.05,50626.86,49773.62,50270.37,716396,351294500
2014.04.02,50275.48,51794.21,50241.59,51701.05,919186,481046800
2014.04.03,51711.81,51990.84,51059.14,51408.21,728390,343645000
2014.04.04,51441.89,52288.24,51034.4,51081.78,799551,375414400
2014.04.07,51115.31,52228.69,51115.31,52155.28,780740,375596000
2014.04.08,52309.13,53393.57,51377.19,51629.07,972085,552728700
2014.04.09,51530.88,51572.24,50652.82,51185.4,777538,424802900
2014.04.10,51180.75,51522,50732.13,51127.48,682645,361986900
2014.04.11,51127.48,51870.75,50517.86,51867.29,649256,343428400
2014.04.14,51875.66,52110.1,51361.27,51596.55,619934,271121400
2014.04.15,51576.63,51576.63,49890.16,50454.35,841828,387998600
2014.04.16,50503.27,51288.03,50471.71,51200.56,733585,345244600
2014.04.17,51200.69,52338.07,50886.75,52111.85,651093,303947200
2014.04.22,52110.24,52460.08,51681.9,51976.86,706861,352114000
2014.04.23,51956.11,51956.11,51399.88,51569.69,604992,287628200
2014.04.24,51557.1,51963.17,51237.58,51817.45,625448,320338000
2014.04.25,51817.04,51817.04,51019.33,51399.35,604855,297642200
2014.04.28,51396.73,51471.48,50776.61,51383.68,566454,273236900
2014.04.29,51386.17,52415.86,51386.17,51838.61,694505,435972200
2014.04.30,51837.56,51837.56,51250.61,51626.69,748454,464977400
2014.05.02,51630.28,53060.11,51628.19,52980.31,913996,804567900
2014.05.05,52993.12,53505.9,52931.22,53446.17,639074,430436600
2014.05.06,53446.17,53985.95,53093.52,53779.74,810423,495780600
2014.05.07,53786.09,54225.85,53498.81,54052.74,742308,455635700
2014.05.08,54053.13,54249.42,53222.35,53422.37,576866,334430000
2014.05.09,53422.45,53639.2,53056.62,53100.34,529704,317792000
2014.05.12,53137.11,54053.22,53137.11,54052.9,531077,274433300
2014.05.13,54056.45,54242.98,53730.94,53907.46,549144,295657800
2014.05.14,53913.33,54459.39,53866.76,54412.54,513116,287887400
2014.05.15,54403.66,54403.66,53565.32,53855.54,513488,343561600
2014.05.16,53848.29,54382.28,53708.83,53975.76,538637,354138300
2014.05.19,53975.51,53991.22,53266.63,53353.1,534065,308950000
2014.05.20,53346.73,53842.56,52312.54,52366.19,743493,394859200
2014.05.21,52379.62,52875.42,52203.37,52203.37,788260,324813200
2014.05.22,52205.81,52850.55,52132.77,52806.22,489883,294142800
2014.05.23,52807.48,52935.97,52403.14,52626.41,420752,246230100
2014.05.26,52649.77,53044.35,52649.77,52932.91,231048,118678500
2014.05.27,52933.02,53309.39,52079.19,52172.36,577403,289472900
2014.05.28,52179.46,52858.31,52009.35,52639.75,557373,284250600
2014.05.29,52649.31,52889.29,52031.29,52239.34,448538,239425900
2014.05.30,52228.59,52228.59,51239.34,51239.34,686737,453317400
2014.06.02,51242.79,51878.79,51242.79,51605.83,542820,262099400
2014.06.03,51605.83,52032.38,51377.36,52032.38,532720,285903500
2014.06.04,52000.18,52000.18,51608.67,51832.98,416369,257154100
2014.06.05,51838.27,52245.35,51469.82,51558.79,513973,289002800
2014.06.06,51586.19,53174.8,51586.19,53128.66,742519,429835700
2014.06.09,53122.63,54462.43,53091.17,54273.16,697068,365996500
2014.06.10,54274.06,54604.34,53959.52,54604.34,651533,372989300
2014.06.11,54870.19,55283.71,54775.64,55102.44,660737,379599600
2014.06.13,55102.23,55104.18,54648.67,54806.64,578885,266440900
2014.06.16,54806.64,54854.81,54474.66,54629.55,558092,263680100
2014.06.17,54629.16,54638.01,54150.11,54299.95,324510,158843800
2014.06.18,54301.25,55202.54,54046.42,55202.54,753354,326540900
2014.06.20,55158.24,55158.24,54540.17,54638.19,462657,234783200
2014.06.23,54636.62,54724.33,54097.06,54210.05,302517,140309000
2014.06.24,54194.33,55002.46,54093.89,54280.78,575357,312153300
2014.06.25,54280.78,54392.68,53362.56,53425.74,558611,295313500
2014.06.26,53426.97,53790.15,53331.32,53506.75,429792,224133700
2014.06.27,53506.71,53614.4,52918.65,53157.3,348324,237083900
2014.06.30,53157.86,53311.04,52709.38,53168.22,525425,244870900
2014.07.01,53170.46,53697.76,52886.78,53171.49,475302,269328500
2014.07.02,53170.16,53244.84,52734.67,53028.78,569271,315600400
2014.07.03,53027.27,53877.08,52759.6,53874.58,463453,330286000
2014.07.04,53897.52,54086.56,53703.7,54055.9,101052,75384100
2014.07.07,54041.71,54041.71,53376.06,53801.83,370481,219450400
2014.07.08,53813.58,53905.12,53459.46,53634.69,303448,185458700
2014.07.10,53649.6,54599.5,53649.6,54592.75,705980,472031700
2014.07.11,54592.75,54952.45,54319.78,54785.93,477366,337724500
2014.07.14,54826.71,55896,54826.71,55743.98,778750,417029700
2014.07.15,55737.61,56106.53,55629.07,55973.61,563662,322225900
2014.07.16,55978.85,56331.99,55573.09,55717.36,639708,409452900
2014.07.17,55691.98,56190.12,55237.04,55637.51,698225,397572400
2014.07.18,55638.9,57483.8,55638.9,57012.9,918236,529634400
2014.07.21,57013.91,57756.1,56864.15,57633.92,590045,303409600
2014.07.22,57635.77,58138.03,57503.61,57983.32,540572,301025400
2014.07.23,57923.61,57923.61,57141.89,57419.96,495994,273510700
2014.07.24,57420.49,58122.03,57357.06,57977.56,513486,303998500
2014.07.25,57977.56,58069.2,57648.42,57821.08,414235,242223600
2014.07.28,57823.15,58040.46,57414.51,57695.72,458388,236675700
2014.07.29,57710.68,58013.45,57082.9,57118.81,453863,270209100
2014.07.30,57130.61,57439.06,56705.96,56877.97,447254,244618500
2014.07.31,56877.89,56877.89,55502.21,55829.41,688808,348862900
2014.08.01,55788.52,56058.64,55266.87,55902.87,637350,322909200
2014.08.04,55906.45,56620.27,55585.52,56616.33,487507,219513700
2014.08.05,56620.27,56937.41,56063.55,56202.1,679846,375262900
2014.08.06,56201.64,56797.17,55695.59,56487.18,608954,400616800
2014.08.07,56487.18,56922.92,55985.49,56188.05,498561,304923300
2014.08.08,56116.84,56116.84,55319.36,55572.93,504939,301734700
2014.08.11,55599.88,56657.15,55599.88,56613.32,568187,267247300
2014.08.12,56606.66,56811.11,56312.08,56442.34,508078,214501600
2014.08.13,56473.59,56736.04,55238.61,55581.19,1083759,481076000
2014.08.14,55557.5,55946.54,55436.88,55780.41,556948,304536600
2014.08.15,56128.4,56965.35,56095.21,56963.65,608234,343770900
2014.08.18,57097.85,57664.9,57027.97,57560.72,567023,326825200
2014.08.19,57561.23,58474.93,57370.97,58449.29,647590,348496600
2014.08.20,58439.42,59010.08,58320.02,58878.24,616640,330008900
2014.08.21,58879.46,59207.06,58558.19,58992.11,541140,332202500
2014.08.22,58973.66,58973.66,58164.22,58407.32,472571,232733700
2014.08.25,58410.2,59742.65,58410.19,59735.17,568844,287557500
2014.08.26,59735.17,60092.95,59522.4,59821.45,643587,401412500
2014.08.27,59824.26,61246.67,59824.26,60950.57,821321,538914700
2014.08.28,60831.36,60980.1,60188.78,60290.87,746443,446258100
2014.08.29,60293.9,61442.93,60272.51,61288.15,700527,494242700
2014.09.01,61318.68,62279.27,61141.27,61141.27,573952,281073700
2014.09.02,61141.5,62231.23,60930.48,61895.98,768966,399583300
2014.09.03,61915.02,62304.88,61198.91,61837.04,853224,416432500
2014.09.04,61836.36,61836.36,60739.25,60800.02,736268,401070200
2014.09.05,60800.81,61029.65,60243.71,60681.98,644650,380856200
2014.09.08,60724.1,61512.6,59191.34,59192.75,873816,438603900
2014.09.09,58997.61,59484.88,58306.19,58676.34,749581,446116200
2014.09.10,58670.21,58671.65,57449.62,58198.66,713376,380786300
2014.09.11,58202.26,58808.63,58112.43,58337.29,585616,289314200
2014.09.12,58306.24,58306.24,56666.42,56927.81,873964,462017500
2014.09.15,56931.22,57948.76,56851.71,57948.76,644913,290158800
2014.09.16,57946.15,60242.79,57946.15,59114.66,992095,487626300
2014.09.17,59136.32,60024.6,59095.71,59108.19,707462,352587100
2014.09.18,59098.5,59266.72,58118.28,58374.48,885697,384821100
2014.09.19,58355.9,58516.35,57513.84,57788.7,678797,346467900
2014.09.22,57736.78,57736.78,55974.22,56818.11,834715,381490500
2014.09.23,56816.59,57332.2,56086.44,56540.5,627172,331722500
2014.09.24,56538.98,57130.7,55933.81,56824.42,608367,284832300
2014.09.25,56821.56,56821.56,55875.78,55962.08,585025,284540300
2014.09.26,55978.93,57488.78,55946.01,57212.38,680502,298220500
2014.09.29,57204.25,57204.25,54124.13,54625.35,977206,518640300
2014.09.30,54620.83,54622.22,53536.38,54115.98,997668,522229400
2014.10.01,54115.21,54115.21,52646.55,52858.43,1139686,491881400
2014.10.02,52842.52,54022.44,52480.48,53518.57,817869,398634700
2014.10.03,53518.57,54539.55,53367.72,54539.55,737345,370861100
2014.10.06,54548.1,58897.45,54548.1,57115.9,1455381,688273300
2014.10.07,57248.98,58317.95,57227.65,57436.33,932970,493900800
2014.10.08,57440.31,58190.86,56198.62,57058.48,893093,484074300
2014.10.09,57079.24,58246.08,57076.88,57267.53,845772,454771100
2014.10.10,57263.82,57263.82,55311.59,55311.59,699139,372322000
2014.10.13,55595.37,58747.38,55595.37,57956.53,977316,460579300
2014.10.14,57949.07,58856.25,57258.12,58015.46,765125,399425500
2014.10.15,57998.9,57998.9,54919.04,56135.27,1125076,568802300
2014.10.16,56123.85,56123.85,54132.08,54298.33,1033651,545337200
2014.10.17,54298.33,55948.64,54298.33,55723.79,874479,441804600
2014.10.20,55705.1,55705.1,54299.88,54302.57,728971,388532800
2014.10.21,54133.94,54168.4,51922.45,52432.43,1313658,661898800
2014.10.22,52426.54,53229.42,52064.4,52411.03,670724,378022900
2014.10.23,52409.43,52409.43,50653.54,50713.26,1322076,638669700
2014.10.24,50672.24,53145.51,50595.7,51940.73,1011135,588466600
2014.10.27,51937.39,51937.39,48722.29,50503.66,2244910,1059371300
2014.10.28,50503.66,52374.3,50502.95,52330.03,974212,577998800
2014.10.29,52288.51,52288.89,51049.32,51049.32,878193,493574700
2014.10.30,51049.32,52574.39,51049.32,52336.83,825919,431203200
2014.10.31,52338.15,54628.6,52334.81,54628.6,805749,535827900
2014.11.03,54599.69,54599.69,53053.95,53947.21,660902,367252600
2014.11.04,53947.21,54383.59,53431.87,54383.59,741233,354165600
2014.11.05,54380.78,54380.78,53588.79,53698.42,591369,292966300
2014.11.06,53690.52,53690.52,52417.76,52637.06,790781,372124900
2014.11.07,52637.06,53483,52197.07,53222.85,640270,360795500
2014.11.10,53295.23,53829.63,52716.2,52725.38,500780,298575600
2014.11.11,52718.22,52718.22,52003.02,52474.27,529615,268314100
2014.11.12,52473.34,53435.43,52187.22,52978.89,570107,320354300
2014.11.13,52978.17,53322.89,51846.03,51846.03,554605,304167900
2014.11.14,51783.08,51899.9,50885.65,51772.4,705277,380267000
2014.11.17,51772.4,52222.64,51047,51256.99,560708,282888400
2014.11.18,51257.05,52122.23,51067.46,52061.86,831703,364484400
2014.11.19,52072.41,53402.81,52031.54,53402.81,861295,426687300
2014.11.21,53403.06,56214.05,53403.06,56084.04,1290916,605377500
2014.11.24,56253.07,57359.27,55292.35,55406.91,957069,460487700
2014.11.25,55458.56,56386.64,55204.32,55560.81,768030,505896600
2014.11.26,55561,56099.79,54977.2,55098.47,573035,306404900
2014.11.27,55093.46,56065.13,54592.74,54721.32,422440,230778800
2014.11.28,54731.41,55436.29,54664.36,54664.36,490299,264497700
2014.12.01,54718.32,54718.32,52156.49,52276.58,918656,432062200
2014.12.02,52277.58,52639.71,51471.07,51612.47,697477,330862700
2014.12.03,51610.92,52470.58,51610.92,52320.48,503108,275912900
2014.12.04,52321.46,52539.13,51073.96,51426.87,571763,292713100
2014.12.05,51452.18,52023.97,51163.82,51992.89,532775,254595400
2014.12.08,51992.89,51992.89,50015.72,50274.07,577553,332955800
2014.12.09,50260.12,50260.12,49395.62,50193.47,704565,386784400
2014.12.10,50192.39,50192.39,49297.07,49548.08,604026,320888000
2014.12.11,49548.58,49946.34,48808.99,49861.81,621412,383662700
2014.12.12,49861.33,49861.33,47973.27,48001.98,766946,377781900
2014.12.15,48002.48,48401.15,46409.71,47018.68,921755,469683000
2014.12.16,47016.18,47594.75,45852.81,47007.51,986440,535592900
2014.12.17,47020.02,49257.88,47020.02,48713.64,1250439,623775200
2014.12.18,48745.26,49564.55,48295.99,48495.7,726778,424845800
2014.12.19,48491.55,49657.58,48435.43,49650.98,613681,368166900
2014.12.22,49631.5,50120.86,49104.55,50120.86,579912,267951300
2014.12.23,50120.86,50889.81,49814.97,50889.81,508627,267274700
2014.12.26,50890.81,50973.42,49913.81,50144.63,292183,191418600
2014.12.29,50137.02,50902.96,50008.01,50593.82,385704,186159700
2014.12.30,50601,50841.24,49992.91,50007.41,414668,293597400
2015.01.02,50004.5,50004.5,48345.26,48512.22,631657,290861000
2015.01.05,48512.22,48512.22,47263.91,47516.82,838431,386605600
2015.01.06,47519.58,48061.28,47337.71,48000.92,800328,455402600
2015.01.07,48030.78,49882.26,48015.33,49462.91,903059,440879400
2015.01.08,49463.15,50260.72,49017.31,49943.3,637163,362186200
2015.01.09,49954.7,49954.7,48500.66,48840.25,562935,299924400
2015.01.12,48810.52,48814.05,47955.85,48139.74,662503,324606300
2015.01.13,48144.29,48939.41,48041.67,48041.67,723690,388164500
2015.01.14,48011.78,48280.82,47372.27,47645.87,759175,369718200
2015.01.15,47652.78,48853.42,47652.78,48026.31,761619,446362500
2015.01.16,48039.62,49263.77,48035.71,49016.52,749347,334491200
2015.01.19,48994.21,48996.69,47502.99,47758.01,481552,209438000
2015.01.20,47761.49,48687.34,47619.06,47876.66,588264,337641900
2015.01.21,48014.87,49328.56,47991.39,49224.08,736770,356143000
2015.01.22,49270.28,50281.33,49270.28,49442.62,761034,495227300
2015.01.23,49428.85,49523.26,48496.12,48775.3,601995,308160600
2015.01.26,48623.47,48660.8,48004.44,48576.55,584191,277418600
2015.01.27,48493.24,48864.04,47351.88,48591.23,737394,389090900
2015.01.28,48527.77,48527.77,47550.17,47694.54,665229,424141400
2015.01.29,47696.88,47893.92,47006.51,47762.24,773020,440547600
2015.01.30,47759.19,47759.19,46484.32,46907.68,892366,484662100
2015.02.02,46933.49,47683.64,46760.19,47650.73,652069,324778000
2015.02.03,47698.45,48992.88,47698.45,48963.66,791020,481981600
2015.02.04,48965.69,49718.23,48213.76,49301.05,863027,481127500
2015.02.05,49246.86,49816.29,49019.74,49233.85,729257,400396800
2015.02.06,49215.2,49215.2,48209.3,48792.27,904816,459144000
2015.02.09,48791.92,49522.27,48415.52,49382.58,715148,365752200
2015.02.10,49340.96,49798.73,48510.28,48510.28,684454,379604200
2015.02.11,48499.72,48762.32,47841,48239.67,757153,430762900
2015.02.12,48240.39,49689.79,48240.39,49532.72,689145,382852000
2015.02.13,49545.82,50726.24,49475.52,50635.92,658127,388810700
2015.02.18,50644.61,51867.82,50644.61,51280.36,628148,294068800
2015.02.19,51269.85,51638.4,50869.51,51294.03,442545,248514600
2015.02.20,51301.38,51450.3,50711.24,51237.7,414659,220868900
2015.02.23,51205.89,51689.75,50861.31,51280.64,593758,282308300
2015.02.24,51288.45,51956.03,51049.05,51874.17,616631,300417600
2015.02.25,51756.05,51811.02,51050.85,51811.02,656169,347724900
2015.02.26,51813.41,51922.43,51181.33,51760.54,592404,323897700
2015.02.27,51760.01,52457.05,51474.36,51583.09,830092,417731100
2015.03.02,51579.99,51579.99,50774.73,51020.81,556396,279367100
2015.03.03,51024.96,51432.21,50995.26,51304.1,613913,274616900
2015.03.04,51276.89,51276.89,50399.11,50468.05,730692,365468700
2015.03.05,50488.49,50734.01,50114.42,50365.2,620361,273246700
2015.03.06,50356.93,50400.94,49779.36,49981.19,622022,278783900
2015.03.09,49978.36,49978.36,48951.61,49181.01,745365,329911600
2015.03.10,49094.5,49176.62,48292.94,48293.4,847557,443429400
2015.03.11,48309.86,48936.86,48308.99,48905.58,707567,383969500
2015.03.12,49016.7,49632.75,48684.32,48880.4,733864,383316900
2015.03.13,48828.78,48837.31,47904.85,48595.81,911449,447559900
2015.03.16,48601.62,49205.3,48393.5,48848.21,687488,315934100
2015.03.17,48849.13,50384.2,48840.99,50285.12,773460,401388200
2015.03.18,50260.31,51772.78,49787.68,51526.19,846904,445889400
2015.03.19,51530.22,51547.21,50790.52,50953.53,606246,326356400
2015.03.20,51067.1,52285.68,51067.1,51966.58,903852,491676300
2015.03.23,51969.7,52177.88,51515.95,51908.46,556655,339748800
2015.03.24,51900.86,52222.91,51006.4,51506.07,625515,343645600
2015.03.25,51569.69,52318.75,51550.64,51858.3,702696,477463600
2015.03.26,51834.16,51834.16,50528.1,50579.85,691180,363850000
2015.03.27,50570.68,50570.68,49908.52,50094.66,710703,392765000
2015.03.30,50099.79,51264.67,50099.79,51243.45,546754,279845200
2015.03.31,51240.69,51465.78,50612.12,51150.16,688976,351130000
2015.04.01,51186.75,52613.04,51186.75,52321.76,913515,448142700
2015.04.02,52344.96,53311.58,52344.96,53123.02,810294,452941000
2015.04.06,53123.69,54146.32,53122.06,53737.26,655070,347192800
2015.04.07,53737.99,54002.37,53436.15,53729.16,640219,348712000
2015.04.08,53864.07,54458.42,53507.77,53661.11,797023,478042900
2015.04.09,53594.31,54002.39,53292.23,53802.66,768237,433802000
2015.04.10,53802.66,54413.46,53555.96,54214.11,652335,368296700
2015.04.13,54211.71,54866.24,54004.28,54239.77,654888,366032200
2015.04.14,54245.27,54625.38,53773.31,53981.92,684928,374708600
2015.04.15,54119.49,54960.16,54119.49,54918.74,774551,406959100
2015.04.16,54918.74,54918.74,54315.74,54674.21,687386,413299600
2015.04.17,54527.19,54531.07,53896,53954.79,615570,353725900
2015.04.20,53965.25,54384.98,53510.41,53761.27,492457,267211600
2015.04.22,53762.09,54847.67,53762.09,54617.36,736411,370060000
2015.04.23,54569.12,55781.72,54063.82,55684.85,833795,553506600
2015.04.24,55687.49,56965.16,55687.49,56594.22,880055,498203800
2015.04.27,56554.31,56962.2,55515.39,55534.5,753286,385425800
2015.04.28,55550.6,56017.63,54972.93,55812.03,775070,408258200
2015.04.29,55782.23,55782.23,55067.39,55325.29,704339,388835600
2015.04.30,55312.11,56229.38,55079.75,56229.38,799430,494752300
2015.05.04,56230.03,57519.55,56230.03,57353.98,736845,349259200
2015.05.05,57349.52,58146.74,57096,58051.61,746634,390379400
2015.05.06,58045.11,58574.79,56819.7,57103.14,840813,459841700
2015.05.07,57069.45,57289.51,56507.22,56921.39,609731,306510200
2015.05.08,57065.51,57620.54,56595.09,57149.33,634652,341094000
2015.05.11,57173.8,57489.84,57013.1,57197.1,612152,305799300
2015.05.12,57193.39,57423.61,56752.57,56792.05,711651,318308600
2015.05.13,56790.23,56899.73,56199.12,56372.04,737429,316774700
2015.05.14,56376.28,56920.94,56104.78,56656.57,685938,330908800
2015.05.15,56655.82,57287.7,56422.19,57248.63,628094,298392800
2015.05.18,57249.93,57605.86,55926.47,56204.23,706227,389630100
2015.05.19,56204.23,56211.95,55027.09,55498.82,636177,332274600
2015.05.20,55497.12,55644.97,54819.8,54901.02,628350,338522600
2015.05.21,54900.29,55112.05,54526.08,55112.05,625952,340591300
2015.05.22,55112.05,55223.01,54037.59,54377.29,878707,382704400
2015.05.25,54377.97,54867.86,53971.6,54609.26,379493,165420600
2015.05.26,54609.25,54609.25,53548.19,53629.78,751177,342695700
2015.05.27,53630.62,54292.52,53135.89,54236.25,749772,357322700
2015.05.28,54230.41,54230.41,53363.08,53976.28,650434,275144000
2015.05.29,53974.26,53974.26,52760.48,52760.48,939950,572712600
2015.06.01,52752.91,53232.93,52665.81,53031.31,572745,275806100
2015.06.02,53035.02,54236.44,53035.02,54236.44,736849,358506800
2015.06.03,54253.74,54253.74,53462.34,53522.91,711838,342009800
2015.06.05,53517.6,53517.6,52808.06,52973.38,610651,281346100
2015.06.08,52974.73,53324.57,52809.64,52809.64,503490,266236700
2015.06.09,52809.64,53292.41,52687.89,52815.99,611177,379177200
2015.06.10,52817.46,54102.19,52817.46,53876.45,761227,369852100
2015.06.11,53876.45,54270.81,53443.54,53688.52,611402,320568100
2015.06.12,53689.17,53689.17,53032.88,53347.53,526795,245464200
2015.06.15,53338.14,53338.14,52548.19,53137.53,570222,268834000
2015.06.16,53143.75,53968.99,53106.92,53702.15,588576,338184700
2015.06.17,53697.74,53755.11,52965.07,53248.54,670658,308614200
2015.06.18,53251.15,54351.87,53213.65,54238.59,627030,274741900
2015.06.19,54236.08,54236.08,53479.42,53749.42,481905,294818500
2015.06.22,53750.08,54341.55,53655.41,53863.68,475898,242721000
2015.06.23,53864.79,54360.8,53772.43,53772.43,451712,274649800
2015.06.24,53772.43,54236.28,53628.1,53842.53,526216,281562400
2015.06.25,53840.4,53840.4,52879.4,53175.67,613270,333490500
2015.06.26,53181.02,54076.05,53150.52,53928.72,840,0
2015.06.29,54012.65,54012.65,52647.35,52963.72,838,0
2015.06.30,53014.21,53345.15,52812.5,53104.17,840,0
2015.07.01,53080.88,53456.41,52603.38,52757.54,637695,280202700
2015.07.02,52757.72,53356.61,52757.72,53106.19,555825,309089800
2015.07.03,53105.61,53105.61,52370.32,52477.21,838,0
2015.07.06,52510.51,52678.52,51682.82,52149.37,544491,265312300
2015.07.07,52148.89,52387.82,51129.79,52343.72,722326,364838400
2015.07.08,52343.39,52467.52,51574.12,51762.19,838,0
2015.07.10,51782.26,52785.52,51782.26,52610.36,838,0
2015.07.13,52590.72,53163.57,52590.72,53107.2,840,0
2015.07.14,53119.47,53415.87,52652.75,53328.39,840,0
2015.07.15,53239.18,53333.82,52790.46,52902.28,843,0
2015.07.16,52902.28,53416.98,52713.87,53069.75,852,0
2015.07.17,53069.75,53310.2,52221.14,52363.86,840,0
2015.07.20,52341.42,52423.68,51525.45,51600.08,568685,271655000
2015.07.21,51603.33,51997.69,51244.05,51474.28,564978,303356900
2015.07.22,51473.92,51473.92,50592.47,50915.79,639909,321988100
2015.07.23,50915.79,51063.48,49668.23,49806.63,816319,431084800
2015.07.24,49804.29,49831.46,48624.14,49245.85,760832,374480100
2015.07.27,49245.85,49298.39,48639.95,48735.54,686606,359961500
2015.07.28,48740.26,49871.17,48740.26,49601.6,676288,355042500
2015.07.29,49601.91,50332.57,49421.69,50245.15,724522,387925700
2015.07.30,50245.14,50644.62,49612.04,49897.4,699102,335795500
2015.07.31,49897.4,50894.51,49892.29,50864.77,639040,327419500
2015.08.03,50866.92,50866.92,50053.82,50138.05,592896,268957000
2015.08.04,50137.62,50574.01,49826.74,50058.49,599274,275150000
2015.08.05,50066.85,50852.53,50066.85,50287.27,575582,273833600
2015.08.06,50279.64,50534.17,49623.61,50011.32,763632,379193200
2015.08.07,50013.41,50013.41,48511.68,48577.32,715428,330985400
2015.08.10,48578.05,49511.63,48578.05,49353,616499,292281100
2015.08.11,49339.86,49339.86,48305.66,49072.34,710476,327826300
2015.08.12,49063.87,49063.87,48027.56,48388.05,912853,435881400
2015.08.13,48389.64,48605.89,47721.75,48009.57,735972,328591300
2015.08.14,48010.09,48186.03,47508.41,47508.41,641875,296693700
2015.08.17,47508.83,47787.95,47217.43,47217.43,543556,244273900
2015.08.18,47220.49,48084.31,46675.92,47450.58,727814,346720100
2015.08.19,47450.58,47450.58,45977.38,46588.39,713836,332770200
2015.08.20,46587.51,46780.81,46029.56,46649.23,615511,303593400
2015.08.21,46649.35,46649.35,45676.76,45719.64,673940,295763200
2015.08.24,45714.92,45714.92,42749.23,44336.47,1118058,464265300
2015.08.25,44337.54,45587.89,44337.54,44544.85,837787,359968300
2015.08.26,44545.67,46039.43,44540.18,46038.08,792644,384630000
2015.08.27,46038.08,47996.65,46038.08,47715.27,1024244,438019500
2015.08.28,47696.83,47872.39,46847.37,47153.87,769769,389599800
2015.08.31,47151.43,47151.43,45569.94,46625.52,932329,480714500
2015.09.01,46625.08,46625.08,45278.27,45477.06,872548,381318900
2015.09.02,45484.22,46473.75,45445.07,46463.96,783753,389176700
2015.09.03,46467.97,47532.37,46279.41,47365.87,848069,431052600
2015.09.04,47365.51,47377.23,46320.43,46497.72,799836,453102300
2015.09.08,46500.9,47243.23,46496.79,46762.07,675730,290805700
2015.09.09,46762.07,47839.78,46614.14,46657.1,825562,380914800
2015.09.10,46655.83,46819.09,45592.08,46503.99,880933,461957300
2015.09.11,46508.91,46558.06,46175.88,46400.51,726564,359723200
2015.09.14,46399.98,47385.76,46217.71,47281.52,826529,368512800
2015.09.15,47281.03,47688.88,46745.85,47364.07,773285,366201600
2015.09.16,47364.07,48680.97,47364.07,48553.1,938552,445070200
2015.09.17,48552.71,49395.62,48081.62,48551.08,915190,431350700
2015.09.18,48549.5,48549.5,46927.83,47264.08,912394,451229200
2015.09.21,47263.27,47390.54,46424.6,46590.2,629992,266409100
2015.09.22,46572.04,46572.04,45292.42,46264.61,635,0
2015.09.23,46262.51,46480.08,45340.11,45340.11,773405,406981100
2015.09.24,45339.7,45571.86,44182.73,45291.97,908737,445742900
2015.09.25,45300.34,45968.66,44697.01,44831.46,656680,324153800
2015.09.28,44831.62,44831.62,43766.61,43956.63,868,0
2015.09.29,43956.46,44530.71,43956.04,44131.82,622870,305135800
2015.09.30,44131.76,45294.37,44131.76,45059.34,960511,497530800
2015.10.01,45064.26,45547.33,44788.93,45313.27,872973,387578400
2015.10.02,45313.39,47033.46,44973.4,47033.46,830667,412503200
2015.10.05,47033.28,48081.44,47018.61,47598.07,710328,332274000
2015.10.06,47598.49,48091.62,47388.54,47735.11,687989,336910400
2015.10.07,47735.32,49290.26,47714.69,48914.32,1021912,625323500
2015.10.08,48915.37,49247.28,48657.64,49106.56,851121,368320200
2015.10.09,49105.12,49752.04,48698.44,49338.41,918127,468891900
2015.10.13,49339.14,49339.14,47134.9,47362.64,891319,426035000
2015.10.14,47349.43,47714.78,46700.73,46710.44,1467020,610736700
2015.10.15,46730.26,47187.58,46321.48,47161.15,760841,358120700
2015.10.16,47161.02,47727.44,46516.85,47236.1,696440,358832300
2015.10.19,47242.47,47536.25,46916.77,47447.31,628260,300194100
2015.10.20,47446.94,47727.54,46622.87,47076.55,709927,332034600
2015.10.21,47076.55,47273.73,46653.85,47025.87,642969,294971500
2015.10.22,47026.71,47909,47026.71,47772.14,703023,303769300
2015.10.23,47774.3,48837.01,47502.27,47596.59,754013,330073700
2015.10.26,47606.63,47874.87,47104.57,47209.32,534250,234830500
2015.10.27,47204.78,47338.43,46742.45,47042.95,591271,327386600
2015.10.28,47037.92,47441.5,46388.14,46740.85,653674,396693500
2015.10.29,46740.16,46740.16,45628.35,45628.35,699512,303951800
2015.10.30,45628.35,45975.26,45400.69,45868.82,736220,323201400
2015.11.03,45868.81,48053.67,45866.3,48053.67,1111584,466380400
2015.11.04,48058.83,49054.38,47440.69,47710.1,925426,368831200
2015.11.05,47711.77,48061.34,47430.37,48046.76,625884,312664500
2015.11.06,48046.47,48046.47,46397.11,46918.52,683032,311367100
2015.11.09,46914.8,47000.5,46057.43,46194.92,511800,230481800
2015.11.10,46195.05,46206.57,45396.88,46206.57,602145,246023700
2015.11.11,46207.25,47231.25,46207.25,47065.01,673299,311975200
2015.11.12,47065.01,47459.94,46695.8,47088.56,550,0
