2010.01.04,9.22,9.45,9.16,9.43,1839,1350500
2010.01.05,9.42,9.51,9.29,9.34,2209,1985400
2010.01.06,9.35,9.64,9.35,9.49,3547,3287100
2010.01.07,9.45,9.71,9.37,9.71,2135,2313200
2010.01.08,9.74,9.82,9.58,9.72,2864,2876500
2010.01.11,9.74,9.8,9.47,9.57,3115,2355600
2010.01.12,9.48,9.51,9.28,9.31,5133,3319700
2010.01.13,9.38,9.65,9.33,9.63,3543,2869900
2010.01.14,9.54,10.34,9.53,10.34,18533,12483800
2010.01.15,10.22,10.45,9.78,9.89,6573,5932700
2010.01.18,9.96,10.2,9.86,10.08,2120,2167100
2010.01.19,9.92,10.33,9.89,10.2,3512,3931200
2010.01.20,10.04,10.1,9.61,9.77,3617,3956700
2010.01.21,9.85,9.85,9.15,9.16,5586,3797300
2010.01.22,9.21,9.37,9.12,9.34,4444,2945800
2010.01.26,9.27,9.27,8.94,9.06,4181,2919100
2010.01.27,9.14,9.14,8.9,8.94,1730,3047000
2010.01.28,9.09,9.2,8.98,9.07,2113,1929400
2010.01.29,9.17,9.25,9.02,9.12,3362,2517400
2010.02.01,9.18,9.37,9.08,9.24,2165,1294900
2010.02.02,9.33,9.37,9.14,9.2,3560,2121300
2010.02.03,9.2,9.36,9.13,9.36,3351,1834300
2010.02.04,9.27,9.34,8.94,8.96,2347,1767300
2010.02.05,8.89,8.9,8.36,8.8,3136,2367300
2010.02.08,8.91,9.03,8.52,8.59,4156,3366800
2010.02.09,8.77,9.02,8.72,8.84,6801,3747000
2010.02.10,8.9,9.11,8.87,9.06,4317,2299100
2010.02.11,9.07,9.11,8.96,9.04,2140,1361900
2010.02.12,9,9.03,8.81,8.87,1564,1174500
2010.02.17,9.06,9.24,8.99,9.06,4237,2775800
2010.02.18,9.08,9.3,9.05,9.29,1948,1478400
2010.02.19,9.21,9.36,9.11,9.33,1481,1129200
2010.02.22,9.36,9.5,9.11,9.23,2652,1628600
2010.02.23,9.22,9.36,9.05,9.13,1876,1225400
2010.02.24,9.18,9.39,9.04,9.26,1580,1320700
2010.02.25,9.08,9.3,8.94,9.19,1296,920700
2010.02.26,9.24,9.27,8.87,8.87,5643,4337100
2010.03.01,9.04,9.1,8.94,8.99,1916,1676800
2010.03.02,8.97,9.07,8.94,8.98,1917,1899700
2010.03.03,9.02,9.4,9.02,9.18,5493,5628100
2010.03.04,9.24,9.38,9.06,9.35,2593,1803900
2010.03.05,9.46,9.48,9.26,9.26,2175,1234300
2010.03.08,9.46,9.49,9.25,9.43,3041,1938500
2010.03.09,9.36,9.44,9.2,9.37,4173,2640900
2010.03.10,9.39,9.42,9.04,9.07,7224,3879200
2010.03.11,9.07,9.08,8.84,8.92,3254,4186800
2010.03.12,9.03,9.04,8.49,8.56,6253,19549900
2010.03.15,8.57,8.57,8.29,8.41,4718,5001800
2010.03.16,8.52,8.55,8.34,8.39,3470,4684700
2010.03.17,8.48,8.52,8.03,8.04,13746,11409900
2010.03.18,8.06,8.19,7.92,8.04,12842,10077100
2010.03.19,8.1,8.27,7.61,7.61,16698,24147200
2010.03.22,7.6,7.99,7.41,7.96,10487,11803300
2010.03.23,8.03,8.06,7.72,7.83,5087,7010500
2010.03.24,7.9,8,7.8,7.87,5978,5968100
2010.03.25,7.94,7.96,7.66,7.67,3515,3985100
2010.03.26,7.73,7.77,7.27,7.31,6428,10219600
2010.03.29,7.4,7.63,7.16,7.63,5830,7863600
2010.03.30,7.68,7.72,7.48,7.51,3974,6021700
2010.03.31,7.54,7.76,7.48,7.76,2864,4003600
2010.04.01,7.83,8.01,7.82,7.95,4803,6500600
2010.04.05,7.98,8,7.86,7.92,3734,3885700
2010.04.06,7.89,7.89,7.65,7.67,5802,5367600
2010.04.07,7.6,7.77,7.51,7.69,5180,6127600
2010.04.08,7.64,8.06,7.58,8.05,4358,6512900
2010.04.09,8.06,8.31,8.06,8.26,5997,9677500
2010.04.12,8.16,8.37,8.14,8.26,5172,7129000
2010.04.13,8.28,8.43,8.17,8.35,3129,3467800
2010.04.14,8.33,8.49,8.33,8.36,3895,5934700
2010.04.15,8.35,8.44,8.03,8.32,5300,4940600
2010.04.16,8.25,8.42,8.17,8.22,2673,3894100
2010.04.19,8.17,8.37,8.12,8.29,5333,3123700
2010.04.20,8.35,8.47,8.27,8.45,3761,7485800
2010.04.22,8.42,8.44,8.11,8.13,4378,8500300
2010.04.23,8.11,8.33,7.95,8.29,4686,8086300
2010.04.26,8.28,8.3,8.16,8.21,3853,6944200
2010.04.27,8.21,8.27,7.93,7.95,4147,15200300
2010.04.28,7.86,7.92,7.66,7.88,5780,14748100
2010.04.29,7.91,8.05,7.87,7.97,7335,15706900
2010.04.30,7.98,8.15,7.97,7.98,6863,18780000
2010.05.03,8.04,8.15,7.85,8.09,3595,5388300
2010.05.04,7.99,8.09,7.84,7.84,5798,8316000
2010.05.05,7.76,7.91,7.69,7.83,3608,10655500
2010.05.06,7.84,7.89,7.14,7.59,4638,16658200
2010.05.07,7.54,7.6,7.04,7.04,10788,13121300
2010.05.10,7.34,7.39,7.08,7.1,18697,11229400
2010.05.11,7.06,7.29,6.89,7.09,5948,9605000
2010.05.12,7.15,7.32,7.12,7.32,4082,4679600
2010.05.13,7.34,7.48,7.26,7.41,3810,5522300
2010.05.14,7.29,7.29,7.04,7.14,3884,5272900
2010.05.17,7.12,7.16,6.77,7.06,3809,8300100
2010.05.18,7.12,7.16,6.8,6.81,4271,6548200
2010.05.19,6.6,6.77,6.53,6.56,4600,14186200
2010.05.20,6.37,6.41,6.15,6.27,7206,9133700
2010.05.21,6.18,6.5,6.1,6.44,4794,5584000
2010.05.24,6.36,6.78,6.34,6.68,4477,4170300
2010.05.25,6.4,6.88,6.29,6.66,6310,4607500
2010.05.26,6.81,7.08,6.71,7.06,4994,6191600
2010.05.27,7.14,7.34,7.11,7.28,4128,3770100
2010.05.28,7.12,7.23,6.93,7.04,4015,6312800
2010.05.31,7.06,7.12,6.98,7.11,2356,1993800
2010.06.01,6.97,7.29,6.91,7.2,3180,2997500
2010.06.02,7.18,7.65,7.18,7.58,3026,5388600
2010.06.04,7.53,7.56,7.29,7.31,3665,3131800
2010.06.07,7.34,7.57,7.26,7.45,2401,3442000
2010.06.08,7.5,7.62,7.44,7.52,1884,3642000
2010.06.09,7.56,7.59,7.2,7.25,6850,6138800
2010.06.10,7.3,7.44,7.27,7.38,3323,3165900
2010.06.11,7.29,7.49,7.29,7.49,2068,1487900
2010.06.14,7.52,7.64,7.51,7.64,2335,2652100
2010.06.15,7.71,7.94,7.68,7.84,2910,3007400
2010.06.16,7.81,8.12,7.76,8,8182,5677500
2010.06.17,8.08,8.16,7.7,7.82,6680,5387800
2010.06.18,7.85,7.97,7.68,7.81,5197,3545300
2010.06.21,7.93,7.96,7.69,7.82,2881,2577400
2010.06.22,7.81,7.98,7.76,7.87,2796,2157000
2010.06.23,7.91,7.96,7.79,7.96,1742,1929900
2010.06.24,7.89,7.94,7.81,7.88,3866,1828700
2010.06.25,7.89,7.96,7.84,7.94,970,720300
2010.06.28,7.97,7.97,7.78,7.84,965,1428600
2010.06.29,7.73,7.73,7.39,7.48,4817,6067800
2010.06.30,7.51,7.53,7.37,7.48,3232,3269100
2010.07.01,7.54,7.8,7.39,7.74,5415,3823300
2010.07.02,7.72,7.84,7.61,7.76,5282,2431900
2010.07.05,7.8,7.81,7.46,7.57,3036,1449200
2010.07.06,7.68,7.97,7.67,7.87,4921,4163300
2010.07.07,7.89,8.06,7.85,7.85,3775,3542700
2010.07.08,7.92,7.95,7.73,7.83,2277,2517900
2010.07.12,7.83,7.91,7.71,7.89,2000,2461000
2010.07.13,7.93,7.97,7.84,7.89,2503,2431600
2010.07.14,7.87,8.1,7.84,8.04,3002,2214700
2010.07.15,8.04,8.26,7.97,8.26,5128,3052600
2010.07.16,8.23,8.29,7.78,7.84,3544,4608800
2010.07.19,7.94,8,7.81,7.94,1917,2056300
2010.07.20,7.9,7.95,7.84,7.89,3200,2477700
2010.07.21,7.9,7.96,7.73,7.78,2672,2414900
2010.07.22,7.88,8.07,7.85,8.01,2315,4071700
2010.07.23,8.04,8.21,7.92,8.21,3868,3875400
2010.07.26,8.18,8.4,8.14,8.37,3859,5210400
2010.07.27,8.42,8.5,8.27,8.37,6793,4723800
2010.07.28,8.31,8.39,8.15,8.27,2973,2424900
2010.07.29,8.34,8.46,8.26,8.38,1851,1583800
2010.07.30,8.27,8.65,8.27,8.42,4728,5347900
2010.08.02,8.52,8.7,8.52,8.62,4784,3188600
2010.08.03,8.61,8.67,8.34,8.34,2965,2911900
2010.08.04,8.44,8.48,8.25,8.38,3632,3105500
2010.08.05,8.3,8.38,8.15,8.22,4386,3583800
2010.08.06,8.2,8.27,8.05,8.16,4153,3445400
2010.08.09,8.16,8.22,8.01,8.11,4252,3413200
2010.08.10,8.06,8.08,7.95,7.96,3038,3555600
2010.08.11,7.95,8.18,7.92,8.09,4967,4547500
2010.08.12,8.11,8.19,8.01,8.15,3927,3073800
2010.08.13,8.26,8.32,8.06,8.23,3649,3032600
2010.08.16,8.18,8.18,7.74,7.76,6201,6047700
2010.08.17,7.83,7.85,7.36,7.56,11266,11764500
2010.08.18,7.58,7.63,7.42,7.54,9459,7986900
2010.08.19,7.54,7.71,7.37,7.41,8450,7727400
2010.08.20,7.45,7.53,7.39,7.44,3661,3656000
2010.08.23,7.5,7.53,7.1,7.14,7506,8397700
2010.08.24,7.09,7.2,6.96,7.14,5675,8485800
2010.08.25,7.12,7.18,7.01,7.09,4539,6209900
2010.08.26,7.15,7.17,6.87,6.92,4684,6876900
2010.08.27,6.99,7.29,6.77,7.22,8748,7390600
2010.08.30,7.18,7.2,6.99,7.07,3627,2838300
2010.08.31,7.05,7.29,7.02,7.29,6299,8091600
2010.09.01,7.33,7.4,7.2,7.26,7329,7365500
2010.09.02,7.27,7.27,7.09,7.11,2877,3786400
2010.09.03,7.16,7.22,7.02,7.03,3371,3041500
2010.09.06,7.07,7.21,7.06,7.14,1554,1635700
2010.09.08,6.94,7.19,6.93,7.12,2971,3093100
2010.09.09,7.16,7.25,7.12,7.12,2095,1545400
2010.09.10,7.13,7.15,7.04,7.08,1909,2701000
2010.09.13,7.12,7.16,7.08,7.08,4694,3174600
2010.09.14,7.11,7.16,7.05,7.14,3415,4792700
2010.09.15,7.08,7.23,7.07,7.17,2738,3435400
2010.09.16,7.17,7.32,7.12,7.32,3319,3936900
2010.09.17,7.34,7.52,7.32,7.37,4837,5105700
2010.09.20,7.4,7.56,7.37,7.56,3946,2575100
2010.09.21,7.56,7.66,7.44,7.44,3135,4257500
2010.09.22,7.4,7.54,7.13,7.46,6836,4131800
2010.09.23,7.39,7.73,7.33,7.62,8916,7354200
2010.09.24,7.69,7.74,7.39,7.42,4113,4520200
2010.09.27,7.43,7.52,7.29,7.29,3056,2366600
2010.09.28,7.32,7.39,7.28,7.34,3137,3348400
2010.09.29,7.34,7.38,7.14,7.14,3701,3853500
2010.09.30,7.18,7.21,7.06,7.16,5611,4573800
2010.10.01,7.18,7.22,7.12,7.12,4023,3952900
2010.10.04,7.14,7.2,6.96,6.97,7221,6339200
2010.10.05,7.05,7.17,7.01,7.12,6651,5475200
2010.10.06,7.14,7.35,7.09,7.25,8189,6311700
2010.10.07,7.25,7.3,7.04,7.11,3102,5123100
2010.10.08,7.07,7.14,6.91,7.07,4292,6210500
2010.10.11,7.06,7.19,7.06,7.18,2514,2204600
2010.10.13,7.18,7.28,7.07,7.07,8297,6552800
2010.10.14,7.1,7.11,6.99,7.09,4989,4305300
2010.10.15,7.12,7.13,6.83,6.92,4721,5951600
2010.10.18,6.92,6.97,6.86,6.88,3185,2259700
2010.10.19,6.83,6.83,6.73,6.77,3364,3365600
2010.10.20,6.79,6.84,6.59,6.59,3327,5209000
2010.10.21,6.62,6.74,6.41,6.42,4447,6443600
2010.10.22,6.49,6.55,6.3,6.31,9235,5424800
2010.10.25,6.37,6.41,6.19,6.19,3119,4848100
2010.10.26,6.18,6.5,6.12,6.5,4949,6945000
2010.10.27,6.47,6.59,6.36,6.41,3867,4559400
2010.10.28,6.46,6.48,6.3,6.36,5009,4923000
2010.10.29,6.39,6.43,6.32,6.4,3659,5156600
2010.11.01,6.42,6.44,6.33,6.33,2492,1914900
2010.11.03,6.37,6.38,6.27,6.32,2593,2572700
2010.11.04,6.38,6.4,6.29,6.32,4517,4519800
2010.11.05,6.33,6.48,6.27,6.48,3447,6602700
2010.11.08,6.49,6.56,6.44,6.49,3238,5724800
2010.11.09,6.57,6.71,6.52,6.55,5180,8354000
2010.11.10,6.46,6.63,6.32,6.36,5167,6360500
2010.11.11,6.37,6.4,6.23,6.29,4772,4890400
2010.11.12,6.19,6.47,6.13,6.25,10959,6768600
2010.11.16,6.23,6.23,5.89,5.91,8545,7227800
2010.11.17,5.97,6,5.86,5.96,4689,7786600
2010.11.18,6.04,6.13,5.99,6.02,6880,6103700
2010.11.19,5.96,6.19,5.92,6.19,5654,7045200
2010.11.22,6.19,6.29,6.09,6.13,3678,4900600
2010.11.23,6.04,6.11,5.94,5.94,5235,5299400
2010.11.24,6,6.32,6,6.32,5247,5810600
2010.11.25,6.38,6.4,6.3,6.32,2497,2749200
2010.11.26,6.23,6.25,6.11,6.11,3386,2760000
2010.11.29,6.09,6.26,5.95,6.26,5485,3993100
2010.11.30,6.19,6.41,6.14,6.41,5337,4772500
2010.12.01,6.46,6.55,6.37,6.55,6932,3826800
2010.12.02,6.5,6.65,6.43,6.59,3587,4173300
2010.12.03,6.56,6.66,6.44,6.59,2531,3491500
2010.12.06,6.57,6.59,6.39,6.48,2045,2387900
2010.12.07,6.54,6.56,6.42,6.49,3654,2609800
2010.12.08,6.44,6.51,6.3,6.42,6332,4691400
2010.12.09,6.44,6.49,6.31,6.38,1916,2928100
2010.12.10,6.43,6.73,6.37,6.73,5225,7079600
2010.12.13,6.78,6.93,6.62,6.64,6173,7305200
2010.12.14,6.64,6.74,6.46,6.68,4660,6153300
2010.12.15,6.61,6.74,6.54,6.61,6407,8270700
2010.12.16,6.68,6.76,6.5,6.76,3031,5004400
2010.12.17,6.71,6.88,6.67,6.86,3122,4260100
2010.12.20,6.84,6.88,6.64,6.77,5006,8289700
2010.12.21,6.77,7.06,6.74,7.06,5803,6991200
2010.12.22,6.98,7.28,6.93,7.21,6052,8409200
2010.12.23,7.21,7.41,7.18,7.41,5860,6259000
2010.12.27,7.31,7.43,7.13,7.14,3535,2737700
2010.12.28,7.09,7.12,6.92,6.95,3184,2514600
2010.12.29,6.98,7.04,6.85,6.91,2933,2354500
2010.12.30,6.94,7.12,6.86,7.03,3158,4854300
2011.01.03,7.08,7.16,6.91,7,3654,3207300
2011.01.04,7.03,7.06,6.85,6.94,8066,4963500
2011.01.05,6.91,7.04,6.77,6.99,4780,3143200
2011.01.06,7,7.03,6.91,6.94,3710,4066300
2011.01.07,6.96,6.96,6.86,6.88,2295,3103200
2011.01.10,6.88,7,6.81,6.86,1981,1988100
2011.01.11,6.95,6.96,6.86,6.89,3092,2877300
2011.01.12,6.95,6.98,6.88,6.98,3822,2758800
2011.01.13,6.96,6.99,6.85,6.86,2382,2810100
2011.01.14,6.85,6.93,6.82,6.82,1493,2812100
2011.01.17,6.84,6.87,6.69,6.77,1926,2455000
2011.01.18,6.81,6.84,6.62,6.64,4109,3620200
2011.01.19,6.67,6.79,6.57,6.79,6255,5863700
2011.01.20,6.72,6.79,6.65,6.65,2793,2182800
2011.01.21,6.68,6.76,6.61,6.76,3136,2445800
2011.01.24,6.73,6.93,6.71,6.85,2647,2548100
2011.01.26,6.84,6.84,6.61,6.61,4083,4475900
2011.01.27,6.64,6.72,6.51,6.61,3303,3941700
2011.01.28,6.65,6.65,6.28,6.29,4398,3890000
2011.01.31,6.32,6.34,6.06,6.18,7867,4331200
2011.02.01,6.21,6.32,6.18,6.27,2227,2111100
2011.02.02,6.29,6.3,6.21,6.25,2495,2739000
2011.02.03,6.24,6.42,6.13,6.2,3917,3269700
2011.02.04,6.22,6.26,5.96,5.96,2582,4138400
2011.02.07,6,6.02,5.93,5.96,1977,1863700
2011.02.08,5.97,6.05,5.94,5.94,4229,4145400
2011.02.09,5.97,6,5.75,5.75,3824,4265900
2011.02.10,5.76,5.81,5.68,5.68,3733,4274500
2011.02.11,5.71,5.79,5.62,5.73,4743,5770400
2011.02.14,5.76,5.85,5.68,5.83,3736,6357200
2011.02.15,5.83,5.93,5.77,5.88,3188,7639900
2011.02.16,5.92,6.03,5.88,5.99,5501,7064200
2011.02.17,6,6.18,5.93,6.11,4450,5995800
2011.02.18,6.1,6.21,6.04,6.2,3383,3441200
2011.02.21,6.19,6.2,6.12,6.13,2534,1751400
2011.02.22,6.08,6.13,5.9,5.95,3095,4414600
2011.02.23,5.97,6.07,5.84,6.07,4183,5551300
2011.02.24,6.02,6.11,5.96,6.05,2779,3353100
2011.02.25,6.08,6.12,5.97,6.06,3194,3345500
2011.02.28,6.11,6.17,6.05,6.12,2503,3381300
2011.03.01,6.12,6.25,6.05,6.13,4272,7245800
2011.03.02,6.1,6.19,6.06,6.06,2326,2895800
2011.03.03,6.1,6.15,6.05,6.08,1832,4708300
2011.03.04,6.15,6.21,6.06,6.11,1968,3084000
2011.03.09,6.1,6.2,6.08,6.18,1892,1969000
2011.03.10,6.15,6.34,5.99,6.07,4032,9137900
2011.03.11,6.12,6.27,6.1,6.24,2220,2646700
2011.03.14,6.22,6.26,6.14,6.25,2031,2122100
2011.03.15,6.13,6.32,6.07,6.27,3495,3674000
2011.03.16,6.3,6.38,6.06,6.09,4414,4486400
2011.03.17,6.18,6.23,6.01,6.05,2632,2055400
2011.03.18,6.12,6.21,6.03,6.03,3362,4807300
2011.03.21,6.13,6.13,5.95,5.99,2911,2939800
2011.03.22,6.02,6.07,5.97,6.07,2458,2149400
2011.03.23,6.03,6.06,5.96,5.96,4051,3127800
2011.03.24,5.94,5.95,5.69,5.74,8857,8617400
2011.03.25,5.75,5.9,5.71,5.79,4801,4471400
2011.03.28,5.81,5.88,5.66,5.66,2907,3758800
2011.03.29,5.72,5.81,5.69,5.74,4050,4755700
2011.03.30,5.8,5.8,5.72,5.77,2162,2087400
2011.03.31,5.79,5.85,5.74,5.74,4038,4785600
2011.04.01,5.78,5.82,5.71,5.72,4182,5745200
2011.04.04,5.75,5.8,5.74,5.77,3489,3061500
2011.04.05,5.78,5.8,5.74,5.75,2787,6169000
2011.04.06,5.78,5.78,5.67,5.67,3333,6474300
2011.04.07,5.68,5.74,5.66,5.74,3156,5373500
2011.04.08,5.77,5.8,5.7,5.72,4473,5529500
2011.04.11,5.77,5.79,5.72,5.74,2626,3196500
2011.04.12,5.74,5.75,5.68,5.71,3159,3624000
2011.04.13,5.73,5.75,5.5,5.67,7616,4878000
2011.04.14,5.66,5.72,5.59,5.65,4055,2851300
2011.04.15,5.67,5.67,5.51,5.55,2890,3123800
2011.04.18,5.52,5.6,5.24,5.24,6150,5257500
2011.04.19,5.26,5.43,5.24,5.43,3576,3964600
2011.04.20,5.53,5.54,5.43,5.43,6351,3499300
2011.04.25,5.44,5.47,5.32,5.43,3661,1567800
2011.04.26,5.42,5.49,5.39,5.47,3756,2387300
2011.04.27,5.46,5.49,5.35,5.35,1931,2224500
2011.04.28,5.31,5.35,5.19,5.23,4192,3721000
2011.04.29,5.27,5.27,5.16,5.26,4952,6271000
2011.05.02,5.22,5.29,5.2,5.23,3826,3021300
2011.05.03,5.23,5.26,5.14,5.14,3241,3167200
2011.05.04,5.17,5.17,4.92,4.92,3000,2890200
2011.05.05,4.91,5.19,4.88,5.18,3412,3824200
2011.05.06,5.24,5.31,5.12,5.16,6832,3461400
2011.05.09,5.19,5.35,5.13,5.35,3089,3183100
2011.05.10,5.35,5.53,5.35,5.5,3424,5042900
2011.05.11,5.57,5.81,5.48,5.48,10402,12889800
2011.05.12,5.38,5.7,5.31,5.53,4310,5371800
2011.05.13,5.56,5.68,5.48,5.52,3640,4546700
2011.05.16,5.52,5.6,5.49,5.51,2557,2603800
2011.05.17,5.49,5.65,5.44,5.65,3020,2811000
2011.05.18,5.53,5.73,5.32,5.36,7966,8935200
2011.05.19,5.33,5.34,5.15,5.19,3685,8399400
2011.05.20,5.18,5.21,5.05,5.05,3264,6003100
2011.05.23,5.01,5.01,4.84,4.87,3744,5686500
2011.05.24,4.89,5,4.87,4.98,3833,3982200
2011.05.25,4.96,5.06,4.92,5,4399,3202000
2011.05.26,5.02,5.26,4.96,5.22,3095,3488800
2011.05.27,5.22,5.31,5.2,5.31,2499,2897700
2011.05.30,5.35,5.56,5.26,5.43,3202,3537500
2011.05.31,5.45,5.55,5.41,5.54,5522,5144700
2011.06.01,5.47,5.51,5.26,5.26,3981,4448500
2011.06.02,5.27,5.48,5.17,5.47,3879,3686700
2011.06.03,5.38,5.68,5.37,5.51,3260,2908300
2011.06.06,5.52,5.57,5.22,5.25,3898,3671900
2011.06.07,5.3,5.38,5.17,5.17,3597,3708800
2011.06.08,5.2,5.21,5.04,5.1,2565,2128000
2011.06.09,5.14,5.35,5.11,5.29,4047,3322200
2011.06.10,5.27,5.29,5.1,5.12,2361,2313900
2011.06.13,5.15,5.23,5.1,5.14,2298,2213300
2011.06.14,5.17,5.23,5.09,5.12,1847,2191400
2011.06.15,5.07,5.12,4.97,4.99,4894,5096200
2011.06.16,5.01,5.05,4.86,4.89,1882,2537100
2011.06.17,4.98,5.04,4.9,5.04,3154,3437500
2011.06.20,4.99,5.17,4.98,5.16,2813,2774100
2011.06.21,5.15,5.21,5.04,5.2,2934,3532500
2011.06.22,5.16,5.26,5.14,5.14,3438,2802900
2011.06.24,5.12,5.15,4.95,4.99,5798,3682700
2011.06.27,5.01,5.05,4.97,5.01,3766,4145300
2011.06.28,5.03,5.16,5.02,5.08,4670,3570600
2011.06.29,5.11,5.18,5.05,5.13,2379,2514300
2011.06.30,5.15,5.27,5.15,5.27,2260,3373100
2011.07.01,5.29,5.43,5.19,5.3,4170,3538400
2011.07.04,5.34,5.45,5.25,5.45,1236,1605300
2011.07.05,5.47,5.54,5.3,5.33,5039,3756000
2011.07.06,5.26,5.35,5.23,5.26,1920,1760200
2011.07.07,5.29,5.35,5.15,5.15,2693,2466300
2011.07.08,5.09,5.3,5.03,5.22,3278,2833100
2011.07.11,5.12,5.16,5.04,5.04,1905,2232100
2011.07.12,5.01,5.09,4.9,4.9,3359,3867400
2011.07.13,4.97,5.25,4.96,5.24,3494,3973000
2011.07.14,5.22,5.34,5.18,5.29,2738,5376000
2011.07.15,5.29,5.48,5.26,5.42,4855,4144200
2011.07.18,5.36,5.41,5.24,5.24,2152,2934000
2011.07.19,5.26,5.31,5.07,5.08,4224,5336800
2011.07.20,5.11,5.14,4.97,4.98,3729,4288300
2011.07.21,5.01,5.18,5,5.1,3447,5423200
2011.07.22,5.11,5.18,5.06,5.1,5038,3625800
2011.07.25,5.07,5.07,4.98,5.02,2441,3239700
2011.07.26,5.02,5.05,4.9,4.9,4705,4334100
2011.07.27,4.9,4.93,4.66,4.66,6177,6692100
2011.07.28,4.72,4.81,4.54,4.59,6733,4932500
2011.07.29,4.57,4.67,4.5,4.54,3618,3694600
2011.08.01,4.66,4.67,4.46,4.51,4154,4070200
2011.08.02,4.5,4.58,4.33,4.33,4447,4498400
2011.08.03,4.31,4.33,4.07,4.15,4467,7215900
2011.08.04,4.05,4.26,3.88,4.17,13761,10505400
2011.08.05,4.25,4.33,4.07,4.14,14477,14535900
2011.08.08,4.02,4.17,3.74,3.93,9249,9866800
2011.08.09,3.99,4.09,3.74,4.02,5360,6713900
2011.08.10,3.95,4.08,3.86,4.02,6031,5357000
2011.08.11,4.04,4.21,4.03,4.14,3938,4220100
2011.08.12,4.14,4.22,4,4.07,4017,4499600
2011.08.15,4.12,4.19,4.08,4.18,2095,3778900
2011.08.16,4.02,4.09,3.99,4.04,3724,4973800
2011.08.17,4.05,4.1,4.03,4.07,6213,5200800
2011.08.18,4,4.05,3.92,4.05,3207,4012900
2011.08.19,4.01,4.17,3.99,4.14,3674,3467800
2011.08.22,4.2,4.23,4.03,4.03,2112,2643600
2011.08.23,4.08,4.27,3.96,4.08,5321,5877900
2011.08.24,4.12,4.18,3.97,4.04,4183,4910700
2011.08.25,4.05,4.1,3.95,3.95,2660,3861400
2011.08.26,3.96,4.01,3.82,3.93,3521,3993200
2011.08.29,3.97,4.05,3.95,4.05,2760,4263800
2011.08.30,4.02,4.06,3.99,4,2903,4325700
2011.08.31,4.04,4.19,4.02,4.19,5080,7132500
2011.09.01,4.27,4.36,4.22,4.3,6316,6545900
2011.09.02,4.22,4.23,4.09,4.16,6591,7788900
2011.09.05,4.1,4.11,4.04,4.04,3413,2451000
2011.09.06,3.99,4.12,3.98,4.12,5221,4192200
2011.09.08,4.19,4.24,4.15,4.17,4109,3169500
2011.09.09,4.11,4.17,4.05,4.09,2256,2123700
2011.09.12,4.06,4.07,3.97,4.04,2972,2886400
2011.09.13,4.08,4.1,4.04,4.04,2160,2141400
2011.09.14,4.04,4.14,4.03,4.08,2958,2803800
2011.09.15,4.12,4.14,4.05,4.09,2287,2587800
2011.09.16,4.12,4.17,4.1,4.16,3569,2735300
2011.09.19,4.09,4.15,4.07,4.12,2307,2279600
2011.09.20,4.13,4.15,4.04,4.05,3955,3179400
2011.09.21,4.07,4.17,4.01,4.01,4778,3845100
2011.09.22,3.93,3.97,3.65,3.76,6057,5734500
2011.09.23,3.74,3.81,3.65,3.81,4163,4256500
2011.09.26,3.88,3.89,3.73,3.82,3563,2623000
2011.09.27,3.9,3.91,3.72,3.76,2304,2910000
2011.09.28,3.79,3.84,3.68,3.72,1728,2702500
2011.09.29,3.8,3.84,3.72,3.81,4674,2362000
2011.09.30,3.78,3.78,3.55,3.55,3547,3276800
2011.10.03,3.53,3.57,3.39,3.48,4360,3798100
2011.10.04,3.42,3.52,3.35,3.45,4543,4260800
2011.10.05,3.48,3.59,3.43,3.55,5508,3400500
2011.10.06,3.62,3.68,3.56,3.59,3159,2935100
2011.10.07,3.62,3.67,3.49,3.55,3612,3550100
2011.10.10,3.6,3.82,3.57,3.82,3659,3058400
2011.10.11,3.78,3.96,3.74,3.92,3906,3494300
2011.10.13,3.94,4.1,3.89,4.04,8208,5330500
2011.10.14,4.05,4.09,3.98,4.03,1589,1357200
2011.10.17,3.99,4.03,3.92,3.95,2279,3256000
2011.10.18,3.9,4.22,3.86,4.13,3859,4577900
2011.10.19,4.15,4.24,4.09,4.19,4553,3105800
2011.10.20,4.18,4.26,4.05,4.11,3222,2842500
2011.10.21,4.16,4.3,4.15,4.3,3229,2188500
2011.10.24,4.32,4.69,4.32,4.68,5265,5135300
2011.10.25,4.55,4.69,4.44,4.68,6294,6004100
2011.10.26,4.71,4.95,4.71,4.9,3751,4413200
2011.10.27,5.06,5.13,4.93,5.08,4576,4938700
2011.10.28,4.99,5.38,4.9,5.37,4206,7448000
2011.10.31,5.28,5.28,5.02,5.06,4258,3679200
2011.11.01,4.7,4.75,4.63,4.63,4289,5235900
2011.11.03,4.73,4.88,4.68,4.76,6350,4727000
2011.11.04,4.79,4.94,4.71,4.9,4268,3598200
2011.11.07,4.89,4.94,4.82,4.86,4340,3222900
2011.11.08,4.9,4.93,4.74,4.85,3067,2135400
2011.11.09,4.74,4.8,4.64,4.7,4410,3312400
2011.11.10,4.73,4.79,4.69,4.73,1713,1922800
2011.11.11,4.79,5.1,4.75,5.04,2919,3199700
2011.11.14,5,5.37,5,5.29,3854,4663700
2011.11.16,5.14,5.63,5.08,5.63,5514,6919600
2011.11.17,5.53,5.72,5.17,5.36,8074,6409200
2011.11.18,5.44,5.5,5.24,5.3,3027,2138100
2011.11.21,5.18,5.52,5.04,5.5,2630,2410200
2011.11.22,5.58,6.01,5.48,5.83,5166,5292600
2011.11.23,5.73,5.88,5.41,5.48,5185,4197200
2011.11.24,5.59,5.71,5.34,5.61,2796,4513400
2011.11.25,5.53,5.8,5.53,5.74,3666,3724300
2011.11.28,5.88,6.12,5.84,5.99,3697,3587000
2011.11.29,5.98,6.1,5.51,5.56,4516,3498500
2011.11.30,5.84,6.12,5.63,5.83,7036,7911000
2011.12.01,5.98,6.13,5.82,6.12,4843,4216400
2011.12.02,6.17,6.27,5.76,5.78,4724,4349800
2011.12.05,5.93,6.08,5.89,6.02,3321,3412300
2011.12.06,5.96,6.17,5.84,6.13,3519,3695100
2011.12.07,6.07,6.17,5.97,5.98,10534,4688400
2011.12.08,6.03,6.06,5.57,5.57,7521,5701700
2011.12.09,5.68,5.7,5.43,5.46,7943,5705300
2011.12.12,5.41,5.46,5.17,5.38,4221,3767200
2011.12.13,5.52,5.64,5.47,5.55,5394,4912500
2011.12.14,5.54,5.59,5.37,5.55,9895,7193400
2011.12.15,5.61,5.63,5.42,5.42,5185,3719900
2011.12.16,5.51,5.72,5.45,5.68,5501,3625900
2011.12.19,5.86,5.87,5.73,5.77,7149,3158800
2011.12.20,5.78,6.11,5.78,6.11,6003,3610400
2011.12.21,6.07,6.25,6.01,6.19,7060,3260200
2011.12.22,6.18,6.43,6.09,6.35,4440,3092200
2011.12.23,6.41,6.57,6.32,6.5,4363,3070600
2011.12.26,6.55,6.83,6.54,6.76,2820,2222500
2011.12.27,6.8,6.96,6.59,6.81,3908,3294500
2011.12.28,6.82,6.84,6.22,6.23,5626,4676200
2011.12.29,6.27,6.31,5.76,5.96,9951,10444300
2012.01.02,5.84,5.92,5.47,5.5,6583,10103800
2012.01.03,5.56,5.73,5.56,5.67,7555,6732100
2012.01.04,5.63,5.87,5.6,5.78,5843,4894300
2012.01.05,5.78,5.92,5.7,5.88,4552,4199300
2012.01.06,5.96,6.05,5.91,5.95,4032,3553300
2012.01.09,5.99,6.03,5.62,5.75,4212,4837500
2012.01.10,5.81,5.88,5.63,5.73,6020,4738900
2012.01.11,5.71,5.75,5.6,5.64,4060,2309000
2012.01.12,5.65,5.71,5.43,5.48,4278,4224400
2012.01.13,5.49,5.49,5.25,5.31,4835,4032100
2012.01.16,5.33,5.35,5.27,5.33,1400,1538200
2012.01.17,5.36,5.63,5.35,5.63,3201,3263900
2012.01.18,5.66,5.87,5.6,5.82,6651,5259000
2012.01.19,5.81,5.87,5.76,5.83,5073,3670600
2012.01.20,5.8,5.95,5.56,5.9,4092,3411300
2012.01.23,5.91,5.91,5.68,5.7,3763,3240500
2012.01.24,5.7,5.78,5.6,5.78,3197,2764500
2012.01.26,5.88,5.92,5.8,5.8,3402,2039000
2012.01.27,5.82,5.87,5.79,5.87,1647,1114000
2012.01.30,5.79,6.18,5.77,6.18,4305,3934100
2012.01.31,6.23,6.31,6.15,6.26,3045,3808600
2012.02.01,6.29,6.49,6.29,6.49,3395,3041700
2012.02.02,6.45,6.53,6.22,6.32,4991,2391800
2012.02.03,6.27,6.53,6.19,6.46,6140,3581800
2012.02.06,6.41,6.53,6.34,6.53,2433,1439300
2012.02.07,6.49,6.86,6.45,6.86,6449,4873700
2012.02.08,6.85,7.03,6.85,6.96,6996,5060800
2012.02.09,6.97,7.12,6.66,6.85,7269,3992800
2012.02.10,6.67,7.14,6.58,6.99,5623,4290200
2012.02.13,7.09,7.29,7.01,7.28,4298,2610700
2012.02.14,7.29,7.37,7.19,7.29,5517,3573800
2012.02.15,7.39,7.49,7.28,7.32,6566,3621300
2012.02.16,7.22,7.29,7.1,7.11,6842,4344300
2012.02.17,7.15,7.2,6.88,6.89,7331,3761200
2012.02.22,6.97,7.16,6.93,7.06,5181,3034200
2012.02.23,7.04,7.04,6.8,6.87,5226,4074400
2012.02.24,6.89,6.98,6.84,6.89,3364,1743600
2012.02.27,6.92,6.96,6.71,6.91,6434,5208000
2012.02.28,7,7.05,6.93,6.95,5846,5353600
2012.02.29,7,7.18,6.95,7.15,8702,6497300
2012.03.01,7.22,7.88,7.2,7.88,9026,9232200
2012.03.02,7.8,8.15,7.59,7.91,11157,9384800
2012.03.05,7.94,8.27,7.84,7.91,9569,6288900
2012.03.06,7.69,8.08,7.56,7.97,9392,5959400
2012.03.07,8.1,8.27,8.02,8.08,9475,7043000
2012.03.08,8.23,8.32,8.06,8.1,7028,3484100
2012.03.09,8.14,8.22,7.96,8.04,5641,3771400
2012.03.12,7.99,8.1,7.79,7.97,8877,5179800
2012.03.13,8.02,8.15,7.92,8.04,7872,5223800
2012.03.14,8.09,8.18,7.83,7.83,10036,8983000
2012.03.15,7.9,7.95,7.76,7.84,6596,3050800
2012.03.16,7.91,8.18,7.8,8.18,9357,6332200
2012.03.19,8.15,8.26,8.1,8.11,5471,2597900
2012.03.20,7.94,8.09,7.94,8,3392,1534800
2012.03.21,7.96,8.08,7.91,8.02,3877,2006800
2012.03.22,7.74,7.85,7.42,7.44,9464,7654200
2012.03.23,7.44,7.58,7.24,7.57,5615,4184600
2012.03.26,7.69,7.77,7.59,7.73,4096,1662400
2012.03.27,7.77,7.77,7.55,7.67,3000,1966900
2012.03.28,7.69,7.74,7.35,7.35,3135,2102700
2012.03.29,7.28,7.64,7.07,7.64,7345,6220600
2012.03.30,7.69,7.74,7.34,7.34,9058,5509500
2012.04.02,7.38,7.74,7.25,7.7,7593,3655900
2012.04.03,7.68,7.71,7.51,7.51,4824,3151600
2012.04.04,7.48,7.63,7.37,7.63,4467,1966700
2012.04.05,7.64,7.66,7.49,7.53,5476,2677000
2012.04.09,7.44,7.64,7.36,7.56,3885,1347000
2012.04.10,7.47,7.52,7.29,7.29,7016,3334500
2012.04.11,7.33,7.38,6.88,6.93,7589,4101600
2012.04.12,6.94,7.23,6.94,7.14,4841,2348300
2012.04.13,7.04,7.07,6.83,6.9,5595,2253100
2012.04.16,6.98,7.09,6.88,7.01,5244,2526900
2012.04.17,7.14,7.38,7.1,7.28,6350,2714900
2012.04.18,7.32,7.79,7.17,7.74,11844,8054500
2012.04.19,7.69,8.12,7.6,7.75,7987,5411000
2012.04.20,7.84,7.87,7.5,7.5,5753,2499500
2012.04.23,7.34,7.34,7.03,7.04,6073,3672700
2012.04.24,7.08,7.29,6.67,7.02,7661,7175800
2012.04.25,7.18,7.37,7.13,7.3,6721,4669700
2012.04.26,7.29,7.61,7.25,7.61,4861,2578900
2012.04.27,7.62,7.75,7.31,7.39,7472,4603500
2012.04.30,7.37,7.48,7.27,7.34,3061,1998000
2012.05.02,7.29,7.59,7.28,7.36,5170,4055200
2012.05.03,7.39,7.47,7.18,7.28,5532,3052600
2012.05.04,7.29,7.39,7.14,7.15,8644,4142100
2012.05.07,7.03,7.38,7.01,7.34,7645,3105800
2012.05.08,7.47,7.47,6.97,7.02,8718,4546200
2012.05.09,6.97,7.1,6.82,6.93,4307,2885100
2012.05.10,7.05,7.14,7.01,7.01,3320,1821200
2012.05.11,7.01,7.29,6.94,7.12,3255,1738600
2012.05.14,7.08,7.23,6.97,6.98,4618,2616000
2012.05.15,6.98,7.03,6.54,6.54,6180,4519000
2012.05.16,6.54,6.59,5.91,5.97,14786,9103200
2012.05.17,6.1,6.26,5.58,5.58,11626,6191100
2012.05.18,5.63,5.91,5.39,5.75,10188,6044900
2012.05.21,5.81,5.88,5.6,5.79,8622,3390300
2012.05.22,5.76,5.78,5.49,5.52,8200,2841700
2012.05.23,5.49,5.69,5.41,5.6,12172,4618100
2012.05.24,5.58,5.73,5.47,5.72,11298,4793900
2012.05.25,5.72,6.19,5.66,6.04,13714,5163000
2012.05.28,6.13,6.17,5.88,5.93,4957,2561500
2012.05.29,5.97,6.04,5.75,5.88,9876,5824400
2012.05.30,5.75,5.86,5.68,5.75,7275,4081000
2012.05.31,5.77,5.89,5.34,5.34,23445,34996500
2012.06.01,5.38,5.63,5.34,5.39,8587,7715400
2012.06.04,5.46,5.6,5.35,5.38,7472,2816200
2012.06.05,5.44,5.56,5.26,5.34,10014,4560800
2012.06.06,5.45,5.6,5.39,5.51,8165,3295500
2012.06.08,5.46,5.67,5.33,5.6,4495,2443600
2012.06.11,5.83,5.83,5.53,5.59,7951,3090700
2012.06.12,5.65,5.72,5.49,5.62,8928,4445900
2012.06.13,5.63,5.92,5.52,5.67,11549,6435200
2012.06.14,5.71,5.85,5.63,5.76,5968,2697300
2012.06.15,5.78,5.93,5.67,5.86,6648,2612300
2012.06.18,5.76,5.9,5.76,5.88,6834,2476700
2012.06.19,5.91,6.24,5.89,6.24,9315,5554300
2012.06.20,6.26,6.34,6.02,6.22,12438,4394200
2012.06.21,6.23,6.23,5.93,5.93,8274,4135700
2012.06.22,5.92,6.01,5.77,5.84,2745,1785200
2012.06.25,5.76,5.91,5.68,5.68,4324,1695400
2012.06.26,5.74,5.83,5.53,5.53,4169,1641900
2012.06.27,5.55,5.64,5.46,5.56,5392,1794700
2012.06.28,5.56,5.66,5.46,5.53,3424,1166900
2012.06.29,5.69,5.97,5.66,5.91,6754,2978000
2012.07.02,5.88,5.97,5.71,5.78,4811,2021400
2012.07.03,5.86,6.17,5.77,6.13,6246,2335100
2012.07.04,6.13,6.31,6.07,6.18,2510,1269800
2012.07.05,6.27,6.32,5.97,6,6068,2924000
2012.07.06,5.94,5.98,5.74,5.78,4446,2418300
2012.07.10,5.82,5.91,5.61,5.64,6226,2154600
2012.07.11,5.73,5.83,5.61,5.72,6522,2392000
2012.07.12,5.69,5.78,5.59,5.6,5407,3156800
2012.07.13,5.7,5.7,5.53,5.62,5866,2979600
2012.07.16,5.65,5.65,5.44,5.45,3750,1784000
2012.07.17,5.46,5.61,5.34,5.54,3974,2379400
2012.07.18,5.55,5.69,5.49,5.63,4485,2168600
2012.07.19,5.68,5.71,5.59,5.63,4202,2445900
2012.07.20,5.55,5.66,5.42,5.45,3848,2276800
2012.07.23,5.24,5.28,5.04,5.07,5393,3180200
2012.07.24,5.05,5.11,4.95,4.99,4212,2063800
2012.07.25,5.05,5.08,4.81,4.86,4915,2905700
2012.07.26,4.94,5.02,4.87,4.98,6769,2999600
2012.07.27,4.98,5.64,4.98,5.43,11813,6660100
2012.07.30,5.43,5.52,5.27,5.41,4714,5008300
2012.07.31,5.42,5.49,5.25,5.25,3802,1949500
2012.08.01,5.29,5.33,5.14,5.19,6463,2834000
2012.08.02,5.14,5.17,5,5.05,4562,2185300
2012.08.03,5.14,5.44,5.14,5.44,5126,2942100
2012.08.06,5.41,5.68,5.31,5.47,5226,2755900
2012.08.07,5.53,5.9,5.51,5.67,5825,3025600
2012.08.08,5.65,5.84,5.65,5.8,6434,3061900
2012.08.09,5.76,5.83,5.45,5.56,6224,2603900
2012.08.10,5.61,5.61,5.36,5.45,4636,3665000
2012.08.13,5.47,5.51,5.29,5.5,6284,3588900
2012.08.14,5.58,5.62,5.43,5.5,5862,3893000
2012.08.15,5.64,5.69,5.35,5.35,9972,8491000
2012.08.16,5.44,5.62,5.43,5.53,13287,7508300
2012.08.17,5.59,5.71,5.44,5.63,6577,3891400
2012.08.20,5.6,5.7,5.51,5.63,4611,3588600
2012.08.21,5.7,5.74,5.57,5.6,6228,4247900
2012.08.22,5.59,5.88,5.58,5.85,5770,5173200
2012.08.23,5.85,6.02,5.74,5.81,10233,5400400
2012.08.24,5.77,5.85,5.6,5.79,5235,3226100
2012.08.27,5.79,5.97,5.71,5.97,5379,2868800
2012.08.28,5.98,6.17,5.96,6.16,8433,5363000
2012.08.29,6.19,6.19,5.81,5.89,10586,6199900
2012.08.30,5.84,5.96,5.63,5.94,6354,3480600
2012.08.31,5.98,6.02,5.65,5.65,6087,6616900
2012.09.03,5.72,5.93,5.71,5.92,7088,4275300
2012.09.04,5.91,5.93,5.44,5.49,7860,5087100
2012.09.05,5.56,5.68,5.49,5.68,6714,3927000
2012.09.06,5.7,5.7,5.58,5.62,4683,3203200
2012.09.10,5.68,5.7,5.48,5.48,6938,3241100
2012.09.11,5.51,5.73,5.49,5.67,7132,3593500
2012.09.12,5.74,5.8,5.69,5.73,6772,3665400
2012.09.13,5.72,6.17,5.6,6.15,10020,5660400
2012.09.14,6.16,6.17,5.91,5.97,9277,4233600
2012.09.17,5.98,6.18,5.97,6.04,8181,3162600
2012.09.18,6.06,6.13,5.85,5.91,7098,2913300
2012.09.19,6,6.17,5.96,5.96,6233,3339200
2012.09.20,5.9,6.17,5.89,6.15,6486,2913100
2012.09.21,6.26,6.53,6.24,6.53,9551,5742900
2012.09.24,6.54,6.56,6.34,6.46,9726,5665500
2012.09.25,6.5,6.54,6.26,6.47,7466,6581400
2012.09.26,6.47,6.62,6.32,6.51,4674,2901900
2012.09.27,6.57,6.7,6.46,6.64,6362,4058100
2012.09.28,6.59,6.63,6.46,6.58,6525,3601300
2012.10.01,6.62,6.64,6.48,6.55,4136,3090000
2012.10.02,6.56,6.61,6.34,6.47,5502,3698600
2012.10.03,6.51,6.51,6.36,6.36,4770,2056900
2012.10.04,6.37,6.5,6.25,6.35,7071,3544900
2012.10.05,6.39,6.63,6.38,6.45,6525,2833800
2012.10.08,6.44,6.73,6.34,6.71,5724,2759200
2012.10.09,6.76,6.82,6.48,6.55,6569,4195400
2012.10.10,6.59,6.63,6.4,6.4,4512,2005400
2012.10.11,6.48,6.71,6.45,6.61,5469,3150000
2012.10.15,6.64,6.68,6.49,6.57,3728,1828100
2012.10.16,6.61,6.7,6.6,6.64,4121,1928400
2012.10.17,6.63,6.68,6.49,6.54,8218,6952900
2012.10.18,6.56,6.85,6.56,6.78,7839,6258900
2012.10.19,6.79,6.83,6.58,6.66,8102,3970400
2012.10.22,6.66,6.75,6.59,6.66,3722,2326700
2012.10.23,6.61,6.75,6.36,6.36,4759,2966500
2012.10.24,6.38,6.49,6.32,6.32,4380,2859600
2012.10.25,6.32,6.49,6.3,6.41,5208,2694100
2012.10.26,6.37,6.5,6.29,6.49,2742,1446200
2012.10.29,6.45,6.5,6.36,6.5,2367,931600
2012.10.30,6.58,6.59,6.39,6.52,3009,1019400
2012.10.31,6.52,6.52,6.37,6.43,4288,1664000
2012.11.01,6.43,6.78,6.41,6.75,3773,1683100
2012.11.05,6.66,6.72,6.5,6.55,3819,1872100
2012.11.06,6.59,6.74,6.5,6.68,5206,2473100
2012.11.07,6.64,6.68,6.54,6.56,2227,1095000
2012.11.08,6.6,6.74,6.47,6.5,3931,1572100
2012.11.09,6.53,6.66,6.42,6.43,4130,1488800
2012.11.12,6.48,6.52,6.38,6.38,2121,1057600
2012.11.13,6.36,6.46,6.19,6.39,5965,2067200
2012.11.14,6.6,6.65,6.19,6.2,8225,5141200
2012.11.16,6.21,6.24,5.78,5.93,7498,4555600
2012.11.19,6.03,6.17,5.97,6.11,5542,3154000
2012.11.21,6.14,6.17,5.9,5.98,5907,2723500
2012.11.22,6.03,6.04,5.82,5.83,3426,1714900
2012.11.23,5.87,6.01,5.72,5.98,5433,2973100
2012.11.26,5.94,5.94,5.68,5.68,7036,3363500
2012.11.27,5.73,5.88,5.71,5.82,5655,3177300
2012.11.28,5.73,5.84,5.65,5.74,6533,2811700
2012.11.29,5.78,5.84,5.51,5.54,5380,4100000
2012.11.30,5.58,5.6,5.28,5.3,10736,6478800
2012.12.03,5.36,5.55,5.35,5.46,8555,4552600
2012.12.04,5.47,5.67,5.38,5.52,9268,4852300
2012.12.05,5.61,5.61,5.06,5.16,8597,7834700
2012.12.06,5.25,5.49,5.12,5.48,8960,4415700
2012.12.07,5.42,5.53,5.29,5.5,8913,5197500
2012.12.10,5.38,5.71,5.38,5.71,9394,4746400
2012.12.11,5.68,5.68,5.46,5.55,11054,4609500
2012.12.12,5.57,5.64,5.42,5.42,14883,6187100
2012.12.13,5.45,5.78,5.42,5.72,13276,6784700
2012.12.14,5.74,5.92,5.6,5.83,10489,5626600
2012.12.17,5.79,5.81,5.59,5.59,4702,2452100
2012.12.18,5.6,5.82,5.6,5.77,6125,3127400
2012.12.19,5.73,5.9,5.73,5.79,6247,3409700
2012.12.20,5.88,5.96,5.73,5.95,7928,4566200
2012.12.21,5.82,5.89,5.74,5.81,7815,3260900
2012.12.26,5.77,5.85,5.75,5.83,3289,1519400
2012.12.27,5.87,5.92,5.79,5.92,4202,2340700
2012.12.28,5.83,5.92,5.78,5.88,5185,3918100
2013.01.02,5.97,6.08,5.97,6.02,6075,3358600
2013.01.03,5.98,6.2,5.91,6.08,9106,3218800
2013.01.04,6.07,6.28,6.04,6.24,8764,4628300
2013.01.07,6.22,6.34,5.93,5.99,7283,3161400
2013.01.08,6.03,6.09,5.98,5.99,3563,1677400
2013.01.09,5.99,6.19,5.94,6.1,6094,2630900
2013.01.10,6.15,6.19,6.02,6.17,7807,4180800
2013.01.11,6.17,6.19,6.09,6.13,4816,1731200
2013.01.14,6.18,6.23,6.09,6.18,4713,1494300
2013.01.15,6.18,6.24,6.1,6.13,4868,1876200
2013.01.16,6.13,6.27,6.13,6.27,4658,2530900
2013.01.17,6.27,6.69,6.24,6.69,7527,5258400
2013.01.18,6.78,6.96,6.71,6.96,14969,7764500
2013.01.21,6.92,7.12,6.84,6.95,4631,4260800
2013.01.22,6.96,6.99,6.78,6.78,7595,5690300
2013.01.23,6.74,7.27,6.71,7.21,6697,4033800
2013.01.24,7.24,7.59,7.17,7.43,9462,5808500
2013.01.28,7.49,7.64,7.24,7.45,7142,4621300
2013.01.29,7.48,7.64,7.35,7.57,7005,5573200
2013.01.30,7.58,7.69,7.29,7.34,6560,3753000
2013.01.31,7.42,7.59,7.26,7.47,8435,4521800
2013.02.01,7.44,7.54,7.25,7.31,5931,4279600
2013.02.04,7.3,7.37,7.21,7.25,6881,3770900
2013.02.05,7.25,7.5,7.25,7.37,7217,3190500
2013.02.06,7.41,7.42,7.17,7.2,6819,2591200
2013.02.07,7.22,7.29,7.02,7.13,8018,3492000
2013.02.08,7.06,7.27,6.93,6.94,8076,3755500
2013.02.13,7.02,7.25,6.99,7.16,10307,4545800
2013.02.14,7.19,7.24,7.06,7.11,9096,3617800
2013.02.15,7.07,7.24,7.03,7.15,9677,6957200
2013.02.18,7.22,7.38,7.14,7.29,5116,3683000
2013.02.19,7.21,7.38,6.96,7.02,7192,4289200
2013.02.20,7.06,7.14,6.75,6.78,14845,7782600
2013.02.21,6.78,6.84,6.56,6.76,9781,5164600
2013.02.22,6.82,6.83,6.51,6.58,11494,4973400
2013.02.25,6.6,6.82,6.6,6.82,11167,5793100
2013.02.26,6.77,7.11,6.75,7.1,13175,6750700
2013.02.27,7.11,7.16,6.87,6.87,17378,8208400
2013.02.28,6.87,6.96,6.57,6.72,11676,20857300
2013.03.01,6.66,6.66,6.42,6.46,14111,5611700
2013.03.04,6.43,6.69,6.35,6.67,7721,4798500
2013.03.05,6.66,6.69,6.46,6.46,10842,5822500
2013.03.06,6.53,6.84,6.51,6.56,11913,5265100
2013.03.07,6.69,6.96,6.57,6.87,9788,5078400
2013.03.08,6.83,6.92,6.66,6.9,7864,3278600
2013.03.11,6.97,7.14,6.95,7.1,8257,3650300
2013.03.12,7.11,7.27,6.84,6.95,16364,6179200
2013.03.13,6.99,7.17,6.85,6.93,8334,3839600
2013.03.14,7.15,7.28,6.76,6.76,9187,5665700
2013.03.15,6.83,7.07,6.68,7.07,12366,5853400
2013.03.18,7.05,7.05,6.71,6.71,8093,4463300
2013.03.19,6.76,6.84,6.69,6.73,7312,3948200
2013.03.20,6.76,6.79,6.62,6.62,11387,4251500
2013.03.21,6.63,6.73,6.63,6.64,7340,2993400
2013.03.22,6.71,6.81,6.57,6.71,8373,4983300
2013.03.25,6.7,6.75,6.49,6.55,8935,4769200
2013.03.26,6.58,6.95,6.55,6.75,13208,6195300
2013.03.27,6.75,6.82,6.63,6.68,6421,3576200
2013.03.28,6.7,6.72,6.61,6.66,6907,4196200
2013.04.01,6.6,6.71,6.56,6.61,4712,3516600
2013.04.02,6.7,6.7,6.37,6.38,8674,4844100
2013.04.03,6.4,6.45,6.3,6.36,9736,4821600
2013.04.04,6.36,6.5,6.3,6.3,5948,3863000
2013.04.05,6.24,6.34,6.17,6.28,7869,3944200
2013.04.08,6.36,6.59,6.36,6.55,8059,5752100
2013.04.09,6.61,6.65,6.44,6.51,6785,2959100
2013.04.10,6.51,6.59,6.46,6.52,8654,3826100
2013.04.11,6.55,6.55,6.29,6.36,6396,2817700
2013.04.12,6.36,6.4,6.18,6.25,6765,2634200
2013.04.15,6.19,6.26,5.9,5.9,8689,4754900
2013.04.16,6,6.07,5.96,5.99,11907,3798000
2013.04.17,5.88,5.99,5.77,5.81,18260,8136700
2013.04.18,5.85,6.01,5.78,5.99,8965,7265200
2013.04.19,5.99,6.13,5.93,6.03,8255,3495800
2013.04.22,5.91,6.04,5.84,6,7101,2643300
2013.04.23,6.03,6.08,5.94,6.08,8900,7155600
2013.04.24,6.06,6.16,6.01,6.03,7537,3954700
2013.04.25,6.2,6.2,5.96,5.98,7184,4433100
2013.04.26,5.96,6.01,5.82,5.84,7503,3125000
2013.04.29,5.98,5.99,5.78,5.91,7432,3440000
2013.04.30,5.87,6.33,5.83,6.32,14929,5893300
2013.05.02,6.16,6.3,6.08,6.24,11619,3520700
2013.05.03,6.28,6.33,6.13,6.13,9963,4856800
2013.05.06,6.19,6.19,5.99,6.04,12680,4972200
2013.05.07,6,6.38,6,6.25,8771,5137400
2013.05.08,6.25,6.46,6.13,6.41,10657,6074900
2013.05.09,6.32,6.5,6.27,6.32,8233,3720800
2013.05.10,6.22,6.33,6.08,6.15,19200,6438600
2013.05.13,6.07,6.32,6.07,6.29,9724,4739100
2013.05.14,6.22,6.42,6.09,6.12,11789,5643500
2013.05.15,6.28,6.52,6.22,6.5,10359,6668900
2013.05.16,6.5,7.11,6.45,6.89,17646,16469100
2013.05.17,6.88,7.04,6.79,6.81,14635,6447400
2013.05.20,6.8,6.98,6.66,6.87,8971,2956900
2013.05.21,6.84,6.97,6.71,6.74,10953,7201000
2013.05.22,6.8,6.93,6.68,6.81,9069,4850700
2013.05.23,6.73,6.95,6.69,6.93,10077,4442200
2013.05.24,6.94,6.94,6.65,6.83,13613,8004800
2013.05.27,6.88,6.98,6.82,6.95,6803,2815000
2013.05.28,7.04,7.19,7.02,7.06,11083,5286400
2013.05.29,7.03,7.05,6.74,6.89,16486,6656100
2013.05.31,6.78,7.01,6.66,6.93,21618,24038000
2013.06.03,6.98,7.07,6.83,6.97,15569,7288200
2013.06.04,7.02,7.09,6.86,6.89,9194,4174400
2013.06.05,6.92,7.04,6.86,6.86,8189,5369200
2013.06.06,6.89,7.15,6.87,7.13,14187,6249100
2013.06.07,7.06,7.16,6.9,7.06,9339,4130700
2013.06.10,6.91,6.92,6.53,6.6,17550,8648600
2013.06.11,6.44,6.52,6.09,6.13,13315,6003900
2013.06.12,6.14,6.61,6.14,6.35,15610,9805600
2013.06.13,6.3,6.53,6.05,6.31,12114,6903200
2013.06.14,6.29,6.34,5.95,5.95,15260,6534100
2013.06.17,5.94,6.37,5.94,6.22,8628,4193400
2013.06.18,6.16,6.32,6.14,6.19,9604,3444300
2013.06.19,6.14,6.25,5.61,5.88,11999,7734900
2013.06.20,5.67,5.98,5.6,5.93,10383,7406500
2013.06.21,5.92,5.94,5.64,5.74,9486,5803600
2013.06.24,5.71,6.01,5.64,5.88,10603,4719900
2013.06.25,5.92,6.03,5.84,5.89,7028,2814200
2013.06.26,5.98,6.17,5.93,6.17,7871,4135600
2013.06.27,6.19,6.24,5.99,6.13,7007,3660700
2013.06.28,6.11,6.4,5.96,6.4,10878,6509700
2013.07.01,6.48,6.76,6.21,6.69,10874,5332300
2013.07.02,6.53,6.76,6.31,6.48,9264,5659200
2013.07.03,6.38,6.87,6.34,6.63,7866,4434900
2013.07.04,6.77,6.77,6.43,6.44,5289,3531700
2013.07.05,6.44,6.5,6.29,6.43,7731,3918900
2013.07.08,6.34,6.62,6.3,6.36,9584,4557400
2013.07.10,6.47,6.65,6.4,6.48,6994,3951300
2013.07.11,6.57,6.65,6.33,6.33,6915,4291700
2013.07.12,6.26,6.35,6.19,6.22,5392,2810200
2013.07.15,6.13,6.52,6.13,6.52,5273,2652900
2013.07.16,6.58,6.72,6.39,6.72,9368,3676800
2013.07.17,6.75,6.87,6.48,6.5,10506,4259500
2013.07.18,6.52,6.89,6.5,6.81,9846,3525600
2013.07.19,6.74,6.85,6.57,6.68,16129,3797700
2013.07.22,6.69,6.87,6.61,6.83,8774,2909000
2013.07.23,6.87,6.9,6.74,6.81,5357,2725200
2013.07.24,6.83,6.83,6.53,6.53,6937,2995200
2013.07.25,6.57,6.77,6.53,6.63,5977,2961500
2013.07.26,6.64,6.72,6.55,6.69,6554,2775200
2013.07.29,6.6,6.77,6.6,6.71,3134,1376200
2013.07.30,6.73,6.77,6.5,6.53,6773,3496300
2013.07.31,6.48,6.59,6.22,6.3,13768,4986500
2013.08.01,6.43,6.97,6.43,6.92,10910,7025500
2013.08.02,6.84,6.89,6.63,6.73,11373,5526300
2013.08.05,6.73,6.89,6.66,6.88,6243,3283800
2013.08.06,6.92,6.93,6.68,6.81,8190,3902000
2013.08.07,6.77,6.83,6.69,6.77,7049,3574300
2013.08.08,6.8,7.18,6.7,7.13,10769,4662500
2013.08.09,7.16,7.46,7.03,7.28,11005,4981000
2013.08.12,7.41,7.56,7.14,7.26,9327,6197700
2013.08.13,7.31,7.34,7.04,7.13,9607,5753500
2013.08.14,7.13,7.42,7.09,7.4,17087,9887500
2013.08.15,7.62,7.69,7.14,7.17,11025,6086200
2013.08.16,7.24,7.49,7.13,7.36,9635,5839300
2013.08.19,7.39,7.61,7.26,7.52,8359,5250400
2013.08.20,7.5,7.67,7.45,7.67,11674,4482000
2013.08.21,7.65,7.65,7.25,7.29,13339,5405400
2013.08.22,7.39,7.42,7.03,7.21,12490,4226500
2013.08.23,7.21,7.27,6.96,7.27,11643,5359000
2013.08.26,7.25,7.35,7.04,7.05,7985,4366800
2013.08.27,6.91,7.1,6.78,6.93,11996,4878000
2013.08.28,6.83,7.09,6.83,6.94,12693,4593400
2013.08.29,7.01,7.17,6.98,7.08,6055,3000800
2013.08.30,7.14,7.28,6.98,7.28,9214,10305100
2013.09.02,7.37,7.4,7.15,7.17,8740,4389200
2013.09.03,7.17,7.32,7.11,7.27,10045,4463800
2013.09.04,7.19,7.3,7.16,7.24,11039,6066100
2013.09.05,7.25,7.43,7.14,7.34,10769,4841200
2013.09.06,7.45,7.51,7.33,7.42,11345,5290200
2013.09.09,7.42,7.79,7.39,7.56,12749,6757900
2013.09.10,7.62,7.86,7.61,7.72,8206,5911900
2013.09.11,7.72,7.94,7.68,7.92,7324,6072600
2013.09.12,7.93,7.96,7.52,7.52,8118,5326000
2013.09.13,7.57,7.66,7.43,7.53,6626,3252100
2013.09.16,7.64,7.7,7.28,7.34,10234,3692600
2013.09.17,7.36,7.59,7.36,7.59,13097,5842700
2013.09.18,7.6,7.89,7.55,7.72,14772,8099200
2013.09.19,7.76,7.84,7.49,7.52,11017,5807000
2013.09.20,7.5,7.57,7.32,7.32,6506,3040000
2013.09.23,7.36,7.59,7.35,7.47,6794,5059000
2013.09.24,7.51,7.7,7.49,7.57,8279,5269500
2013.09.25,7.6,7.66,7.41,7.42,8159,4491100
2013.09.26,7.45,7.62,7.4,7.55,6328,3207400
2013.09.27,7.52,7.73,7.52,7.62,7199,2999100
2013.09.30,7.56,7.72,7.45,7.67,15123,8297600
2013.10.01,7.73,7.73,7.55,7.55,11195,4551300
2013.10.02,7.6,7.65,7.56,7.62,7208,2313600
2013.10.03,7.63,7.66,7.54,7.57,6190,2897300
2013.10.04,7.55,7.64,7.51,7.59,5672,2187800
2013.10.07,7.62,7.69,7.47,7.49,6070,2767500
2013.10.08,7.54,7.54,7.34,7.43,9493,4556200
2013.10.09,7.51,7.62,7.42,7.52,9050,3895800
2013.10.10,7.63,7.71,7.53,7.65,9479,5093200
2013.10.11,7.67,8.06,7.65,7.97,11173,6860000
2013.10.14,8.04,8.26,7.91,8.16,9624,4437200
2013.10.15,8.13,8.26,8.11,8.12,15200,7780800
2013.10.16,8.19,8.56,8.13,8.13,13972,5791600
2013.10.17,8.1,8.21,8.03,8.21,6688,3048800
2013.10.18,8.17,8.31,7.87,7.92,8352,4541800
2013.10.21,7.96,8.1,7.87,7.97,5642,2243300
2013.10.22,8.02,8.07,7.89,8.02,9373,3181500
2013.10.23,8.08,8.1,7.9,7.92,4902,2872100
2013.10.24,7.97,8.13,7.94,8.12,8057,4328000
2013.10.25,8.15,8.29,8.01,8.02,7144,2679600
2013.10.28,8.08,8.21,8.02,8.15,5807,2500600
2013.10.29,8.15,8.21,7.96,8.06,7640,2649900
2013.10.30,8.07,8.14,7.96,8,5562,3481100
2013.10.31,8.01,8.05,7.9,7.97,7723,4261700
2013.11.01,8.02,8.17,7.98,8.03,10433,4138600
2013.11.04,8.03,8.23,8.02,8.11,5910,3206700
2013.11.05,8.11,8.16,8.02,8.1,6652,3663700
2013.11.06,8.07,8.15,8.01,8.12,7227,4078000
2013.11.07,8.09,8.12,8.01,8.02,10149,4217300
2013.11.08,7.98,8.11,7.93,8.07,9067,5721800
2013.11.11,8.1,8.12,8.03,8.11,5372,2682500
2013.11.12,8.12,8.16,8.04,8.07,8577,4316100
2013.11.13,8.06,8.3,7.97,8.25,7602,3771100
2013.11.14,8.21,8.38,8.11,8.24,9160,4452600
2013.11.18,8.23,8.4,8.23,8.26,10736,4756300
2013.11.19,8.21,8.3,8.1,8.1,10438,4768600
2013.11.21,8.02,8.31,8.02,8.27,8857,3905000
2013.11.22,8.21,8.3,8.16,8.16,8120,2528500
2013.11.25,8.22,8.27,8.02,8.02,10074,4485300
2013.11.26,7.97,8.15,7.92,8.15,8580,5588200
2013.11.27,8.16,8.24,8.11,8.24,8209,4078300
2013.11.28,8.25,8.36,8.21,8.26,2878,2408200
2013.11.29,8.26,8.36,8.23,8.31,4870,3938200
2013.12.02,8.26,8.36,8.16,8.17,6086,3254300
2013.12.03,8.15,8.19,7.97,8.06,12303,5674600
2013.12.04,8.08,8.09,7.6,7.62,8860,5878000
2013.12.05,7.69,7.95,7.57,7.91,10710,5644900
2013.12.06,7.97,8.02,7.7,7.71,6720,3421600
2013.12.09,7.75,8.06,7.73,8.02,9038,3799700
2013.12.10,7.98,8.09,7.93,8.01,6604,2930500
2013.12.11,8,8.02,7.72,7.73,11555,5325600
2013.12.12,7.78,7.83,7.58,7.67,7577,3510800
2013.12.13,7.73,7.88,7.7,7.72,7848,4257100
2013.12.16,7.78,8.06,7.69,7.97,5888,3864000
2013.12.17,7.94,8.16,7.94,8.1,13512,6797300
2013.12.18,8.11,8.25,8.1,8.13,10037,7065600
2013.12.19,8.23,8.42,8.16,8.34,6351,3107500
2013.12.20,8.34,8.9,8.32,8.64,8222,4979600
2013.12.23,8.64,8.89,8.56,8.56,8971,5105800
2013.12.26,8.58,8.7,8.47,8.56,4140,1914600
2013.12.27,8.63,8.77,8.57,8.72,5621,2665900
2013.12.30,8.72,8.89,8.61,8.68,6200,2992700
2014.01.02,8.62,8.76,8.21,8.51,10493,4245000
2014.01.03,8.49,8.76,8.24,8.24,14930,6893000
2014.01.06,8.29,8.45,8.09,8.45,14090,6154200
2014.01.07,8.47,8.71,8.44,8.59,10740,5434000
2014.01.08,8.61,8.81,8.53,8.73,12300,5977700
2014.01.09,8.72,8.73,8.55,8.55,8362,5048400
2014.01.10,8.48,8.7,8.41,8.5,6535,2937700
2014.01.13,8.51,8.66,8.46,8.51,4654,2204700
2014.01.14,8.47,8.68,8.47,8.61,5141,2529900
2014.01.15,8.65,8.99,8.61,8.81,6318,4218500
2014.01.16,8.88,8.97,8.67,8.78,6936,4416200
2014.01.17,8.83,8.89,8.66,8.66,4264,3684400
2014.01.20,8.71,8.79,8.66,8.66,1847,1453800
2014.01.21,8.71,8.78,8.51,8.51,4958,3046100
2014.01.22,8.56,8.65,8.49,8.53,9311,5045500
2014.01.23,8.51,8.54,7.96,8.02,23151,8357400
2014.01.24,8,8.25,7.95,8.16,14690,6564400
2014.01.27,8.16,8.33,8.1,8.33,7247,4073100
2014.01.28,8.43,8.51,8.2,8.26,7553,4141500
2014.01.29,8.22,8.24,8.02,8.16,7102,4226700
2014.01.30,8.1,8.38,8.03,8.17,5251,2715200
2014.01.31,8.08,8.41,8.05,8.36,5019,3275500
2014.02.03,8.32,8.37,7.97,7.98,8513,3290400
2014.02.04,8.04,8.17,7.71,8.09,12295,5474200
2014.02.05,8.04,8.11,7.64,7.72,9534,4637600
2014.02.06,7.83,7.97,7.65,7.84,10355,5225800
2014.02.07,7.81,7.99,7.76,7.93,7473,3333000
2014.02.10,7.87,7.93,7.74,7.77,8015,3467400
2014.02.11,7.84,8.01,7.76,8.01,6935,3031300
2014.02.12,8.06,8.06,7.83,7.86,8432,3062800
2014.02.13,7.9,7.9,7.62,7.84,6586,2540400
2014.02.14,7.88,7.91,7.77,7.9,4701,1600800
2014.02.17,7.89,7.92,7.81,7.87,1753,1022600
2014.02.18,7.81,7.83,7.27,7.29,8655,3999800
2014.02.19,7.29,7.29,7.03,7.17,9282,5202000
2014.02.20,7.11,7.63,7.11,7.57,11691,5696600
2014.02.21,7.62,7.69,7.36,7.42,7193,2810800
2014.02.24,7.49,7.8,7.33,7.5,8177,3840800
2014.02.25,7.43,7.61,7.29,7.3,7365,2696800
2014.02.26,7.32,7.44,7.18,7.27,11417,4451300
2014.02.27,7.29,7.71,7.25,7.57,12160,4023900
2014.02.28,7.57,7.64,7.3,7.42,12431,4962800
2014.03.05,7.47,7.57,7.27,7.43,12409,4888900
2014.03.06,7.43,7.69,7.35,7.59,7183,5268200
2014.03.07,7.53,7.64,7.3,7.36,13111,5015900
2014.03.10,7.3,7.42,7.09,7.13,7294,3898800
2014.03.11,7.18,7.36,7.04,7.22,11850,5081400
2014.03.12,7.2,7.36,7.11,7.3,11490,3681000
2014.03.13,7.34,7.42,7.2,7.33,11478,5371600
2014.03.14,7.33,7.36,7.1,7.13,11050,3997100
2014.03.17,7.17,7.29,7.06,7.13,6147,2880300
2014.03.18,7.14,7.7,7.09,7.56,15480,5190300
2014.03.19,7.52,7.8,7.28,7.74,14562,6206400
2014.03.20,7.68,7.97,7.58,7.79,10750,3394600
2014.03.21,7.73,7.82,7.56,7.59,9922,3498100
2014.03.24,7.63,7.85,7.5,7.79,10392,3385100
2014.03.25,7.89,7.94,7.32,7.4,12621,5526800
2014.03.26,7.45,7.54,7.15,7.24,12178,5313600
2014.03.27,7.24,7.65,7.24,7.61,14985,6544300
2014.03.28,7.65,7.72,7.57,7.61,9554,3447300
2014.03.31,7.66,7.85,7.63,7.68,8115,2887000
2014.04.01,7.76,7.76,7.43,7.47,6442,2673400
2014.04.02,7.52,7.94,7.47,7.84,11988,4587900
2014.04.03,7.79,7.91,7.51,7.67,10850,4037500
2014.04.04,7.94,7.96,7.64,7.66,9068,3903700
2014.04.07,7.75,7.97,7.65,7.79,10342,5710500
2014.04.08,8.05,8.2,7.83,7.87,13571,7474200
2014.04.09,7.83,8.05,7.72,7.77,8497,3591300
2014.04.10,7.77,7.9,7.65,7.82,14243,7263100
2014.04.11,7.8,8.06,7.76,8.06,8239,4751400
2014.04.14,8.09,8.16,7.85,7.96,7147,2550900
2014.04.15,7.92,7.99,7.58,7.72,18567,6351200
2014.04.16,7.75,7.89,7.73,7.78,11309,4837100
2014.04.17,7.8,7.99,7.76,7.99,9976,2707300
2014.04.22,7.99,8.09,7.86,7.92,8281,4052600
2014.04.23,7.92,7.95,7.76,7.91,9391,4612300
2014.04.24,7.82,7.91,7.63,7.72,13156,5212400
2014.04.25,7.69,7.73,7.56,7.72,6798,2668800
2014.04.28,7.65,7.78,7.63,7.73,5605,2726500
2014.04.29,7.77,7.8,7.6,7.66,6352,3273000
2014.04.30,7.67,7.67,7.57,7.62,6814,2146400
2014.05.02,7.7,7.98,7.64,7.81,11310,8661500
2014.05.05,7.95,7.95,7.75,7.83,7208,2643500
2014.05.06,7.84,8.06,7.79,8,10628,3481900
2014.05.07,8.03,8.11,7.88,8,7986,3256100
2014.05.08,7.95,8.09,7.88,8,9826,3155000
2014.05.09,8,8.03,7.72,7.79,7463,3633600
2014.05.12,7.79,7.93,7.77,7.85,5912,1994600
2014.05.13,7.86,7.88,7.66,7.87,9259,4445200
2014.05.14,7.84,8.03,7.76,8.03,4242,2707300
2014.05.15,7.87,7.89,7.66,7.87,7660,3398000
2014.05.16,7.85,8.09,7.84,8,6807,4133800
2014.05.19,7.99,7.99,7.76,7.78,5601,2363800
2014.05.20,7.78,7.93,7.63,7.66,9352,3524300
2014.05.21,7.78,7.79,7.62,7.65,13388,3305800
2014.05.22,7.65,7.92,7.6,7.84,5959,2545800
2014.05.23,7.87,7.9,7.71,7.75,4224,1764800
2014.05.26,7.75,7.95,7.75,7.89,2519,1218100
2014.05.27,7.77,7.93,7.51,7.56,9298,5194000
2014.05.28,7.6,7.89,7.6,7.87,8578,4650300
2014.05.29,7.8,7.85,7.53,7.54,10226,5519600
2014.05.30,7.53,7.62,7.41,7.5,12840,6858600
2014.06.02,7.52,7.76,7.52,7.66,5879,3010700
2014.06.03,7.51,7.55,7.34,7.5,17165,6190900
2014.06.04,7.48,7.75,7.47,7.6,10658,4458600
2014.06.05,7.6,7.73,7.36,7.39,12246,6259800
2014.06.06,7.6,7.6,7.4,7.44,11698,8471700
2014.06.09,7.7,8,7.68,7.91,13953,9954700
2014.06.10,7.94,8.1,7.77,7.85,15144,6420300
2014.06.11,8.07,8.07,7.74,7.87,12789,5760600
2014.06.13,7.9,7.9,7.63,7.68,6673,3071200
2014.06.16,7.68,7.76,7.67,7.74,10922,4719400
2014.06.17,7.74,7.77,7.65,7.7,4131,1435100
2014.06.18,7.74,7.99,7.68,7.98,11885,4911700
2014.06.20,7.92,7.96,7.7,7.7,8636,3693400
2014.06.23,7.73,7.73,7.63,7.65,5513,1523500
2014.06.24,7.67,7.77,7.65,7.73,6220,3233300
2014.06.25,7.77,7.79,7.51,7.55,5693,2839900
2014.06.26,7.59,7.65,7.49,7.5,7422,4293300
2014.06.27,7.52,7.56,7.43,7.43,7893,2788400
2014.06.30,7.54,7.6,7.46,7.6,11830,4194000
2014.07.01,7.65,7.65,7.5,7.54,4327,1339200
2014.07.02,7.55,7.62,7.43,7.62,8468,3461400
2014.07.03,7.55,7.82,7.55,7.77,9370,3297100
2014.07.04,7.8,7.9,7.71,7.9,2246,867600
2014.07.07,7.78,7.86,7.69,7.73,6644,2551700
2014.07.08,7.73,7.78,7.62,7.72,3692,1515100
2014.07.10,7.86,7.9,7.73,7.82,13219,5634700
2014.07.11,7.86,7.98,7.77,7.97,6319,2385500
2014.07.14,8,8.2,7.96,8.14,12585,4451600
2014.07.15,8.12,8.19,8.03,8.11,12100,5918400
2014.07.16,8.17,8.4,8.13,8.24,18922,7844800
2014.07.17,8.28,8.9,8.25,8.44,12654,8875100
2014.07.18,8.41,8.87,8.41,8.64,13015,25187500
2014.07.21,8.69,8.78,8.61,8.61,8927,3104900
2014.07.22,8.66,8.8,8.59,8.63,9598,3846800
2014.07.23,8.54,8.63,8.45,8.5,10037,4070500
2014.07.24,8.5,8.68,8.47,8.54,9513,3994800
2014.07.25,8.53,8.58,8.48,8.51,4682,3115600
2014.07.28,8.7,8.84,8.55,8.65,13170,8259400
2014.07.29,8.7,8.72,8.51,8.55,10212,4813000
2014.07.30,8.64,8.73,8.48,8.69,12584,5398200
2014.07.31,8.6,8.69,8.31,8.35,16044,8699200
2014.08.01,8.5,8.79,8.34,8.79,16030,9214900
2014.08.04,8.88,8.95,8.51,8.72,12944,5306900
2014.08.05,8.65,8.91,8.56,8.65,10121,3748200
2014.08.06,8.69,9.01,8.6,8.95,11968,5358200
2014.08.07,9.05,9.1,8.76,8.89,12575,5149100
2014.08.08,8.87,8.88,8.64,8.7,9123,4249200
2014.08.11,8.68,8.93,8.68,8.93,11592,4059900
2014.08.12,8.93,8.93,8.76,8.83,12339,4840000
2014.08.13,8.85,8.9,8.6,8.8,20200,6254300
2014.08.14,8.76,8.86,8.61,8.7,9202,5163800
2014.08.15,8.78,9.05,8.7,9,10738,6016300
2014.08.18,8.96,9.49,8.91,9.44,17437,8059700
2014.08.19,9.4,9.57,9.38,9.54,11074,5433700
2014.08.20,9.49,9.8,9.46,9.8,11414,7028300
2014.08.21,9.8,9.82,9.59,9.63,19222,8622300
2014.08.22,9.63,9.65,9.04,9.14,16221,7356700
2014.08.25,8.75,9.45,8.7,9.42,23106,15689000
2014.08.26,9.46,9.86,9.46,9.84,22150,9370100
2014.08.27,9.94,10.37,9.92,10.35,24862,10303700
2014.08.28,10.24,10.57,10.22,10.46,17289,7572400
2014.08.29,10.53,10.55,9.93,10.12,14896,10358000
2014.09.01,10.24,10.36,10.02,10.1,8277,2688700
2014.09.02,10.1,10.2,9.99,10.11,6204,3003800
2014.09.03,10.13,10.32,10.08,10.32,13007,4918400
2014.09.04,10.16,10.29,9.97,10.14,10598,3674600
2014.09.05,10.1,10.14,9.75,9.77,9833,4014300
2014.09.08,9.89,10.02,9.05,9.24,16688,7247000
2014.09.09,9.08,9.56,9.07,9.28,13806,6103400
2014.09.10,9.3,9.36,9,9.26,12854,4173000
2014.09.11,9.36,9.9,9.18,9.9,18171,7268800
2014.09.12,9.79,9.82,9.5,9.58,17031,7613500
2014.09.15,9.49,9.53,9.26,9.53,11295,3330100
2014.09.16,9.55,10.11,9.47,10.1,18590,6747700
2014.09.17,10.08,10.08,9.41,9.46,25628,7453500
2014.09.18,9.44,9.69,9.27,9.5,15348,6406100
2014.09.19,9.45,9.67,9.37,9.66,10130,4889800
2014.09.22,9.49,9.49,9.03,9.43,14115,5319400
2014.09.23,9.38,9.44,9.14,9.29,14125,6125800
2014.09.24,9.16,9.45,9.11,9.45,11969,4884800
2014.09.25,9.4,9.44,9.22,9.4,13251,5084400
2014.09.26,9.41,9.74,9.25,9.67,10669,4058100
2014.09.29,9.26,9.42,9.22,9.3,13062,7109700
2014.09.30,9.2,9.28,9.08,9.15,11598,4420900
2014.10.01,9.04,9.4,8.76,9.18,19655,6743600
2014.10.02,9.09,9.55,9.09,9.5,14502,5467500
2014.10.03,9.55,9.95,9.45,9.9,13482,5637200
2014.10.06,10.1,10.54,10.05,10.33,26211,10424300
2014.10.07,10.48,10.77,10.35,10.48,25554,10054000
2014.10.08,10.66,10.66,10.14,10.38,16881,9211500
2014.10.09,10.59,10.82,10.47,10.5,17944,7837700
2014.10.10,10.48,10.67,10.25,10.29,13225,5167400
2014.10.13,10.59,10.89,10.27,10.7,20221,5605400
2014.10.14,10.74,10.74,10.29,10.33,10336,6745800
2014.10.15,10,10.34,9.95,10.32,20159,8326500
2014.10.16,9.99,10.17,9.85,9.85,17596,8328800
2014.10.17,9.95,10.29,9.94,10.29,20902,6441700
2014.10.20,10.18,10.23,9.95,10.11,8843,4594800
2014.10.21,9.6,9.8,9.52,9.63,18758,7659100
2014.10.22,9.64,10.09,9.62,9.92,12427,6757900
2014.10.23,9.71,9.79,9.41,9.58,24076,9772500
2014.10.24,9.51,9.92,9.34,9.7,17241,8154500
2014.10.27,9.29,9.73,9.17,9.61,42139,18377200
2014.10.28,9.65,9.99,9.6,9.87,15649,11102600
2014.10.29,9.77,10.12,9.74,9.93,14037,5649700
2014.10.30,10.15,10.35,9.99,10.32,14809,6821100
2014.10.31,10.32,11.05,10.15,11.05,16414,7666600
2014.11.03,11.02,11.02,10.4,10.7,13646,5748700
2014.11.04,10.69,11.03,10.46,10.95,14432,5842400
2014.11.05,10.79,11.05,10.71,10.98,9415,5073000
2014.11.06,10.87,10.87,10.49,10.8,12117,7800700
2014.11.07,10.73,11.1,10.67,11.1,10603,5907400
2014.11.10,11.14,11.3,10.97,11.15,11924,6187800
2014.11.11,11.06,11.22,10.82,11.2,10704,5100300
2014.11.12,11.18,11.55,11.06,11.55,14070,7056100
2014.11.13,12.06,12.15,10.98,10.98,25010,13579400
2014.11.14,10.7,11.28,10.56,11.06,11845,8018800
2014.11.17,11.06,11.27,10.86,11.03,7969,4196700
2014.11.18,11,11.43,10.92,11.29,18845,7713800
2014.11.19,11.37,11.59,11.21,11.58,16877,9887700
2014.11.21,11.64,12.3,11.48,11.98,26157,12019100
2014.11.24,12.25,12.31,11.95,12.01,16569,6392400
2014.11.25,12.18,12.42,11.97,11.97,13641,7491000
2014.11.26,12.14,12.28,11.8,11.85,11692,5823500
2014.11.27,11.93,11.98,11.71,11.9,8437,4540300
2014.11.28,11.87,12.26,11.79,12,7551,4660500
2014.12.01,11.83,11.94,11.01,11.3,23448,6868700
2014.12.02,11.2,11.36,10.62,10.8,14875,6401100
2014.12.03,10.89,11.8,10.84,11.77,16127,7027900
2014.12.04,11.75,11.82,11.23,11.52,14099,3668500
2014.12.05,11.7,11.72,11.29,11.39,10578,3862900
2014.12.08,11.34,11.53,10.95,10.95,13670,6108100
2014.12.09,10.89,11.27,10.85,11.25,18439,5702100
2014.12.10,11.1,11.65,11.06,11.39,14571,4966000
2014.12.11,11.35,12.08,11.35,11.97,19556,9174400
2014.12.12,11.8,11.97,11.46,11.72,20798,6451700
2014.12.15,11.75,11.87,11.33,11.8,15959,7526000
2014.12.16,11.45,11.89,11.26,11.51,21789,6997400
2014.12.17,11.58,12.36,11.42,12.05,23520,10461400
2014.12.18,12,12.39,11.81,11.97,14537,4906700
2014.12.19,11.82,12.29,11.81,12.22,10737,5995600
2014.12.22,12.13,12.14,10.03,11.16,28894,17106500
2014.12.23,11.23,11.55,11.03,11.19,21210,8776300
2014.12.26,11.09,11.15,10.75,10.94,7595,2708000
2014.12.29,10.91,11.48,10.89,11.42,11416,3879000
2014.12.30,11.48,11.66,11.2,11.2,10857,5549600
2015.01.02,11.09,11.3,10.49,10.58,15452,4388400
2015.01.05,10.3,10.67,10.2,10.64,13406,5590800
2015.01.06,10.15,10.63,10.06,10.41,33344,10363200
2015.01.07,10.51,10.9,10.49,10.64,15095,6059600
2015.01.08,10.79,10.85,10.55,10.7,12853,4698100
2015.01.09,10.58,10.62,10.37,10.43,14300,4378800
2015.01.12,10.35,10.69,10.35,10.5,13479,4684100
2015.01.13,10.48,10.54,9.99,10.15,17816,8027800
2015.01.14,10.06,10.55,10.06,10.13,31771,9521700
2015.01.15,10.3,10.73,10.3,10.53,20411,6378500
2015.01.16,10.58,11.22,10.58,11.15,14834,5770700
2015.01.19,11.03,11.34,10.61,10.81,9745,3632400
2015.01.20,10.93,10.96,10.39,10.55,11337,3705900
2015.01.21,10.63,11.09,10.56,10.85,13948,5964200
2015.01.22,11.01,11.25,10.93,11.07,15359,5434200
2015.01.23,10.89,11.09,10.82,10.96,9510,3835500
2015.01.26,10.89,11.18,10.67,11.1,8087,3396400
2015.01.27,10.99,11.76,10.85,11.59,24562,8593000
2015.01.28,11.37,11.48,11.09,11.19,16302,5216800
2015.01.29,11.2,11.69,11.15,11.69,14653,6529500
2015.01.30,11.6,11.8,11.24,11.44,16046,6191600
2015.02.02,11.39,11.65,11.21,11.44,11864,4039100
2015.02.03,11.56,11.76,11.45,11.45,11714,4809200
2015.02.04,11.5,11.7,11.15,11.21,17386,5018100
2015.02.05,11.2,11.41,11.1,11.12,14522,4628100
2015.02.06,11.02,11.34,10.92,11.3,14619,5208500
2015.02.09,11.29,11.43,11.15,11.28,9521,2668300
2015.02.10,11.16,11.4,11.13,11.17,10205,3356000
2015.02.11,11.22,11.33,11.02,11.1,15425,4803600
2015.02.12,11.27,11.65,11.27,11.44,13217,6470900
2015.02.13,11.6,11.74,11.4,11.62,8342,2725800
2015.02.18,11.58,12.17,11.58,11.88,13262,5536100
2015.02.19,11.77,12.25,11.66,12.11,10148,3947800
2015.02.20,12.12,12.2,11.75,11.98,9486,2628300
2015.02.23,11.82,12.2,11.82,12.2,11070,4508800
2015.02.24,12.15,12.3,11.88,12.07,12525,3405000
2015.02.25,12.02,12.31,11.95,12.17,8632,3383100
2015.02.26,12.18,12.3,12.06,12.2,8168,3093100
2015.02.27,12.18,12.75,12.12,12.52,12447,6127700
2015.03.02,12.32,12.74,12.18,12.67,16825,5925600
2015.03.03,12.7,12.8,12.45,12.45,14921,4306300
2015.03.04,12.35,12.67,12.28,12.42,16075,7349100
2015.03.05,12.55,12.78,12.45,12.75,9602,4573300
2015.03.06,12.74,13.3,12.7,13.13,15560,6345000
2015.03.09,13.27,13.44,13.12,13.18,18862,8280900
2015.03.10,13.01,13.73,13.01,13.54,14860,6261300
2015.03.11,13.6,13.6,12.77,13.08,19949,7631400
2015.03.12,13.14,13.16,12.55,12.87,22857,12675100
2015.03.13,12.5,12.97,12.44,12.9,20186,8928800
2015.03.16,13.03,13.07,12.76,12.81,15176,4598600
2015.03.17,12.85,13.2,12.84,13.02,14803,6177000
2015.03.18,13,13.4,12.92,13.3,15153,7087800
2015.03.19,13.36,13.98,13.34,13.85,17886,11085400
2015.03.20,14.1,14.36,14.02,14.1,14298,9285700
2015.03.23,14.27,14.29,14.09,14.18,10849,6027600
2015.03.24,14.12,14.33,13.67,13.92,19151,8075700
2015.03.25,13.93,14.25,13.93,14.11,11857,8118300
2015.03.26,14,14.18,13.88,13.97,14432,7334600
2015.03.27,13.91,14.15,13.78,13.97,10900,5670100
2015.03.30,14.02,14.25,14,14.16,9981,5959100
2015.03.31,14.05,14.34,13.97,14.2,12525,10065400
2015.04.01,14.22,14.84,14.1,14.83,19896,8237700
2015.04.02,14.97,15.71,14.93,15.3,15133,6062800
2015.04.06,15.41,15.69,15.32,15.47,10907,5588100
2015.04.07,15.55,15.9,15.39,15.87,12905,3645600
2015.04.08,16.22,16.48,15.97,16.18,16344,5662600
2015.04.09,16.26,16.34,16.04,16.2,14771,4191600
2015.04.10,16.1,16.65,16.1,16.41,16731,4671000
2015.04.13,16.32,16.45,15.92,16,12210,5015400
2015.04.14,15.7,15.7,15.15,15.16,20363,7264900
2015.04.15,15.2,15.6,15.17,15.3,18195,5398500
2015.04.16,15.18,15.6,15.18,15.57,12145,7764900
2015.04.17,15.41,15.57,14.91,15.5,14054,5671800
2015.04.20,15.39,15.55,15.3,15.53,9643,3696400
2015.04.22,15.56,15.78,15.5,15.57,15688,7990500
2015.04.23,15.39,15.7,15.39,15.67,10872,5362800
2015.04.24,15.76,15.76,15.42,15.44,8682,3388700
2015.04.27,15.5,15.55,14.82,14.9,11954,3832300
2015.04.28,14.9,15.16,14.65,15.1,14197,6086100
2015.04.29,14.9,15.27,14.86,15,10387,3530600
2015.04.30,15.06,15.57,15.05,15.54,19048,6148800
2015.05.04,15.64,15.91,15.5,15.65,16468,4299700
2015.05.05,15.51,15.79,15.44,15.71,11882,3571400
2015.05.06,15.69,15.8,15.46,15.5,22651,5288000
2015.05.07,15.4,15.86,15.4,15.63,17249,5356600
2015.05.08,15.88,16.57,15.75,16.52,15455,3813600
2015.05.11,16.49,16.67,16.07,16.54,18037,5584400
2015.05.12,16.45,16.84,16.39,16.5,14310,4386700
2015.05.13,16.57,16.74,16.47,16.6,15697,3512200
2015.05.14,17.01,17.23,16.6,16.6,22948,8203000
2015.05.15,16.67,16.77,16.36,16.49,16780,6581300
2015.05.18,16.57,16.63,16.03,16.19,19205,5005900
2015.05.19,16.21,16.88,16.21,16.88,18188,8854400
2015.05.20,17.06,17.23,16.81,16.9,20665,6565600
2015.05.21,16.89,16.89,16.45,16.78,14094,4482000
2015.05.22,16.85,16.86,16.22,16.45,17566,4169800
2015.05.25,16.48,16.74,16.33,16.65,10807,2514200
2015.05.26,16.68,16.68,16.09,16.28,15473,4008600
2015.05.27,15.6,16.6,15.5,16.6,33343,8500000
2015.05.28,16.39,16.61,16.33,16.61,15215,4827400
2015.05.29,16.44,16.54,15.26,15.6,24039,10906300
2015.06.01,15.55,16.43,15.55,16.25,20966,5108900
2015.06.02,16.35,16.49,16,16.15,19111,6212000
2015.06.03,16.07,16.21,15.65,15.7,21171,7728200
2015.06.05,15.39,16,15.3,15.86,16999,7389500
2015.06.08,15.9,16.11,15.76,15.88,10957,7769000
2015.06.09,15.81,15.94,15.77,15.85,17672,6739300
2015.06.10,16.1,16.22,16,16.17,20039,12812300
2015.06.11,16.28,16.34,15.97,15.97,16519,8729400
2015.06.12,15.91,15.96,15.7,15.9,14891,3493800
2015.06.15,15.85,15.98,15.7,15.88,17947,4731300
2015.06.16,15.94,16.65,15.89,16.57,23004,10355500
2015.06.17,16.6,16.7,16.16,16.55,21618,5543900
2015.06.18,16.57,16.94,16.25,16.84,18887,4525600
2015.06.19,16.75,16.77,16.44,16.46,12080,3609800
2015.06.22,16.36,16.79,16.36,16.65,14662,4494000
2015.06.23,16.8,16.82,15.92,16.04,17801,7076300
2015.06.24,16.05,16.12,15.8,15.96,21616,6064400
2015.06.25,16,16.08,15.35,15.35,21245,10539800
2015.06.26,15.45,16.1,15.44,16.1,34715,10251300
2015.06.29,16.02,16.02,15.7,15.93,27150,5852900
2015.06.30,16.28,16.37,16.03,16.36,23140,7225000
2015.07.01,16.4,16.4,15.89,15.9,15471,4522900
2015.07.02,16.06,16.2,15.91,16.2,17988,6070300
2015.07.03,16.06,16.06,15.72,16.02,10457,2180800
2015.07.06,15.8,16.24,15.72,15.99,22225,8331600
2015.07.07,15.93,16.15,15.86,15.96,35180,11409600
2015.07.08,15.81,16.04,15.81,15.89,18138,5583500
2015.07.10,16.1,16.1,15.87,15.9,23942,6441500
2015.07.13,15.98,16.1,15.91,15.98,13214,7600800
2015.07.14,15.98,16,15.67,15.8,17629,5703800
2015.07.15,15.79,15.79,15.39,15.39,24958,7576000
2015.07.16,15.55,16,15.49,15.87,18333,8848500
2015.07.17,15.87,16.12,15.61,15.76,16920,4411800
2015.07.20,15.6,15.69,15.05,15.05,18633,4503600
2015.07.21,15.14,15.18,14.84,14.97,16446,3820300
2015.07.22,14.8,15.14,14.66,15.08,17196,5051200
2015.07.23,14.97,15.68,14.97,15.39,25520,8135400
2015.07.24,15.38,15.4,14.63,14.8,19757,5887900
2015.07.27,14.7,14.72,14.1,14.3,23034,9087100
2015.07.28,14.42,14.69,14.14,14.57,19551,5110000
2015.07.29,14.57,14.73,14.06,14.15,22086,6095800
2015.07.30,14.35,15.16,14.18,15.03,16188,4802500
2015.07.31,15.05,15.75,14.84,15.41,20502,7204400
2015.08.03,15.27,15.52,14.77,14.87,12078,3591200
2015.08.04,14.92,15.15,14.74,14.95,16239,5427600
2015.08.05,15.19,15.44,14.78,15.44,12392,3668400
2015.08.06,15.21,15.71,15.01,15.2,20295,6679600
2015.08.07,15.21,15.28,14.58,14.73,11991,3509500
2015.08.10,14.75,15.09,14.56,14.92,12772,2734500
2015.08.11,14.85,14.99,14.48,14.87,16568,3692000
2015.08.12,14.76,15.54,14.66,15.2,29353,7752900
2015.08.13,15.2,15.74,14.97,15.69,19733,4427300
2015.08.14,15.44,15.64,14.9,15.07,24425,7626200
2015.08.17,15.18,15.18,14.06,14.34,23450,6756300
2015.08.18,14.18,14.99,13.86,14.85,16985,5894200
2015.08.19,14.66,14.8,14.2,14.59,13596,4415500
2015.08.20,14.31,14.8,14.1,14.8,11903,4449600
2015.08.21,14.55,14.71,14.11,14.19,12293,3396600
2015.08.24,13.94,14.45,13.32,14.02,25815,8353900
2015.08.25,14.5,14.65,13.6,13.6,18325,5162900
2015.08.26,13.8,14.21,13.19,14.1,27121,8438500
2015.08.27,14.39,14.6,14.23,14.46,19905,6257800
2015.08.28,14.12,14.38,13.93,14.19,23781,7722200
2015.08.31,13.83,14.29,13.8,14.15,30866,11661300
2015.09.01,13.8,14.35,13.66,14.27,26618,8538900
2015.09.02,14.35,15.48,14.35,15.37,40777,12514700
2015.09.03,15.47,16.13,15.11,15.42,30770,14636300
2015.09.04,15.36,15.93,15.31,15.71,20030,7416000
2015.09.08,15.85,16.04,15.65,16,17288,6576900
2015.09.09,16.65,16.8,15.88,16.07,25566,10624100
2015.09.10,15.84,16.8,15.8,16.6,24942,10996000
2015.09.11,16.45,17.2,16.41,17.2,18956,5335100
2015.09.14,17.12,17.56,16.7,17,32418,8530600
2015.09.15,16.92,17.09,16.5,16.5,28086,9323500
2015.09.16,16.55,16.8,16.41,16.41,29832,11349900
2015.09.17,16.26,16.99,16.22,16.54,29289,14242700
2015.09.18,16.6,16.64,16.01,16.27,23010,13889000
2015.09.21,16.27,16.81,16.07,16.49,23904,13341400
2015.09.22,16.31,16.63,16.2,16.4,26487,12547900
2015.09.23,16.36,17.07,16.12,17.01,27971,18133400
2015.09.24,16.6,16.94,16.51,16.78,28703,15109700
2015.09.25,16.9,16.91,16.57,16.83,22542,12292500
2015.09.28,16.84,16.9,16.57,16.74,13382,5952900
2015.09.29,16.76,16.87,16.08,16.59,19027,7069000
2015.09.30,16.84,16.97,16.6,16.8,29450,12861500
2015.10.01,16.71,16.94,16.25,16.49,25896,11711200
2015.10.02,16.57,16.89,16.43,16.82,30154,15822900
2015.10.05,17.14,17.26,16.78,16.8,25722,9107100
2015.10.06,16.88,16.92,15.96,16.2,20526,6649300
2015.10.07,16,16.1,15.35,15.75,39903,14718200
2015.10.08,15.85,15.95,15.46,15.6,30982,11424600
2015.10.09,15.2,15.34,14.91,15,35172,9306500
2015.10.13,14.92,15.5,14.92,15,45368,22557200
2015.10.14,15.07,15.12,14.71,14.74,42992,25048900
2015.10.15,14.79,14.97,14.67,14.82,23571,11255700
2015.10.16,14.82,15.17,14.7,15.12,32157,10572700
2015.10.19,15.12,15.12,14.51,14.75,27709,15864800
2015.10.20,14.94,15.03,14.66,14.85,24245,8350000
2015.10.21,14.91,14.99,14.62,14.96,16588,10145100
2015.10.22,15.03,15.44,14.94,15.4,36295,11376200
2015.10.23,15.68,15.68,15.15,15.15,28986,10517400
2015.10.26,15.2,15.2,14.91,15.17,17037,7551400
2015.10.27,15.17,15.61,15.11,15.59,30855,19580700
2015.10.28,15.61,15.69,15.21,15.34,25400,10146800
2015.10.29,14.9,14.9,14.26,14.6,39972,16299800
2015.10.30,14.62,14.78,13.95,14.25,42754,19298500
2015.11.03,14.17,14.6,13.8,13.84,36204,15644500
2015.11.04,14,14.37,13.95,14.37,25235,7386200
2015.11.05,14.37,14.57,14.15,14.22,22631,6872000
2015.11.06,14.16,14.45,13.91,14,20396,7108100
2015.11.09,13.95,14.1,13.62,13.95,12594,5719900
2015.11.10,14.05,14.05,13.66,13.87,18237,6353800
2015.11.11,14,14.24,13.93,14.16,17668,7590000
2015.11.12,14.23,14.38,14.03,14.27,20948,5745700
