2010.01.04,30.7,31.01,30.59,31.01,13531,13303600
2010.01.05,31.05,31.09,30.58,30.75,22782,21396400
2010.01.06,30.58,31.13,30.58,31.13,18647,18720600
2010.01.07,30.97,31.11,30.8,30.86,12720,10964600
2010.01.08,30.87,31.06,30.61,30.7,14192,14624200
2010.01.11,30.91,31.02,30.42,30.59,16438,15317700
2010.01.12,30.39,30.47,29.93,30.2,18226,14886200
2010.01.13,30.36,30.53,29.76,30.14,23390,23228200
2010.01.14,30.12,30.28,29.53,29.63,21130,20073400
2010.01.15,29.54,29.97,29.49,29.69,19681,21169000
2010.01.18,29.8,30.46,29.71,30.35,17245,23145800
2010.01.19,30.27,30.44,30.09,30.22,14555,16895900
2010.01.20,29.97,30.01,29.3,29.45,17870,18767500
2010.01.21,29.55,29.65,28.48,28.51,24874,24553000
2010.01.22,28.32,28.89,28.27,28.86,17700,19138700
2010.01.26,28.48,28.52,27.94,28.13,18713,20281200
2010.01.27,28.13,28.48,27.83,28.32,24639,19908600
2010.01.28,28.72,28.8,28.11,28.73,12952,13819200
2010.01.29,28.88,29.12,28.17,28.38,15639,16062000
2010.02.01,28.48,28.66,28.13,28.48,13168,15869300
2010.02.02,28.66,28.78,28.27,28.3,15765,15289600
2010.02.03,28.26,28.39,28,28.26,14086,16091200
2010.02.04,28.09,28.18,26.67,26.82,23120,24280300
2010.02.05,26.42,26.79,25.52,26.18,27113,29033800
2010.02.08,26.42,26.78,26.08,26.36,14446,18684700
2010.02.09,26.74,27.13,26.66,26.77,14651,18104200
2010.02.10,26.84,27.18,26.39,27.11,16118,21825000
2010.02.11,27.32,27.79,27.18,27.71,19452,24024100
2010.02.12,27.43,28.24,27.38,28.06,16409,19178000
2010.02.17,28.56,28.66,28.25,28.44,16693,16584600
2010.02.18,28.43,28.8,28.07,28.8,15697,17017800
2010.02.19,28.59,28.76,28.37,28.53,12407,11889400
2010.02.22,28.66,28.97,28.58,28.76,24336,19817500
2010.02.23,28.58,28.76,28.23,28.39,16425,16937500
2010.02.24,28.48,28.53,27.94,28.18,11915,13561000
2010.02.25,27.8,28.66,27.63,28.55,17164,18650100
2010.02.26,28.71,28.86,28.41,28.73,15690,17804300
2010.03.01,28.91,29.12,28.59,29.01,16879,16930000
2010.03.02,29.29,29.49,29.17,29.17,15484,17105700
2010.03.03,29.32,29.74,29.12,29.19,16814,19913600
2010.03.04,29.4,29.48,28.9,29.24,13613,14068900
2010.03.05,29.64,29.82,29.41,29.74,17688,28235000
2010.03.08,29.84,29.88,29.42,29.65,11289,15902700
2010.03.09,29.49,30.6,29.45,30.31,26010,68696600
2010.03.10,30.63,30.87,30.44,30.75,23652,32197700
2010.03.11,30.68,31.11,30.59,30.78,16135,19449600
2010.03.12,30.9,31.07,30.79,30.79,13238,13940300
2010.03.15,30.55,30.93,30.28,30.55,18359,19830700
2010.03.16,30.68,30.91,30.49,30.91,11768,12807500
2010.03.17,31.09,31.12,30.68,30.86,11139,10296800
2010.03.18,30.85,31.06,30.55,30.76,10150,12061700
2010.03.19,30.75,30.81,30.02,30.08,21137,24306500
2010.03.22,29.58,30.2,29.49,30.09,13189,13489200
2010.03.23,30.22,30.25,29.66,29.74,16059,17207000
2010.03.24,29.73,30.37,29.57,29.96,17175,18931800
2010.03.25,30.17,30.25,29.24,29.24,18202,17698800
2010.03.26,29.42,29.52,28.48,28.66,33199,28815200
2010.03.29,28.85,29.24,28.33,28.98,15493,19312100
2010.03.30,29.15,29.33,28.86,28.89,10887,12364700
2010.03.31,28.72,29.4,28.66,29.4,17185,16551700
2010.04.01,29.62,29.8,29.52,29.69,13729,13721900
2010.04.05,29.84,30.1,29.74,29.9,11875,12120300
2010.04.06,29.82,30.24,29.75,29.96,11798,13325300
2010.04.07,29.84,30.09,29.56,29.73,17080,15079400
2010.04.08,29.55,29.8,29.45,29.74,11560,13552100
2010.04.09,29.73,29.96,29.27,29.27,16009,17011400
2010.04.12,29.29,29.44,28.47,28.56,18871,29756000
2010.04.13,28.64,28.71,28.13,28.39,26412,19661600
2010.04.14,28.48,28.66,28.26,28.44,16647,17377900
2010.04.15,28.47,28.62,27.86,27.92,30237,43335300
2010.04.16,27.82,27.9,27.17,27.38,35887,48889400
2010.04.19,27.07,27.87,26.99,27.87,19326,23999500
2010.04.20,28.06,28.48,28.06,28.48,19351,22158800
2010.04.22,28.13,28.26,27.75,28.1,17555,19873300
2010.04.23,28.08,28.45,28.06,28.45,11400,12312800
2010.04.26,28.54,28.61,27.89,27.89,12296,13817400
2010.04.27,27.69,27.71,26.86,26.86,21394,23019700
2010.04.28,27.04,27.63,26.7,27.11,19500,17180000
2010.04.29,27.5,27.71,27.22,27.65,12526,11927300
2010.04.30,27.48,27.78,27.25,27.47,16360,15687800
2010.05.03,27.25,27.31,26.33,26.36,25458,28849400
2010.05.04,26.1,26.17,25.01,25.48,38051,39269400
2010.05.05,25.09,25.8,24.89,25.27,28419,29461500
2010.05.06,25.17,25.77,23.68,24.93,32592,32016000
2010.05.07,25.09,25.36,24.41,24.89,26518,24546000
2010.05.10,25.94,26.03,25.23,25.23,23021,20988100
2010.05.11,24.94,25.34,24.77,24.79,17545,17334600
2010.05.12,25.05,25.09,24.83,25,13642,15380800
2010.05.13,25.26,25.45,25.05,25.09,17703,16122900
2010.05.14,24.92,25.18,24.54,25.17,21071,24270200
2010.05.17,25.26,25.43,24.76,24.96,23352,26530800
2010.05.18,25.2,25.22,24.42,24.46,22277,17679200
2010.05.19,24.19,24.67,23.89,23.89,26261,25247000
2010.05.20,23.45,23.51,22.94,22.94,27396,25466600
2010.05.21,22.99,23.48,22.72,23.07,33607,28539000
2010.05.24,23.09,23.43,22.85,22.88,18203,14996100
2010.05.25,22.17,22.53,21.91,22.39,28997,24219500
2010.05.26,22.78,23.11,22.45,22.81,20723,20452900
2010.05.27,23.19,23.53,23.09,23.46,19251,18311500
2010.05.28,23.49,23.78,23.31,23.78,17128,20271300
2010.05.31,23.79,24.94,23.79,24.94,14169,14270600
2010.06.01,24.46,25.01,24.01,24.15,30975,25987900
2010.06.02,24.14,24.76,24.14,24.54,16293,13859300
2010.06.04,24.35,25,24.24,24.66,18422,15178000
2010.06.07,24.83,25.36,24.74,24.89,18596,16452000
2010.06.08,25.08,25.31,24.82,24.98,16045,16041600
2010.06.09,25.2,25.61,24.9,24.9,18941,20135000
2010.06.10,25.28,25.51,25.08,25.2,17117,17889600
2010.06.11,25.01,25.12,24.8,24.95,12820,11613900
2010.06.14,25.2,25.23,24.47,24.5,16159,15279500
2010.06.15,24.54,24.65,24.22,24.46,14989,12608300
2010.06.16,24.33,25.11,24.29,24.98,22904,24427600
2010.06.17,25.02,25.15,24.73,24.89,13660,15576800
2010.06.18,24.88,24.98,24.66,24.87,11354,12363900
2010.06.21,25.03,25.25,24.77,24.78,19076,23759000
2010.06.22,24.77,24.95,24.46,24.55,20399,19578200
2010.06.23,24.62,24.74,23.91,24.03,19082,24081400
2010.06.24,23.98,23.98,23.18,23.18,27656,21828900
2010.06.25,23.04,23.66,23.01,23.52,13494,10738000
2010.06.28,23.53,23.66,23.04,23.11,9270,7269800
2010.06.29,22.76,22.85,22.53,22.62,15939,16290900
2010.06.30,22.73,23.19,22.61,22.65,16644,17977700
2010.07.01,22.85,22.92,22.18,22.3,20770,18632300
2010.07.02,22.53,22.76,22.36,22.57,12226,10088300
2010.07.05,22.57,22.81,22.38,22.38,9155,6883900
2010.07.06,22.76,23,22.56,22.81,18064,15896300
2010.07.07,22.81,23.2,22.57,23.09,17731,16544900
2010.07.08,23.17,23.29,22.92,23.24,11687,10498100
2010.07.12,23.28,23.39,22.89,22.94,10670,9365000
2010.07.13,23.09,23.18,22.82,23,15407,12672200
2010.07.14,22.81,23.09,22.72,23,10794,11068200
2010.07.15,23,23,22.66,22.85,10400,7916000
2010.07.16,22.8,22.84,22.53,22.63,10276,9806100
2010.07.19,22.64,22.82,22.5,22.73,10797,12468700
2010.07.20,22.57,23.46,22.53,23.3,18473,16035400
2010.07.21,23.47,23.66,23.08,23.19,12689,11641800
2010.07.22,23.47,23.84,23.33,23.59,13165,13382700
2010.07.23,23.6,23.66,23.25,23.44,10879,12762200
2010.07.26,23.44,23.65,23.35,23.51,9805,7666200
2010.07.27,23.61,23.74,23.49,23.59,11989,10359400
2010.07.28,23.56,23.66,23.38,23.45,11728,11317300
2010.07.29,23.47,23.56,23.29,23.39,10282,10324200
2010.07.30,23.31,23.54,23.14,23.48,12990,12928700
2010.08.02,23.75,24.26,23.73,24.15,23601,17740200
2010.08.03,24.12,25.06,23.95,24.7,28275,24018500
2010.08.04,24.92,25.07,24.68,24.9,19146,20894700
2010.08.05,24.86,25.01,24.72,24.97,15355,11125200
2010.08.06,24.79,24.98,24.58,24.71,13626,11156700
2010.08.09,24.91,24.91,24.46,24.49,9864,10296900
2010.08.10,24.31,24.31,23.93,24.13,22357,16439600
2010.08.11,23.81,23.91,23.35,23.35,21432,16895900
2010.08.12,23.24,23.66,23.09,23.38,14676,13454700
2010.08.13,23.48,23.63,23.35,23.49,13589,12344200
2010.08.16,23.46,23.61,23.44,23.46,12420,15292800
2010.08.17,23.57,24.25,23.57,24.03,17531,15546700
2010.08.18,24.02,24.08,23.46,23.5,21860,20388700
2010.08.19,22.85,23.25,22.69,22.74,26438,26365800
2010.08.20,22.73,22.99,22.55,22.74,17605,17204600
2010.08.23,22.85,23.08,22.64,22.64,12823,10445000
2010.08.24,22.51,22.8,22.2,22.2,18220,15741900
2010.08.25,22.13,22.33,21.65,22.14,21859,21375700
2010.08.26,22.68,22.68,21.82,21.82,19000,22021900
2010.08.27,22.03,22.57,21.76,22.55,18046,14878800
2010.08.30,22.38,22.45,21.61,21.61,24295,22067300
2010.08.31,21.67,22.12,21.67,22.12,14571,15875900
2010.09.01,22.34,23.08,22.21,22.94,19557,19359200
2010.09.02,22.83,23.9,22.72,23.45,28575,26761400
2010.09.03,24.03,24.56,23.82,24.46,38222,46190200
2010.09.06,24.77,24.88,24.32,24.71,26602,19587800
2010.09.08,24.04,24.18,23.6,23.64,27998,32350400
2010.09.09,23.82,23.89,23.08,23.45,17439,20190300
2010.09.10,23.35,23.73,23.27,23.36,14906,16665300
2010.09.13,23.56,24.05,23.4,24.03,23901,24171200
2010.09.14,23.94,24.27,22.8,22.8,31398,39196800
2010.09.15,22.07,22.58,21.85,22.46,33153,40928700
2010.09.16,22.17,22.66,22.11,22.39,17732,20305300
2010.09.17,22.2,22.54,22.16,22.45,18416,18012500
2010.09.20,22.44,23.29,22.25,23,27607,26848600
2010.09.21,23.02,23.14,22.38,22.38,23919,28615300
2010.09.22,22.15,22.45,21.92,22.06,37005,43560900
2010.09.23,22,23.31,22,22.76,38747,55252000
2010.09.24,22.96,23,22.34,22.34,42008,85367900
2010.09.27,22.37,22.67,22.11,22.51,38213,57769400
2010.09.28,22.73,22.83,22.46,22.68,23514,34634300
2010.09.29,22.58,23.35,22.54,23.35,36174,77343700
2010.09.30,23.48,23.73,23.11,23.18,25768,35257100
2010.10.01,23.43,23.51,23.2,23.35,24754,22431100
2010.10.04,23.33,23.66,23.22,23.24,30956,25001100
2010.10.05,23.44,23.45,22.73,22.89,33622,42367900
2010.10.06,22.76,22.83,21.73,21.94,45880,67350300
2010.10.07,22.11,22.11,20.92,21.47,41045,59328200
2010.10.08,21.41,22.07,21.13,22.07,27275,32660900
2010.10.11,22.16,22.26,21.88,21.94,14808,14388300
2010.10.13,22.09,22.15,21.72,21.83,32705,30156000
2010.10.14,21.79,22.45,21.6,22.45,35812,40402900
2010.10.15,22.53,22.62,22.24,22.31,24192,26970400
2010.10.18,22.21,22.51,22.05,22.42,31764,28002700
2010.10.19,22.02,22.18,21.47,21.47,28295,31742900
2010.10.20,21.63,21.77,21.22,21.22,22525,30872600
2010.10.21,21.28,21.43,20.46,20.52,40693,44684400
2010.10.22,20.78,20.99,20.31,20.56,29653,28738200
2010.10.25,20.77,21.05,20.68,20.87,20295,21647100
2010.10.26,20.84,22.29,20.77,21.94,38982,46812400
2010.10.27,21.82,22.96,21.44,22.25,45280,56750100
2010.10.28,22.5,22.79,21.95,22.3,31140,36697700
2010.10.29,22.57,22.57,21.94,21.94,31450,31427700
2010.11.01,22.11,22.65,22.01,22.5,22473,22115300
2010.11.03,22.79,23.14,22.62,23.04,30058,36288300
2010.11.04,23.35,23.6,23.22,23.48,34708,32433400
2010.11.05,23.42,23.61,23.25,23.25,15946,16761300
2010.11.08,23.14,23.54,23.13,23.5,22272,25051600
2010.11.09,23.59,23.71,23.15,23.15,19865,20758200
2010.11.10,23.14,23.25,22.92,23.16,16232,21229400
2010.11.11,23.1,23.14,22.75,22.81,20771,27355900
2010.11.12,22.41,22.53,22.04,22.06,29299,41506400
2010.11.16,22.06,22.11,21.45,21.68,32689,32205200
2010.11.17,21.77,21.93,21.58,21.73,18082,16842600
2010.11.18,22.06,22.28,21.94,22.1,19222,24640000
2010.11.19,21.93,21.97,21.7,21.93,15410,16481500
2010.11.22,21.88,21.91,21.31,21.4,21200,19225100
2010.11.23,21.08,21.29,20.93,21.04,26207,27569300
2010.11.24,21.26,21.65,21.13,21.54,17828,23799500
2010.11.25,21.63,21.63,21.21,21.21,10931,8896300
2010.11.26,21.05,21.19,20.86,21,19969,17078100
2010.11.29,20.96,21.3,20.88,21.09,21207,18657100
2010.11.30,21.08,21.43,20.92,21,19205,28340000
2010.12.01,21.37,21.63,21.32,21.56,21780,22301100
2010.12.02,21.73,21.93,21.59,21.68,27200,19060800
2010.12.03,21.73,21.93,21.53,21.93,14198,15838500
2010.12.06,21.98,22.24,21.94,22.07,17790,17837400
2010.12.07,22.37,22.45,21.63,21.63,22541,27050000
2010.12.08,21.66,21.78,21.35,21.35,23077,21494300
2010.12.09,21.47,21.78,21.42,21.68,20075,21290400
2010.12.10,21.85,21.96,21.73,21.93,15351,14107600
2010.12.13,22.1,22.28,22.09,22.11,15555,16896400
2010.12.14,22.05,22.24,21.94,22.05,15883,15668600
2010.12.15,21.84,21.94,21.65,21.65,19919,23538200
2010.12.16,21.78,21.89,21.56,21.63,14665,15651800
2010.12.17,21.53,22.14,21.38,22.14,18515,17747100
2010.12.20,22.14,22.25,21.83,21.83,19327,31823100
2010.12.21,22.06,22.13,21.94,21.99,18191,15980100
2010.12.22,21.98,22.12,21.91,22.12,12747,11576500
2010.12.23,22.06,22.26,21.98,22.15,12199,12437000
2010.12.27,21.98,22.45,21.94,22.41,13029,12045200
2010.12.28,22.63,22.97,22.55,22.92,23947,21577300
2010.12.29,23.03,23.38,23.03,23.2,21411,20295300
2010.12.30,23.48,23.61,23.3,23.48,29287,29619400
2011.01.03,23.67,23.73,23.15,23.22,26408,22681000
2011.01.04,23.23,23.27,22.73,23.14,34001,30940600
2011.01.05,22.94,23.52,22.85,23.43,22831,24249300
2011.01.06,23.41,23.63,23.23,23.32,18676,24328800
2011.01.07,23.23,23.39,22.99,22.99,18567,17453800
2011.01.10,22.91,23.23,22.85,23.21,12721,14366200
2011.01.11,23.31,23.57,23.28,23.36,17862,23190100
2011.01.12,23.55,24.08,23.5,24,28114,39065200
2011.01.13,24.1,24.19,23.5,23.5,24181,31793500
2011.01.14,23.47,23.84,23.46,23.71,14655,20220300
2011.01.17,23.59,23.89,23.53,23.62,20753,19466300
2011.01.18,23.8,23.88,23.57,23.85,20756,22195400
2011.01.19,23.92,24.05,23.46,23.49,18293,22312000
2011.01.20,23.36,23.68,23.2,23.47,18765,20750300
2011.01.21,23.59,23.67,23.26,23.26,13370,17579100
2011.01.24,23.29,23.46,23.05,23.22,13531,10586900
2011.01.26,23.3,23.51,22.97,23.07,23736,21804800
2011.01.27,23.19,23.36,22.97,23.11,21709,18491600
2011.01.28,23.26,23.29,22.58,22.93,24371,27816800
2011.01.31,23.1,23.46,22.92,23.3,30426,33530400
2011.02.01,23.49,23.85,23.32,23.79,25740,28376500
2011.02.02,23.75,24.08,23.67,23.92,29241,31763900
2011.02.03,23.88,24.19,23.83,24.12,27161,27586700
2011.02.04,24.13,24.29,23.71,23.77,21378,27663500
2011.02.07,23.92,23.98,23.32,23.43,25055,23846000
2011.02.08,23.24,23.51,23.06,23.2,31967,31236000
2011.02.09,23.1,23.2,22.46,22.53,27689,32515500
2011.02.10,22.54,23,22.51,22.6,18933,18568800
2011.02.11,22.76,22.96,22.63,22.73,17472,18946700
2011.02.14,22.73,23.15,22.57,23,19155,18212400
2011.02.15,22.93,23.5,22.89,23.2,26222,27386500
2011.02.16,23.41,23.62,23.28,23.5,20411,24117600
2011.02.17,23.57,23.61,23.25,23.46,16986,19084400
2011.02.18,23.36,23.61,23.32,23.54,22335,16703100
2011.02.21,23.64,23.8,23.46,23.57,17556,21977400
2011.02.22,23.63,24.05,23.62,23.89,40314,36540800
2011.02.23,24.01,24.87,23.92,24.7,61286,62362100
2011.02.24,24.98,25.16,24.41,24.42,55670,49855200
2011.02.25,24.45,24.74,24.22,24.61,32966,27164800
2011.02.28,24.47,24.67,24.23,24.59,28688,28619500
2011.03.01,24.53,24.77,24.26,24.35,21489,26541400
2011.03.02,24.36,24.91,24.24,24.87,29950,25538900
2011.03.03,24.89,24.92,24.61,24.91,17400,17293200
2011.03.04,24.94,25.09,24.71,25,19984,21008100
2011.03.09,24.8,24.84,24.54,24.56,14615,15732700
2011.03.10,24.44,24.46,23.98,24.19,22660,22475700
2011.03.11,24.05,24.44,23.81,24.24,19939,20788700
2011.03.14,24.1,24.46,23.98,24.34,15989,13442400
2011.03.15,23.62,24.24,23.62,24.13,24236,22171700
2011.03.16,24.23,24.45,23.76,23.9,32319,33290700
2011.03.17,24.21,24.27,23.98,24.16,19257,16426500
2011.03.18,24.27,24.29,23.94,24,20966,21569900
2011.03.21,24.23,24.41,24.08,24.2,20655,28512500
2011.03.22,24.28,24.69,24.25,24.52,21675,23600700
2011.03.23,24.49,24.81,24.43,24.77,20923,20370900
2011.03.24,24.79,24.89,24.54,24.6,18768,12057600
2011.03.25,24.65,24.9,24.58,24.77,18646,16293200
2011.03.28,24.71,24.91,24.54,24.54,10797,11426600
2011.03.29,24.57,24.75,24.46,24.54,12400,12022000
2011.03.30,24.67,24.7,24.49,24.55,11557,13586800
2011.03.31,24.58,24.78,24.56,24.66,14827,13902800
2011.04.01,24.77,24.87,24.67,24.87,15347,15127200
2011.04.04,24.91,24.95,24.71,24.76,14270,13502000
2011.04.05,24.7,24.72,24.44,24.55,18704,19710900
2011.04.06,24.54,24.59,24.3,24.39,13889,14503900
2011.04.07,24.35,24.45,23.98,24.23,23075,21852100
2011.04.08,24.28,24.36,24.04,24.24,13829,17514200
2011.04.11,24.22,24.22,23.73,23.8,17390,19388000
2011.04.12,23.65,23.71,22.97,23.04,30033,33534700
2011.04.13,23.19,23.19,22.54,22.63,36883,29574400
2011.04.14,22.58,22.85,22.44,22.48,26720,27425000
2011.04.15,22.57,22.97,22.54,22.94,22396,27157200
2011.04.18,22.76,22.76,22.05,22.06,27022,35281600
2011.04.19,22.29,22.52,22.12,22.27,24706,19307000
2011.04.20,22.69,22.75,22.41,22.75,21554,23573100
2011.04.25,22.76,22.85,22.52,22.66,13905,12851800
2011.04.26,22.68,22.78,22.45,22.68,15821,12037800
2011.04.27,22.7,22.7,22.24,22.28,17475,16718600
2011.04.28,22.2,22.21,21.85,22.02,23958,23870200
2011.04.29,22.04,22.33,21.97,22.27,16739,15909500
2011.05.02,22.36,22.52,22.18,22.38,18947,20817000
2011.05.03,22.35,22.42,22.11,22.13,19062,17841300
2011.05.04,22.26,22.29,21.91,22.02,21084,25477000
2011.05.05,21.9,22.04,21.08,21.29,30412,30954400
2011.05.06,21.57,21.64,21,21.05,22388,22887800
2011.05.09,21.08,21.47,21.04,21.4,19180,18237700
2011.05.10,21.49,21.62,21.32,21.47,15932,12555900
2011.05.11,21.35,21.38,20.88,20.88,20949,21769200
2011.05.12,20.7,20.98,20.56,20.78,28180,23439300
2011.05.13,20.85,20.91,20.6,20.64,19766,20022700
2011.05.16,20.56,21.31,20.47,21,34626,29817900
2011.05.17,21.04,21.47,20.84,21.4,21018,20203500
2011.05.18,21.47,21.64,21.13,21.13,16563,18557800
2011.05.19,21.27,21.39,20.74,20.74,18421,17525700
2011.05.20,20.76,21.17,20.6,21.04,16986,13944300
2011.05.23,20.62,20.8,20.54,20.7,16775,14782700
2011.05.24,20.92,21.12,20.84,20.91,12893,12764400
2011.05.25,20.89,21.23,20.75,20.96,13921,12047300
2011.05.26,21.04,21.22,20.84,21.22,15474,16648500
2011.05.27,21.33,21.44,21.16,21.31,8141,13754100
2011.05.30,21.33,21.33,21.09,21.12,5032,3555100
2011.05.31,21.31,21.35,20.94,21.12,15758,16145600
2011.06.01,21.04,21.16,20.89,21.04,17857,17867600
2011.06.02,21.11,21.11,20.83,21,17851,15728300
2011.06.03,20.86,21.18,20.77,20.86,14161,15279700
2011.06.06,20.93,20.99,20.31,20.36,26666,22013000
2011.06.07,20.5,20.51,20.11,20.17,30363,23182300
2011.06.08,20.12,20.58,20.03,20.36,17432,21475900
2011.06.09,20.39,21,20.24,20.8,21099,24479600
2011.06.10,20.86,20.9,20.65,20.82,17043,17458000
2011.06.13,20.85,20.88,20.4,20.47,13198,12121100
2011.06.14,20.55,20.79,20.55,20.7,13206,13408900
2011.06.15,20.43,20.66,20.31,20.44,25030,20560900
2011.06.16,20.43,20.84,20.24,20.43,22852,20126600
2011.06.17,20.6,20.6,20.35,20.39,16494,14189400
2011.06.20,20.36,20.57,20.21,20.26,18749,18866600
2011.06.21,20.36,20.44,20.2,20.39,14815,13492500
2011.06.22,20.36,20.77,20.33,20.4,21012,18610800
2011.06.24,20.33,20.37,20.03,20.05,20311,15590000
2011.06.27,20.17,20.35,20.05,20.23,14350,14953300
2011.06.28,20.33,20.58,20.26,20.58,19695,15740700
2011.06.29,20.62,20.65,20.36,20.52,20937,13958200
2011.06.30,20.69,20.82,20.62,20.82,14376,16041100
2011.07.01,20.75,20.95,20.6,20.84,17797,18189200
2011.07.04,20.82,20.91,20.81,20.87,7707,5635900
2011.07.05,20.87,21.03,20.63,20.67,20471,12705700
2011.07.06,20.58,20.75,20.43,20.63,13332,12949400
2011.07.07,20.8,20.87,20.66,20.73,14523,15354800
2011.07.08,20.62,20.73,20.53,20.57,13747,13314800
2011.07.11,20.36,20.46,20.21,20.31,15844,16466900
2011.07.12,20.18,20.44,20.1,20.28,15511,11753300
2011.07.13,20.43,20.57,20.29,20.52,15281,15034900
2011.07.14,20.41,20.5,20.04,20.12,19777,17222200
2011.07.15,20.17,20.27,20.04,20.16,13893,15762600
2011.07.18,19.99,20.17,19.75,19.94,12654,16147300
2011.07.19,20.05,20.14,19.78,19.86,14251,16861800
2011.07.20,19.93,19.99,19.63,19.63,15623,18541900
2011.07.21,19.72,20.27,19.68,20.17,17884,19066200
2011.07.22,20.18,20.41,20.03,20.14,20359,13463600
2011.07.25,20.24,20.7,20.21,20.62,26144,26704500
2011.07.26,20.69,20.98,20.6,20.76,24363,25345500
2011.07.27,20.69,20.86,20.54,20.69,23126,22039600
2011.07.28,20.79,20.84,20.57,20.62,19201,16918700
2011.07.29,20.34,20.65,20.33,20.62,17707,13658200
2011.08.01,20.76,20.84,20.55,20.62,16693,14739000
2011.08.02,20.61,20.73,20.24,20.33,15253,14490600
2011.08.03,20.4,20.42,19.69,19.72,35127,25312300
2011.08.04,19.37,19.45,18.27,18.27,40682,42762500
2011.08.05,18.24,18.56,17.46,17.85,52922,40227700
2011.08.08,17,17.23,16.24,16.49,53320,40566200
2011.08.09,16.65,17.4,16.46,16.94,62445,45508200
2011.08.10,16.82,17.57,16.63,17.46,45249,38190300
2011.08.11,17.66,18.1,17.18,17.97,44429,36986800
2011.08.12,17.9,18.15,17.78,17.97,31594,33191700
2011.08.15,18.13,18.57,18.1,18.57,23779,21468000
2011.08.16,18.37,18.44,18.11,18.36,26002,19510600
2011.08.17,18.4,18.54,18.17,18.47,25853,18709200
2011.08.18,18,18.01,17.5,17.97,30146,25638500
2011.08.19,17.64,18,17.43,17.43,30689,23643100
2011.08.22,17.79,17.94,17.38,17.38,22968,17194300
2011.08.23,17.53,17.97,17.26,17.84,23129,21898400
2011.08.24,17.81,18,17.69,17.9,19630,18220500
2011.08.25,17.83,17.96,17.51,17.57,23418,19370300
2011.08.26,17.44,17.76,17.33,17.61,18359,17678800
2011.08.29,17.85,18.25,17.85,18.11,20282,15172000
2011.08.30,18.02,18.33,17.97,18.17,16166,16989500
2011.08.31,18.36,18.47,18.06,18.4,19723,26323500
2011.09.01,18.69,18.71,18.45,18.62,26985,21610900
2011.09.02,18.28,18.36,17.72,18.01,35218,24237900
2011.09.05,17.61,17.79,17.57,17.72,13655,9447900
2011.09.06,17.46,18.17,17.41,18.1,22968,21385600
2011.09.08,18.35,18.48,18.19,18.28,21153,16070400
2011.09.09,18.13,18.22,17.76,17.83,24742,19689400
2011.09.12,17.53,17.99,17.45,17.99,19725,16672100
2011.09.13,18.04,18.08,17.83,17.97,19358,14978200
2011.09.14,18,18.42,17.85,18.15,19476,19261800
2011.09.15,18.31,18.38,18.1,18.17,18047,12943400
2011.09.16,18.17,18.28,18.04,18.27,15852,13054300
2011.09.19,17.98,18.42,17.97,18.4,19998,19429100
2011.09.20,18.38,18.65,18.2,18.22,19306,14800000
2011.09.21,18.35,18.64,18.17,18.22,22394,19310200
2011.09.22,17.71,17.85,17.07,17.25,36103,31254900
2011.09.23,17.26,17.46,16.91,16.95,21850,17850400
2011.09.26,17.1,17.51,16.78,17.51,21227,17539700
2011.09.27,17.78,17.79,17.27,17.3,17385,15419400
2011.09.28,17.33,17.43,17.09,17.1,18839,15421300
2011.09.29,17.23,17.33,17.01,17.16,19526,15161600
2011.09.30,16.97,17.14,16.75,16.9,24063,20398800
2011.10.03,16.77,16.87,16.28,16.28,26189,28581100
2011.10.04,16.14,16.4,15.84,16.4,40504,29487200
2011.10.05,16.27,16.59,15.97,16.11,24440,20332600
2011.10.06,16.35,16.89,16.22,16.67,29269,27287500
2011.10.07,16.87,16.87,16.11,16.18,24409,21478800
2011.10.10,16.36,16.79,16.22,16.73,17874,17608100
2011.10.11,16.54,17,16.4,16.95,26536,29663000
2011.10.13,17.16,17.29,16.79,17.15,29409,27005100
2011.10.14,17.3,17.43,17.08,17.38,23394,20907800
2011.10.17,17.21,17.43,16.79,17.07,20122,22531900
2011.10.18,16.99,17.28,16.82,17.21,21205,22174900
2011.10.19,17.2,17.24,16.87,17.01,16892,16130200
2011.10.20,16.97,16.97,16.46,16.64,19284,17249400
2011.10.21,16.77,17.14,16.75,17.05,22054,18545900
2011.10.24,17.16,17.6,17.02,17.51,24428,21754900
2011.10.25,17.38,17.81,17.29,17.64,21710,21807800
2011.10.26,17.83,17.92,17.57,17.77,17007,15739900
2011.10.27,18.28,18.79,18.17,18.52,40564,39004300
2011.10.28,18.45,19.09,18.38,19.09,27708,29991600
2011.10.31,19.15,19.44,18.81,18.86,39870,30867300
2011.11.01,18.04,18.8,18.04,18.7,30006,27854800
2011.11.03,19.07,19.43,18.86,19.39,32282,24122600
2011.11.04,19.23,19.62,19.21,19.55,19639,19118100
2011.11.07,19.5,20.15,19.43,20.05,26537,25452000
2011.11.08,20.17,20.3,19.74,19.82,25731,21987700
2011.11.09,19.46,19.63,18.96,18.98,31276,26848000
2011.11.10,19.24,19.37,19.02,19.02,22998,15344200
2011.11.11,19.36,19.59,19.27,19.42,17515,16336000
2011.11.14,19.51,19.69,19.31,19.57,12840,12693400
2011.11.16,19.6,19.83,19.39,19.73,20635,20630500
2011.11.17,19.6,19.74,19.19,19.22,21241,22440200
2011.11.18,19.37,19.52,19.17,19.42,19541,20046200
2011.11.21,19.11,19.5,19.02,19.46,31879,32896900
2011.11.22,19.41,19.62,19.3,19.36,23234,19877600
2011.11.23,19.19,19.36,19.14,19.26,16044,16514700
2011.11.24,19.41,19.46,19.23,19.35,8707,9685100
2011.11.25,19.18,19.33,18.76,18.76,16123,18301000
2011.11.28,19.21,19.36,19.07,19.2,15229,14794900
2011.11.29,19.22,19.54,19.03,19.11,17880,18396500
2011.11.30,19.46,19.83,19.36,19.69,33937,29170300
2011.12.01,19.93,20.11,19.74,20.1,33440,22306100
2011.12.02,20.19,20.3,19.94,20.11,21307,17521400
2011.12.05,20.31,20.64,20.21,20.52,21504,19071500
2011.12.06,20.38,20.86,20.38,20.83,19096,17060700
2011.12.07,20.84,20.96,20.55,20.8,25248,18550000
2011.12.08,20.85,20.94,19.96,20.1,34287,25376800
2011.12.09,20.28,20.67,20.17,20.56,17809,17626000
2011.12.12,20.33,20.4,19.79,20.01,19706,15549500
2011.12.13,20.17,20.37,19.96,20.01,26325,22936200
2011.12.14,19.94,20.04,19.47,19.47,32596,32562600
2011.12.15,19.69,19.9,19.17,19.21,32618,24816000
2011.12.16,19.28,19.38,19.01,19.01,23428,21164500
2011.12.19,19.08,19.3,18.85,18.85,36743,18838400
2011.12.20,19.11,19.72,19.02,19.72,39678,24427800
2011.12.21,19.55,19.63,19.22,19.57,35245,18512100
2011.12.22,19.71,19.9,19.57,19.76,22895,13998800
2011.12.23,19.88,19.98,19.78,19.83,13306,9157900
2011.12.26,19.9,19.93,19.78,19.78,5512,2819600
2011.12.27,19.78,19.92,19.75,19.81,16532,9132800
2011.12.28,19.85,19.85,19.12,19.13,32437,15734200
2011.12.29,19.27,19.27,18.76,19.19,31132,21683800
2012.01.02,19.21,19.74,18.98,19.4,34039,20348300
2012.01.03,19.48,20,19.46,20,27327,22916300
2012.01.04,19.79,20.16,19.62,20.15,24581,18549200
2012.01.05,19.98,20.18,19.76,19.91,34674,19470000
2012.01.06,20.05,20.16,19.86,19.93,26991,13937400
2012.01.09,20.03,20.2,19.89,20.2,24914,14657900
2012.01.10,20.49,20.56,20.36,20.45,37233,21047400
2012.01.11,20.44,20.54,20.21,20.46,30102,19736600
2012.01.12,20.53,20.78,20.35,20.61,42256,28319100
2012.01.13,20.5,20.63,20.4,20.59,44331,27076100
2012.01.16,20.59,21.15,20.56,21.12,25372,29716600
2012.01.17,21.4,21.54,21.15,21.25,38562,26746700
2012.01.18,21.27,21.83,21.27,21.76,36588,25567200
2012.01.19,21.78,21.91,21.61,21.61,48261,22834400
2012.01.20,21.51,21.62,21.32,21.62,24353,16566500
2012.01.23,21.5,22.75,21.47,22.43,40491,36511200
2012.01.24,22.36,23.01,22.28,22.68,50875,37195600
2012.01.26,22.97,23.11,22.25,22.25,50276,30549700
2012.01.27,22.39,22.45,21.98,22.06,22018,10716600
2012.01.30,21.81,21.99,21.74,21.94,25140,16793400
2012.01.31,22.1,22.27,21.72,21.94,48474,28132900
2012.02.01,22.06,22.47,21.99,22.28,51852,24320300
2012.02.02,22.22,22.52,21.82,21.9,38073,26607800
2012.02.03,21.84,22.26,21.76,21.97,36714,20308200
2012.02.06,21.86,22.2,21.78,22.2,27044,14429800
2012.02.07,22.07,22.88,22.07,22.85,51969,29451500
2012.02.08,22.89,23.1,22.58,22.71,42049,24786400
2012.02.09,22.74,22.98,22.47,22.76,34373,23654900
2012.02.10,21.63,21.92,21.04,21.12,99649,83483600
2012.02.13,21.25,21.91,21.09,21.75,51296,46757800
2012.02.14,21.75,21.75,20.63,20.72,62323,41948800
2012.02.15,20.98,21.06,20.28,20.63,56629,39989400
2012.02.16,20.5,21.36,20.39,21.32,50239,36673600
2012.02.17,21.51,21.56,21.12,21.47,47973,24239300
2012.02.22,21.35,21.54,21.19,21.33,29177,16249900
2012.02.23,21.14,21.5,21.13,21.35,36271,20931600
2012.02.24,21.56,21.95,21.52,21.85,49576,23627500
2012.02.27,22.01,22.25,21.68,21.74,48772,30202600
2012.02.28,21.88,22.05,21.72,21.72,31752,23366800
2012.02.29,21.87,22,21.63,21.7,35337,22943600
2012.03.01,21.88,22.22,21.83,22.22,31961,18625700
2012.03.02,22.27,22.58,22.2,22.58,29646,20101000
2012.03.05,22.45,22.53,21.82,21.95,30320,22681300
2012.03.06,21.51,21.54,21.06,21.2,35394,25215800
2012.03.07,21.47,21.56,21.21,21.41,20846,15930200
2012.03.08,21.8,21.82,21.35,21.5,25180,13823400
2012.03.09,21.51,21.64,21.16,21.16,29041,14877700
2012.03.12,21.03,21.21,20.86,20.92,24844,13860100
2012.03.13,21.12,21.81,20.97,21.81,32854,27071700
2012.03.14,21.78,22.39,21.67,22.17,53625,34747400
2012.03.15,22.04,22.31,21.58,21.62,29356,26532700
2012.03.16,21.64,21.82,21.09,21.74,48222,38689500
2012.03.19,21.66,22.03,21.45,21.88,26201,37487100
2012.03.20,21.55,21.82,21.51,21.78,26786,17585300
2012.03.21,21.73,21.9,21.6,21.63,17981,12279100
2012.03.22,21.53,21.59,21.28,21.36,25217,16451300
2012.03.23,21.47,21.63,21.25,21.28,20084,16029100
2012.03.26,21.48,21.79,21.42,21.73,24672,14756900
2012.03.27,21.73,21.8,21.36,21.36,21317,20556900
2012.03.28,21.35,21.36,20.84,21,29053,19601200
2012.03.29,20.84,21,20.59,20.93,33988,23508000
2012.03.30,21.1,21.13,20.74,20.96,28965,17581600
2012.04.02,20.89,21.18,20.66,20.85,31277,17952800
2012.04.03,20.84,20.91,20.21,20.23,30215,20641800
2012.04.04,19.97,20.06,19.53,19.53,35122,23932900
2012.04.05,19.58,19.9,19.44,19.74,30766,20069400
2012.04.09,19.53,19.63,19.3,19.38,23280,14335100
2012.04.10,19.29,19.48,18.85,19.01,33880,19381100
2012.04.11,19.25,19.38,19.09,19.16,28432,24405200
2012.04.12,19.3,19.81,19.19,19.74,32317,19252600
2012.04.13,19.64,19.78,19.34,19.45,33273,19468500
2012.04.16,19.59,19.69,19.16,19.3,23448,15928300
2012.04.17,19.55,19.55,19.19,19.37,25913,16306800
2012.04.18,19.34,19.62,19.09,19.53,30679,22839800
2012.04.19,19.42,19.66,19.25,19.25,23110,11284300
2012.04.20,19.41,19.56,19.26,19.26,14753,8601100
2012.04.23,19.03,19.11,18.89,19.1,23450,15438600
2012.04.24,19.14,19.2,18.95,19.06,24798,13602800
2012.04.25,19.19,19.28,18.68,18.96,41880,25858200
2012.04.26,18.76,19.14,18.7,19.06,32043,22400800
2012.04.27,19.16,19.16,18.74,18.79,32972,14614900
2012.04.30,18.82,19.11,18.75,19.11,42948,15995500
2012.05.02,19.08,19.79,19.03,19.74,35982,27154000
2012.05.03,19.73,19.96,19.14,19.21,41971,22503100
2012.05.04,19.08,19.18,18.13,18.38,61534,38703800
2012.05.07,18.35,18.6,18.04,18.48,30832,23250600
2012.05.08,18.31,18.39,17.97,18.18,28476,23314300
2012.05.09,18,18.17,17.76,18.09,29533,24539600
2012.05.10,18.22,18.4,17.88,17.88,28638,19196800
2012.05.11,17.69,18,17.54,17.54,33641,22389100
2012.05.14,17.31,17.46,17.14,17.14,29050,25866400
2012.05.15,17.23,17.48,16.76,16.76,33301,31396600
2012.05.16,17.48,17.78,17.19,17.5,56810,53468300
2012.05.17,17.63,17.63,16.71,16.71,43379,32262100
2012.05.18,16.87,17.42,16.71,17.3,38085,30817300
2012.05.21,17.4,18.5,17.36,18.5,46471,40220100
2012.05.22,18.43,18.59,17.86,17.87,33907,25587900
2012.05.23,17.83,17.95,17.14,17.44,32349,26208500
2012.05.24,17.54,17.74,16.83,16.95,37064,24638200
2012.05.25,16.97,17.33,16.8,16.9,32082,18733100
2012.05.28,17.19,17.37,17.03,17.04,15548,8877000
2012.05.29,17.15,17.43,16.95,17.09,30195,23198700
2012.05.30,16.83,16.93,16.61,16.63,31882,23395400
2012.05.31,16.75,17.35,16.4,17.35,32881,30349800
2012.06.01,16.8,17.25,16.67,17.05,36163,30574800
2012.06.04,17.08,17.47,16.93,17.34,28867,23278100
2012.06.05,17.42,17.53,16.99,17.05,29729,20546800
2012.06.06,17.28,17.53,17.2,17.32,31638,28541900
2012.06.08,17.28,17.41,16.91,17.11,23457,21959500
2012.06.11,17.34,17.4,16.67,16.67,31485,23036400
2012.06.12,16.73,16.92,16.61,16.87,31221,24579100
2012.06.13,16.8,17.16,16.68,17.14,35095,27891800
2012.06.14,16.82,17.03,16.45,16.47,42943,40804800
2012.06.15,16.57,16.82,16.16,16.82,30693,29008300
2012.06.18,16.71,17.27,16.51,17.14,39460,34129100
2012.06.19,17.23,18.13,17.19,17.82,50751,49109600
2012.06.20,17.89,18.28,17.82,18.04,36059,31128400
2012.06.21,18.15,18.2,17.48,17.48,33886,27128900
2012.06.22,17.59,17.83,17.29,17.73,25555,20520900
2012.06.25,16.95,17.12,16.14,16.14,39540,48617500
2012.06.26,16.36,16.55,16.11,16.32,45399,36920200
2012.06.27,16.32,16.51,15.97,15.99,27649,20968500
2012.06.28,15.96,16.32,15.8,16.05,28240,21369700
2012.06.29,16.54,16.62,16.29,16.55,30820,23156400
2012.07.02,16.41,16.76,16.29,16.64,27582,19501100
2012.07.03,16.79,17.35,16.68,17.19,47349,28104600
2012.07.04,17.12,17.43,17.04,17.19,16878,11696600
2012.07.05,17.33,17.95,17.28,17.78,45743,36168100
2012.07.06,17.55,17.69,17.33,17.41,28542,21155600
2012.07.10,17.33,17.39,16.63,16.67,39073,30807100
2012.07.11,16.78,17.05,16.51,16.81,27769,21568200
2012.07.12,16.59,16.98,16.36,16.85,26160,25884400
2012.07.13,17.73,17.81,17.54,17.73,45379,51478400
2012.07.16,17.73,17.92,17.38,17.55,28666,26582500
2012.07.17,17.62,17.77,17.34,17.46,17547,16505000
2012.07.18,17.37,17.54,17.22,17.54,17745,16735300
2012.07.19,17.54,17.93,17.54,17.8,29206,20724500
2012.07.20,17.57,17.74,17.34,17.39,27124,23973400
2012.07.23,17.1,17.27,16.69,17.2,26963,21357500
2012.07.24,17.28,17.41,16.89,17.04,25753,19533500
2012.07.25,17.23,17.42,17,17.23,22306,17676600
2012.07.26,17.47,17.6,17.23,17.47,24089,20603900
2012.07.27,17.64,18.3,17.52,18.29,45511,43529600
2012.07.30,18.19,18.42,17.97,18.42,25980,22773700
2012.07.31,18.42,18.42,17.62,17.69,39260,38055700
2012.08.01,17.69,18.06,17.33,17.98,29574,27616100
2012.08.02,17.73,18.17,17.6,17.78,31007,25151600
2012.08.03,18.12,18.38,18.01,18.08,57631,39074100
2012.08.06,17.25,18.37,17.07,18.06,61444,55429500
2012.08.07,18.28,18.72,18.2,18.36,41561,35892000
2012.08.08,18.49,19.23,18.36,19.21,50586,40950400
2012.08.09,18.96,19.16,18.77,19.04,29926,23841500
2012.08.10,18.88,19.22,18.81,19.11,21013,18826200
2012.08.13,19.06,19.3,18.96,19.07,21398,19531800
2012.08.14,19.18,19.36,18.87,18.9,19257,19873400
2012.08.15,18.84,19.14,18.8,19.09,28261,27561800
2012.08.16,19.31,19.52,19.17,19.46,29145,21796100
2012.08.17,19.56,19.58,19.33,19.54,22280,17481500
2012.08.20,19.48,19.69,19.41,19.57,29134,31407600
2012.08.21,19.82,19.84,19.19,19.26,30157,30186000
2012.08.22,19.15,19.52,19.07,19.48,24107,20944800
2012.08.23,19.41,19.5,19.17,19.29,20628,16956900
2012.08.24,19.13,19.48,19.09,19.25,23044,22953600
2012.08.27,19.28,19.4,19.07,19.38,15575,14632300
2012.08.28,19.27,19.48,19.27,19.35,15160,12370900
2012.08.29,19.48,19.51,19.13,19.23,26900,18960800
2012.08.30,19.12,19.27,18.95,19.08,26467,15311800
2012.08.31,19.18,19.23,18.81,18.81,30081,23842000
2012.09.03,18.83,18.93,18.59,18.76,15058,9969000
2012.09.04,18.71,18.8,18.48,18.52,23248,13876300
2012.09.05,18.64,18.77,18.39,18.67,27564,13252200
2012.09.06,18.75,19.17,18.68,19.04,27476,18619900
2012.09.10,19.44,19.53,19.17,19.25,31024,22761100
2012.09.11,19.28,19.73,19.27,19.7,26774,18852900
2012.09.12,19.77,20.01,19.66,19.93,30397,27328100
2012.09.13,19.9,20.91,19.77,20.77,55757,39987000
2012.09.14,20.92,21.62,20.9,21.13,73221,46268900
2012.09.17,21.01,21.48,20.73,21.09,48654,30282200
2012.09.18,21.16,21.26,20.9,21.04,21602,16629700
2012.09.19,21,21.16,20.54,20.56,37844,29298700
2012.09.20,20.44,21.04,20.34,20.8,24391,20969700
2012.09.21,21,21.09,20.59,20.59,26990,18655700
2012.09.24,20.55,20.83,20.45,20.83,22803,17879200
2012.09.25,20.83,20.95,20.5,20.63,24245,25065400
2012.09.26,20.42,20.69,20.37,20.65,20369,16589700
2012.09.27,20.77,20.85,20.58,20.6,18674,17911700
2012.09.28,20.45,20.54,20.13,20.29,25949,18589700
2012.10.01,20.24,20.71,20.22,20.41,22058,15546400
2012.10.02,20.56,20.68,20.26,20.59,22155,15625600
2012.10.03,20.64,20.75,20.2,20.26,29616,22427800
2012.10.04,20.28,20.47,19.96,20.32,31565,22308200
2012.10.05,20.57,20.57,20.13,20.17,19949,14580800
2012.10.08,20.04,20.4,20.04,20.33,18183,13169400
2012.10.09,20.37,20.5,20.12,20.15,20520,15140600
2012.10.10,20.19,20.32,20.05,20.05,15516,15887500
2012.10.11,20.19,20.5,20.13,20.4,30331,21946500
2012.10.15,20.45,20.68,20.35,20.68,39952,23055800
2012.10.16,20.81,20.95,20.44,20.68,29278,21503600
2012.10.17,20.63,20.75,20.45,20.52,30107,26328800
2012.10.18,20.45,20.54,20.21,20.4,46504,30225900
2012.10.19,20.43,20.5,20.17,20.17,29110,19885300
2012.10.22,20.24,20.45,19.95,19.99,24176,18691800
2012.10.23,19.9,19.92,19.49,19.65,25169,25273900
2012.10.24,19.7,19.77,19.53,19.53,12833,10681100
2012.10.25,19.69,19.97,19.62,19.72,13360,11456000
2012.10.26,19.67,20.33,19.59,20.04,30456,25201200
2012.10.29,19.49,19.58,19.2,19.36,27969,20102800
2012.10.30,19.41,19.66,19.41,19.52,14009,8263100
2012.10.31,19.61,19.7,18.86,18.86,37040,29357900
2012.11.01,18.97,19.1,18.76,18.91,31685,22102200
2012.11.05,18.71,19.27,18.52,19.26,22003,21686900
2012.11.06,19.44,19.76,19.28,19.66,33553,21144700
2012.11.07,19.6,19.7,19.08,19.21,22059,23131100
2012.11.08,19.23,19.36,18.65,18.69,31058,22424000
2012.11.09,18.64,19.14,18.61,18.84,27772,20254100
2012.11.12,18.89,19,18.53,18.53,27077,16265100
2012.11.13,18.53,18.75,18.39,18.56,29570,24758300
2012.11.14,18.4,18.63,17.83,17.96,36951,27704100
2012.11.16,17.84,17.96,17.08,17.26,35074,30160800
2012.11.19,17.63,17.8,17.35,17.35,27833,21312000
2012.11.21,17.66,17.74,16.88,16.88,35981,31502500
2012.11.22,17.06,17.19,16.73,16.91,22837,16433200
2012.11.23,16.91,17.39,16.77,17.38,23666,19137300
2012.11.26,17.35,17.35,16.95,17.06,24923,17621200
2012.11.27,17.16,17.5,16.75,16.78,33909,30809500
2012.11.28,16.72,17.07,16.63,16.91,37603,25091900
2012.11.29,17.23,17.37,16.99,17.37,32544,25684500
2012.11.30,17.32,17.49,16.78,16.91,34934,35545900
2012.12.03,17.11,17.27,16.96,17.23,22378,20996700
2012.12.04,17.27,17.36,17.01,17.06,28027,23836400
2012.12.05,17.23,17.24,16.99,17.18,21085,16486800
2012.12.06,17.16,17.22,16.95,16.95,20634,19303800
2012.12.07,17.02,17.33,16.91,17.31,19024,16626400
2012.12.10,17.27,17.75,17.18,17.75,27118,22752100
2012.12.11,17.84,18.13,17.79,18.13,36386,27147200
2012.12.12,18.07,18.18,17.85,18.01,38859,32713500
2012.12.13,17.89,17.99,17.69,17.75,37377,32335100
2012.12.14,17.77,18.39,17.71,18.32,45961,44385500
2012.12.17,18.21,18.27,17.96,18.06,29687,26919200
2012.12.18,18.01,18.37,18.01,18.29,29196,24454900
2012.12.19,18.5,19.03,18.5,18.98,48634,48024600
2012.12.20,18.93,19.12,18.71,19.09,32652,25227400
2012.12.21,18.74,18.8,18.49,18.76,24444,29218700
2012.12.26,18.63,18.76,18.19,18.19,19437,22165300
2012.12.27,18.19,18.29,17.55,17.6,33277,28769200
2012.12.28,17.69,17.81,17.51,17.7,24348,27945100
2013.01.02,18.13,18.32,17.85,17.85,43132,29812500
2013.01.03,17.97,18.5,17.86,18.5,34766,30262000
2013.01.04,18.44,18.7,18.29,18.57,37880,35980500
2013.01.07,18.57,18.75,18.09,18.21,39920,27727400
2013.01.08,18.24,18.34,17.65,17.69,43357,28299100
2013.01.09,17.81,18.02,17.65,17.85,38391,23780100
2013.01.10,17.93,18.03,17.72,17.99,21328,16840900
2013.01.11,18.01,18.17,17.86,18.03,20018,17704100
2013.01.14,18.15,18.35,17.92,18.01,33539,27372600
2013.01.15,18.24,18.28,17.94,17.98,28979,29425500
2013.01.16,18.04,18.04,17.78,18,15068,16394100
2013.01.17,18.01,18.07,17.85,17.87,20137,18843200
2013.01.18,17.96,18.04,17.76,17.76,17493,18417500
2013.01.21,17.75,17.78,17.48,17.58,18530,17726100
2013.01.22,17.61,17.76,17.44,17.76,33175,23314600
2013.01.23,17.69,17.81,17.62,17.73,16979,16903800
2013.01.24,17.57,17.89,17.57,17.79,25069,19183300
2013.01.28,17.89,17.97,17.51,17.57,23523,19884600
2013.01.29,17.55,17.57,17.08,17.34,29219,26765200
2013.01.30,17.22,17.22,16.47,16.5,58204,66302400
2013.01.31,16.56,16.62,16.23,16.4,41766,32702900
2013.02.01,16.44,16.91,16.43,16.74,30479,27799500
2013.02.04,16.46,16.63,16.22,16.32,30746,31809900
2013.02.05,15.67,16.59,15.65,16.4,78302,76981100
2013.02.06,16.26,16.32,15.9,15.96,34839,30377300
2013.02.07,16.1,16.3,15.7,15.87,35007,36494400
2013.02.08,15.92,16.09,15.76,16.09,29788,30630400
2013.02.13,16.28,16.32,16.08,16.14,25182,21884500
2013.02.14,16.13,16.23,15.94,16.02,30680,25683600
2013.02.15,15.96,16.13,15.9,15.98,29823,24608900
2013.02.18,15.99,16.23,15.89,16.23,21360,19929600
2013.02.19,16.24,16.48,16.22,16.41,30143,28269700
2013.02.20,16.41,16.41,15.95,15.97,29906,25784200
2013.02.21,15.84,15.93,15.6,15.7,30207,30083500
2013.02.22,15.88,15.88,15.43,15.55,32785,30677700
2013.02.25,15.46,15.5,15.28,15.37,32799,30147000
2013.02.26,15.21,15.29,14.99,15.18,31417,33185600
2013.02.27,15.22,15.4,15.09,15.24,27030,28373600
2013.02.28,15.2,15.28,15.01,15.06,23779,27482100
2013.03.01,14.97,15.44,14.87,15.33,38789,31359600
2013.03.04,15.25,15.5,14.97,14.97,33065,34942600
2013.03.05,15.08,15.2,14.94,15.02,30185,31443500
2013.03.06,15.96,16.57,15.62,16.37,84046,73666800
2013.03.07,16.6,17.76,16.6,17.19,63517,62206300
2013.03.08,17.04,17.53,16.46,16.65,36456,30470000
2013.03.11,16.59,17.21,16.25,17.17,32700,24799800
2013.03.12,17.09,17.36,16.89,16.99,30595,26092500
2013.03.13,17.06,17.41,17,17.01,42789,31545100
2013.03.14,17.22,17.57,16.87,17.57,36137,26853700
2013.03.15,17.59,17.73,17.24,17.32,51981,43313800
2013.03.18,17.14,17.55,17.08,17.41,58530,40146900
2013.03.19,17.37,17.53,17.07,17.33,38214,33735800
2013.03.20,17.28,17.38,16.93,17.09,31631,27561100
2013.03.21,16.97,17.1,16.8,16.8,24481,21762500
2013.03.22,16.82,16.96,16.74,16.89,14235,16090400
2013.03.25,16.98,17.06,16.7,16.89,29085,23985300
2013.03.26,16.98,17.11,16.75,16.86,17611,15610300
2013.03.27,16.87,16.87,16.63,16.7,15800,13145300
2013.03.28,16.69,16.8,16.52,16.63,19269,15642500
2013.04.01,16.57,16.66,16.36,16.36,21720,15475300
2013.04.02,16.42,16.5,16.05,16.05,19136,20399000
2013.04.03,16.03,16.32,16.03,16.32,16183,15470700
2013.04.04,16.28,16.51,16.06,16.07,19311,19381700
2013.04.05,15.94,16.24,15.92,16.14,18609,17020000
2013.04.08,16.19,16.24,15.72,15.75,21220,21965300
2013.04.09,15.85,16.55,15.85,16.41,35923,30747500
2013.04.10,16.51,16.91,16.47,16.75,32540,31729500
2013.04.11,16.75,16.8,16.2,16.34,24984,22205400
2013.04.12,16.27,16.4,15.9,16.27,34195,27387100
2013.04.15,16.05,16.16,15.52,15.58,40514,35733100
2013.04.16,15.8,16.05,15.76,16.01,31387,23742400
2013.04.17,15.77,15.92,15.35,15.72,44725,39319300
2013.04.18,15.66,16.22,15.48,16.18,33202,28448000
2013.04.19,16.41,16.71,16.23,16.63,41159,38352400
2013.04.22,16.61,16.99,16.43,16.99,33400,24169500
2013.04.23,16.91,17.65,16.87,17.29,44469,34713500
2013.04.24,17.23,17.78,17.19,17.57,38558,33268100
2013.04.25,17.6,17.81,17.31,17.34,43899,35164600
2013.04.26,17.27,17.77,17.27,17.69,29065,27218100
2013.04.29,18.08,18.61,18.03,18.47,60118,70713300
2013.04.30,18.48,18.9,18.28,18.89,48069,45821200
2013.05.02,18.66,19.4,18.66,19.04,45103,33700100
2013.05.03,19.27,19.42,18.7,18.78,42935,42992800
2013.05.06,18.81,19.15,18.64,19.11,32353,31126400
2013.05.07,19.18,19.5,19.07,19.33,29208,26386800
2013.05.08,19.51,19.58,19.01,19.07,27660,24376000
2013.05.09,19.04,19.29,18.89,19.09,30186,22860300
2013.05.10,18.95,19.17,18.53,18.77,32501,21827700
2013.05.13,18.63,18.66,18.22,18.32,31669,21565800
2013.05.14,18.36,18.5,18.1,18.37,29103,30643400
2013.05.15,18.33,18.47,18.17,18.43,26038,21859300
2013.05.16,18.35,18.88,18.3,18.6,28760,25067200
2013.05.17,18.72,18.85,18.61,18.7,24235,19009600
2013.05.20,18.71,19.04,18.39,18.97,23663,30340700
2013.05.21,18.98,19.16,18.79,19.04,24008,23429800
2013.05.22,19.06,19.18,18.5,18.73,30336,34893900
2013.05.23,18.38,18.67,18.32,18.67,33933,33256200
2013.05.24,18.7,18.95,18.61,18.85,42661,36977000
2013.05.27,18.81,18.95,18.75,18.75,9001,5776800
2013.05.28,18.95,19.12,18.81,18.87,22255,27659400
2013.05.29,18.73,18.87,18.66,18.66,21533,24659600
2013.05.31,18.68,19.14,18.62,18.85,44050,35131800
2013.06.03,18.91,19.22,18.75,19.08,37193,30584700
2013.06.04,19.24,19.25,18.77,18.87,34281,24314600
2013.06.05,18.8,18.93,18.21,18.26,36779,32080900
2013.06.06,18.3,18.38,18.06,18.3,28600,26838600
2013.06.07,17.82,18.12,17.6,17.71,35174,38452400
2013.06.10,17.71,17.98,17.7,17.75,22785,20052400
2013.06.11,17.54,17.67,17.14,17.42,37412,32010200
2013.06.12,17.55,17.68,16.98,17.04,38381,37133900
2013.06.13,17.02,17.88,16.87,17.68,35852,31199900
2013.06.14,17.54,17.73,16.98,16.98,33983,37755200
2013.06.17,17.35,17.42,16.94,17.01,31015,24712600
2013.06.18,16.88,17,16.57,16.76,38788,31666300
2013.06.19,16.82,16.88,16.12,16.17,52197,38892100
2013.06.20,15.89,16.24,15.51,16,66032,63482600
2013.06.21,15.92,15.92,15.48,15.48,45638,41911900
2013.06.24,15.02,15.28,14.64,14.96,50021,40239400
2013.06.25,15.14,15.41,14.92,15.04,30692,31475100
2013.06.26,15.18,15.46,15.12,15.18,34623,29741600
2013.06.27,15.25,15.49,15.2,15.4,28953,26097800
2013.06.28,15.37,15.37,14.99,15.21,43324,33927200
2013.07.01,15.23,15.34,14.99,15.19,24644,22689900
2013.07.02,15.09,15.28,14.21,14.47,53792,55702400
2013.07.03,14.33,15.02,14.24,14.95,55150,49953600
2013.07.04,15.14,15.2,14.93,15.01,19581,23767300
2013.07.05,14.86,14.87,14.05,14.24,53670,48835100
2013.07.08,14.29,14.43,14.08,14.08,22485,22267400
2013.07.10,14.27,14.52,14.16,14.3,28072,20749800
2013.07.11,14.59,14.87,14.34,14.86,38593,33933700
2013.07.12,14.72,14.97,14.51,14.51,28856,23452800
2013.07.15,14.53,14.75,14.43,14.61,23756,20158900
2013.07.16,14.71,14.85,14.55,14.81,19858,20798600
2013.07.17,14.96,15.23,14.92,15.1,32496,29061700
2013.07.18,15.04,15.32,14.96,15.14,23487,23127000
2013.07.19,15.11,15.14,14.9,14.93,19704,18497500
2013.07.22,15.02,15.5,14.95,15.33,31129,25373400
2013.07.23,15.43,15.66,15.4,15.43,27866,25197900
2013.07.24,15.39,15.56,15.18,15.41,30552,23715600
2013.07.25,15.27,15.87,15.24,15.83,38275,37105000
2013.07.26,15.74,16.07,15.71,15.94,28015,22288100
2013.07.29,15.97,16.04,15.64,15.68,26535,17588900
2013.07.30,15.78,15.81,15.38,15.48,21474,22316800
2013.07.31,15.35,15.51,15.2,15.32,23203,23432200
2013.08.01,15.7,16.02,15.61,15.93,33855,31680800
2013.08.02,15.86,16.02,15.69,15.81,21349,17586800
2013.08.05,15.77,15.86,15.55,15.65,17666,14852700
2013.08.06,15.68,15.7,15.2,15.31,24484,25386200
2013.08.07,15.3,15.48,15.14,15.28,15167,17566100
2013.08.08,15.37,15.84,15.23,15.65,27479,25756200
2013.08.09,15.74,16.1,15.53,16.06,34387,31754700
2013.08.12,16.27,16.6,15.49,15.54,53867,54482200
2013.08.13,15.65,15.66,15.2,15.39,37710,34895400
2013.08.14,15.38,15.98,15.32,15.88,50277,53845200
2013.08.15,15.7,16.89,15.67,16.76,81259,81028400
2013.08.16,16.7,16.98,16.38,16.72,47369,37507600
2013.08.19,16.41,16.95,16.32,16.76,34351,49761900
2013.08.20,16.65,16.78,16.09,16.11,33005,30240200
2013.08.21,16.05,16.72,16.02,16.3,33108,43209100
2013.08.22,16.74,17.27,16.58,17.17,59851,52569700
2013.08.23,17.04,17.48,17.04,17.44,31444,32462300
2013.08.26,17.39,17.57,17.08,17.1,20133,17870500
2013.08.27,16.88,16.97,16.41,16.41,33104,28866700
2013.08.28,16.46,16.69,16.07,16.13,30146,29908700
2013.08.29,16.28,16.44,15.84,15.89,23147,24069000
2013.08.30,15.99,16.03,15.53,15.8,36932,38481300
2013.09.02,16.12,16.2,15.85,15.93,24013,18898600
2013.09.03,15.88,16.11,15.68,15.78,38175,31414400
2013.09.04,15.64,15.93,15.57,15.84,28084,36890000
2013.09.05,15.85,16.75,15.83,16.49,41847,47899700
2013.09.06,16.74,16.92,16.42,16.7,35731,30791600
2013.09.09,16.71,17.12,16.71,17.08,33543,29761400
2013.09.10,17.16,17.43,17.08,17.24,36610,29008400
2013.09.11,17.2,17.43,16.99,17.16,31202,26868100
2013.09.12,17.08,17.3,16.69,16.78,30949,47824400
2013.09.13,16.78,17.18,16.74,17.05,27762,18317100
2013.09.16,17.33,17.6,17.08,17.35,33155,33752000
2013.09.17,17.48,17.49,17.21,17.42,21151,18895100
2013.09.18,17.31,17.86,17.07,17.77,33841,30877400
2013.09.19,17.83,18.16,17.64,18.01,26328,24398300
2013.09.20,17.95,18.03,17.66,17.81,28136,18884200
2013.09.23,17.86,18.07,17.78,17.98,20901,13887200
2013.09.24,18.03,18.03,17.65,17.65,21064,18906200
2013.09.25,17.61,17.78,17.51,17.68,17246,16929000
2013.09.26,17.69,17.69,17.41,17.48,21521,18063600
2013.09.27,17.46,17.69,17.34,17.39,22827,19003100
2013.09.30,17.32,17.9,17.24,17.26,34327,32154400
2013.10.01,17.42,17.57,17.27,17.55,20916,15432500
2013.10.02,17.47,17.71,17.43,17.66,14135,10824200
2013.10.03,17.68,17.7,17.33,17.43,30571,18418300
2013.10.04,17.29,17.56,16.99,17.55,39436,27895800
2013.10.07,17.46,17.7,17.39,17.51,30118,18426000
2013.10.08,17.54,17.65,17.11,17.22,32096,23302700
2013.10.09,17.3,17.36,16.9,16.99,26444,19426000
2013.10.10,17.17,17.25,16.93,17.06,29272,22710600
2013.10.11,17.06,17.22,16.91,17.02,28327,18704700
2013.10.14,16.98,17.22,16.87,17.18,26238,21458300
2013.10.15,17.24,17.38,17.09,17.32,34091,27175300
2013.10.16,17.37,17.54,17.07,17.22,37313,35018800
2013.10.17,17.18,17.42,17.07,17.12,34831,26857200
2013.10.18,17.13,17.29,16.76,16.86,34411,27937800
2013.10.21,16.91,17.85,16.65,17.75,41900,51475100
2013.10.22,17.83,17.92,17.4,17.44,40801,32601600
2013.10.23,17.44,17.72,17.23,17.23,32206,20974500
2013.10.24,17.26,17.46,16.96,17.15,31694,22425100
2013.10.25,17.14,17.61,17.11,17.38,30724,30113900
2013.10.28,18.26,18.7,17.87,18.7,71667,73139200
2013.10.29,18.53,18.77,18.17,18.52,38277,33147800
2013.10.30,18.64,18.8,18.01,18.76,58747,53392700
2013.10.31,18.77,19.33,18.66,19.21,56811,41483800
2013.11.01,18.92,19.13,18.64,18.67,44362,43280800
2013.11.04,18.79,19.07,18.76,19.01,30131,20418700
2013.11.05,19.08,19.19,18.85,19.04,23969,29541300
2013.11.06,19.08,19.19,18.88,19.19,24501,21729500
2013.11.07,19.06,19.4,18.76,18.8,25948,20787700
2013.11.08,18.76,18.87,18.43,18.47,37545,28146800
2013.11.11,18.48,18.89,18.33,18.89,28157,22063500
2013.11.12,18.86,19.04,18.36,18.38,29893,24314900
2013.11.13,18.38,18.79,18.1,18.75,25868,31066500
2013.11.14,18.8,19.27,18.77,19.23,31086,24503700
2013.11.18,19.27,20.16,19.24,20.16,46228,44800900
2013.11.19,20.03,20.09,19.61,19.85,46628,42328900
2013.11.21,19.27,19.87,19.17,19.65,30940,35712500
2013.11.22,19.51,19.93,19.43,19.43,20649,23634100
2013.11.25,19.58,19.7,19.14,19.14,21805,16958000
2013.11.26,18.71,18.84,17.94,17.94,41787,38096900
2013.11.27,18.06,18.2,17.69,17.84,30803,28959500
2013.11.28,17.82,18.07,17.44,17.54,25225,28703900
2013.11.29,17.76,18.23,17.65,17.98,42756,37681000
2013.12.02,16.79,16.99,16.32,16.32,86515,77915700
2013.12.03,16.41,16.81,16.03,16.46,48847,45412600
2013.12.04,16.7,16.7,16.33,16.36,31040,27165000
2013.12.05,16.47,16.76,16.42,16.58,37236,25200600
2013.12.06,16.67,16.72,16.15,16.2,36468,32235900
2013.12.09,16.28,16.43,16.1,16.22,17894,13569800
2013.12.10,16.32,16.42,16.23,16.27,22295,14475000
2013.12.11,16.25,16.3,15.78,15.78,25926,21214500
2013.12.12,15.84,16,15.69,15.85,24795,21789400
2013.12.13,15.97,16.12,15.9,16.01,32683,27412800
2013.12.16,16.22,16.45,16.06,16.3,28913,32273600
2013.12.17,16.18,16.31,15.8,15.8,22749,28603800
2013.12.18,15.94,16.02,15.82,15.83,23674,22078700
2013.12.19,16.1,16.26,15.86,16.22,20059,17608900
2013.12.20,16.22,16.26,15.8,15.9,24702,26503700
2013.12.23,16,16.14,15.86,16.04,11935,11473400
2013.12.26,16.12,16.16,15.88,15.91,22800,15111500
2013.12.27,15.98,16,15.81,15.92,16503,14975500
2013.12.30,15.94,16.22,15.94,16.06,14257,10501500
2014.01.02,16.12,16.17,15.65,15.75,35398,17111300
2014.01.03,15.74,15.78,15.44,15.44,20082,17598400
2014.01.06,15.47,15.65,15.19,15.63,27189,20474600
2014.01.07,15.65,15.82,15.19,15.19,28782,18785300
2014.01.08,15.3,15.41,15.18,15.22,20440,15558400
2014.01.09,15.22,15.32,14.71,14.76,24048,25579200
2014.01.10,14.82,15.33,14.72,15.02,26005,29959900
2014.01.13,15.05,15.15,14.72,14.83,20918,21191900
2014.01.14,14.77,14.92,14.69,14.76,20090,16146800
2014.01.15,14.85,15.18,14.75,15.08,23511,25483600
2014.01.16,15.08,15.22,14.64,14.66,40151,32579400
2014.01.17,14.78,14.83,14.53,14.58,18613,22461300
2014.01.20,14.53,14.68,14.24,14.27,18389,17567800
2014.01.21,14.31,14.57,14.29,14.42,18175,19832600
2014.01.22,14.5,14.92,14.36,14.89,24491,44039500
2014.01.23,14.73,14.96,14.55,14.55,26437,23892300
2014.01.24,14.46,14.52,14.08,14.2,30412,27702300
2014.01.27,14.3,14.38,14.14,14.21,29798,20510700
2014.01.28,14.44,14.52,14.12,14.15,29847,21999800
2014.01.29,14.16,14.23,13.89,13.92,28647,24949100
2014.01.30,13.99,14.2,13.76,13.82,29579,25259300
2014.01.31,13.76,14.17,13.68,13.82,50523,48579400
2014.02.03,13.72,13.76,13.01,13.02,60980,50958800
2014.02.04,13.2,13.37,12.95,13.25,44974,35916200
2014.02.05,13.3,13.43,12.75,13,46201,38797500
2014.02.06,13.11,13.5,13.05,13.36,51747,31670700
2014.02.07,13.42,13.68,13.31,13.59,40392,33879500
2014.02.10,13.5,13.82,13.47,13.74,34347,28697400
2014.02.11,13.83,14.17,13.76,14.07,31810,28798500
2014.02.12,14.18,14.2,13.96,14.07,31423,23122000
2014.02.13,13.9,13.94,13.58,13.74,43116,27734600
2014.02.14,13.83,13.83,13.6,13.71,26866,26187900
2014.02.17,13.77,13.82,13.47,13.57,15005,12592700
2014.02.18,13.56,13.71,13.27,13.27,25145,31060200
2014.02.19,13.18,13.35,13.05,13.35,34711,28137400
2014.02.20,13.22,13.48,13.14,13.31,30159,23904700
2014.02.21,13.35,13.46,13.23,13.3,19049,18578600
2014.02.24,13.27,13.7,13.17,13.63,29568,20869400
2014.02.25,13.59,13.79,13.28,13.33,35386,35483800
2014.02.26,13.35,13.4,12.86,12.9,59886,44521100
2014.02.27,12.99,13.25,12.83,13.2,25890,23249000
2014.02.28,13.26,13.3,12.78,12.78,25328,27671000
2014.03.05,12.88,12.91,12.5,12.5,17210,14644900
2014.03.06,12.62,12.9,12.51,12.63,28219,28613100
2014.03.07,12.63,12.81,12.42,12.52,42166,32987700
2014.03.10,12.48,12.57,12.13,12.23,48534,39205500
2014.03.11,12.28,12.38,12.19,12.33,39458,37157800
2014.03.12,12.33,12.66,12.3,12.52,39137,42757300
2014.03.13,12.59,12.67,12.28,12.33,29639,22496500
2014.03.14,12.3,12.34,12.01,12.02,44988,34507400
2014.03.17,12.11,12.19,11.82,11.82,29948,39296900
2014.03.18,11.88,12.27,11.82,12.19,48043,44936200
2014.03.19,12.18,12.72,12.16,12.54,56674,51539600
2014.03.20,12.44,13.2,12.37,13.15,62482,57849300
2014.03.21,12.65,13.3,12.65,13.18,50216,48927500
2014.03.24,13.32,13.57,13.04,13.54,43980,34106800
2014.03.25,13.41,13.73,13.29,13.61,48553,40150800
2014.03.26,13.68,13.81,13.49,13.54,34232,29462600
2014.03.27,13.53,14.64,13.46,14.64,85754,77271200
2014.03.28,14.64,14.83,14.29,14.72,60346,42202400
2014.03.31,14.77,14.84,14.57,14.84,38722,28076300
2014.04.01,14.78,14.88,14.55,14.86,49611,35703800
2014.04.02,14.77,15.61,14.76,15.57,75974,65639600
2014.04.03,15.53,15.65,15.12,15.4,68405,56006700
2014.04.04,15.62,15.71,15.35,15.44,43284,32878200
2014.04.07,15.7,16.46,15.7,16.46,59701,50206600
2014.04.08,16.8,17.07,15.72,15.99,69898,69213300
2014.04.09,15.91,15.94,15.42,15.85,44506,41719200
2014.04.10,15.66,16.05,15.55,15.68,33119,27764200
2014.04.11,15.53,16.19,15.41,16.19,48581,42825800
2014.04.14,16.28,16.36,15.83,15.93,46589,26701100
2014.04.15,15.76,16.09,15.13,15.32,45853,35723100
2014.04.16,15.59,15.78,15.24,15.78,31594,28580200
2014.04.17,15.9,16.6,15.54,16.38,47813,44422500
2014.04.22,16.31,16.67,15.84,15.96,61647,44680200
2014.04.23,15.97,16.07,15.75,16.03,32812,22148300
2014.04.24,16.2,16.33,15.87,16.13,36921,30405000
2014.04.25,15.95,16.06,15.65,16.03,31912,31307500
2014.04.28,15.95,16.56,15.77,16.56,29860,31585100
2014.04.29,16.68,17.1,16.51,16.69,39904,41891100
2014.04.30,16.6,16.74,16.39,16.57,32143,26990300
2014.05.02,16.55,17.6,16.51,17.6,66247,52041800
2014.05.05,17.65,17.77,17.31,17.57,47374,35407400
2014.05.06,17.43,18.48,17.31,18.24,57152,47870300
2014.05.07,18.14,18.85,18.07,18.58,61741,44090300
2014.05.08,18.6,18.8,17.75,17.88,60055,53344100
2014.05.09,18.05,18.24,17.6,17.67,42005,34257800
2014.05.12,17.95,18.1,17.77,18.03,34515,20554400
2014.05.13,18,18.4,17.86,17.96,29060,27290600
2014.05.14,17.96,18.34,17.85,18.29,24145,23336200
2014.05.15,18.17,18.23,17.93,18.03,24951,20330400
2014.05.16,18,18.37,17.91,18.05,26448,26071200
2014.05.19,17.98,18.04,17.82,17.94,34637,25723000
2014.05.20,17.9,18.38,17.1,17.3,50362,54254200
2014.05.21,17.46,17.82,17.1,17.46,58068,40559500
2014.05.22,17.51,17.77,17.34,17.65,35849,32146900
2014.05.23,17.58,17.83,17.55,17.7,23381,18093500
2014.05.26,17.8,17.9,17.71,17.86,11499,7345500
2014.05.27,17.93,18.03,17.41,17.49,36333,22468300
2014.05.28,17.55,17.79,17.26,17.7,22592,22325200
2014.05.29,17.75,17.8,17.3,17.3,25470,19445800
2014.05.30,17.18,17.25,16.69,16.69,32894,25523000
2014.06.02,16.8,16.87,16.38,16.55,29351,26475500
2014.06.03,16.53,16.96,16.47,16.9,24135,20525900
2014.06.04,16.85,16.93,16.52,16.6,24104,20676500
2014.06.05,16.71,16.83,16.29,16.32,27354,23227300
2014.06.06,17.38,17.68,17.11,17.68,53561,54862000
2014.06.09,17.57,18.24,17.38,18.07,57596,47099600
2014.06.10,18.04,18.35,17.81,18.34,34722,34578100
2014.06.11,18.7,18.96,18.3,18.88,57099,48174200
2014.06.13,18.63,19.07,18.61,18.99,35243,27828700
2014.06.16,19,19.13,18.64,18.74,39684,30795300
2014.06.17,18.65,18.68,18.2,18.32,20763,18040600
2014.06.18,18.41,19.03,18.25,19,46763,42933700
2014.06.20,18.65,18.99,18.58,18.7,22546,22400200
2014.06.23,18.75,18.75,18.3,18.3,17900,14243200
2014.06.24,18.29,18.89,17.49,17.64,49385,53702700
2014.06.25,17.2,17.77,17.13,17.29,47831,48188800
2014.06.26,17.47,17.57,17.01,17.32,20155,23117400
2014.06.27,17.25,17.39,17.1,17.2,14524,16548800
2014.06.30,17.36,17.55,17.04,17.29,29039,20855400
2014.07.01,17.35,17.45,16.92,17.19,31670,22773700
2014.07.02,17.19,17.33,16.97,17.12,37404,28512800
2014.07.03,16.9,17.5,16.85,17.5,26662,26374700
2014.07.04,17.43,17.55,17.35,17.5,3301,9431900
2014.07.07,17.41,17.44,17.14,17.28,22741,18610500
2014.07.08,17.36,17.42,17.17,17.33,15628,11504900
2014.07.10,17.78,18.17,17.62,18.11,39737,35823600
2014.07.11,18.07,18.32,17.8,18.28,30127,20727800
2014.07.14,18.48,19.18,18.42,19.1,67862,70222700
2014.07.15,19.1,19.37,18.83,19.26,49178,43330400
2014.07.16,19.35,19.39,19.08,19.31,46216,27419600
2014.07.17,19.2,19.92,19.12,19.56,61891,57101200
2014.07.18,20.81,20.87,20.15,20.52,81108,90236400
2014.07.21,20.43,21.02,20.26,20.9,51291,44410700
2014.07.22,20.9,21.23,20.56,21.05,61536,62291800
2014.07.23,20.56,20.74,20.17,20.26,48131,42867200
2014.07.24,20.36,20.44,19.95,20.31,29984,37578900
2014.07.25,20.41,20.57,20.28,20.49,31847,24936500
2014.07.28,20.57,20.6,20.09,20.15,40236,24361700
2014.07.29,20.1,20.12,19.57,19.62,56277,37949900
2014.07.30,19.7,20.05,19.63,19.85,29552,27952400
2014.07.31,19.6,19.65,19.01,19.1,48705,36309900
2014.08.01,19.01,19.21,18.72,19.01,43070,30415700
2014.08.04,19.15,19.45,18.87,19.45,33328,22189000
2014.08.05,19.46,20.09,19.3,19.7,54421,53554500
2014.08.06,19.84,20.54,19.67,20.31,61740,72773300
2014.08.07,20.6,20.69,19.88,20.15,47936,53983000
2014.08.08,19.8,19.86,19.31,19.31,45796,41684500
2014.08.11,19.37,20.2,19.22,20.14,41187,35502300
2014.08.12,20.09,20.29,19.57,19.67,41522,30341100
2014.08.13,19.75,19.93,18.5,18.69,111197,99806900
2014.08.14,18.68,19.05,18.33,18.6,45126,44903600
2014.08.15,18.9,20.1,18.9,20.06,71010,62669900
2014.08.18,20.55,20.73,19.82,20.4,61063,66636100
2014.08.19,20.21,20.99,20.17,20.91,60296,42769500
2014.08.20,20.8,21.49,20.71,21.36,58525,54219600
2014.08.21,21.25,21.67,21.07,21.3,38747,40474800
2014.08.22,21.14,21.32,20.73,20.92,46069,34134000
2014.08.25,21.22,22.05,21.12,22.04,47565,44980000
2014.08.26,22.03,22.52,21.78,21.84,49263,51742700
2014.08.27,22.15,23.21,21.9,22.84,83757,72858000
2014.08.28,22.69,23.33,22.55,22.8,65533,57541100
2014.08.29,23.15,23.59,22.6,23.35,59040,56334500
2014.09.01,23.95,24.59,23.81,23.83,50095,39473200
2014.09.02,24,24.9,23.4,24.56,71170,67538600
2014.09.03,24.84,24.88,23.6,23.95,82768,59711400
2014.09.04,23.09,24,22.79,22.79,93885,66657600
2014.09.05,22.75,23.3,22.43,22.82,64529,53398200
2014.09.08,23.42,23.68,21.7,21.7,70242,79341800
2014.09.09,21.51,22.19,21.12,21.48,64155,71509800
2014.09.10,21.16,21.48,20.6,20.95,61938,61254800
2014.09.11,21.18,21.73,21,21.21,54628,51313000
2014.09.12,20.87,21,19.85,20.14,83060,81862500
2014.09.15,20.25,20.66,20.06,20.55,60019,52924300
2014.09.16,20.76,22.38,20.7,21.55,90622,99041100
2014.09.17,22.33,22.53,21.86,22.12,49325,54329600
2014.09.18,21.85,22.12,21.18,21.29,54186,56943600
2014.09.19,21,21.38,20.69,20.91,39817,36627700
2014.09.22,20.45,20.59,19.68,20.59,92968,66247800
2014.09.23,20.1,21,19.9,20.13,53739,54470400
2014.09.24,19.95,20.61,19.84,20.23,40029,38084200
2014.09.25,20.29,20.4,19.84,19.84,35483,25969000
2014.09.26,19.9,21.24,19.8,20.94,59057,42969500
2014.09.29,19.02,19.25,18.6,18.6,93043,93835200
2014.09.30,18.49,18.65,17.75,18.09,114206,81439400
2014.10.01,17.7,17.86,17.09,17.09,104521,78762600
2014.10.02,17.4,17.72,16.86,17.3,66061,65045700
2014.10.03,17.6,18.52,17.24,18.35,79198,61491100
2014.10.06,21.5,21.5,20.09,20.39,127898,114127500
2014.10.07,20.85,21.79,20.64,21.21,98114,86980500
2014.10.08,21.8,21.85,20.01,20.85,102277,103506300
2014.10.09,21.29,21.9,21.2,21.2,78796,81801400
2014.10.10,20.9,21.14,20.02,20.02,73160,64434800
2014.10.13,21.36,22.42,21.11,22.13,94697,84607600
2014.10.14,21.82,22.53,21.4,21.65,88918,79940700
2014.10.15,20.6,20.88,19.62,20.15,129171,119748000
2014.10.16,19.01,19.5,18.65,18.65,115159,96395700
2014.10.17,19.37,19.53,18.65,19.09,92645,68584500
2014.10.20,18.92,18.99,17.87,17.92,74325,69946000
2014.10.21,16.74,17.35,16.4,16.68,143783,103808300
2014.10.22,16.81,17.25,16.38,16.61,54692,61419900
2014.10.23,16.37,16.45,15.41,15.41,133871,108282300
2014.10.24,15.8,16.89,15.52,16.3,101928,99131100
2014.10.27,14,14.59,13.76,14.29,236695,213643100
2014.10.28,14.9,15.08,14.63,15.03,87604,94495500
2014.10.29,14.77,14.79,14.01,14.02,95627,88043200
2014.10.30,14.6,14.69,14.01,14.32,77921,74156600
2014.10.31,14.58,15.28,14.37,15.28,50994,47084300
2014.11.03,14.96,15.1,14.55,14.85,36743,43365400
2014.11.04,15,15.03,14.37,14.82,46287,44556400
2014.11.05,14.5,14.62,14.33,14.4,45237,36651700
2014.11.06,14.28,14.28,13.78,14.06,63406,53978700
2014.11.07,14.25,14.63,13.52,14.27,82491,77068100
2014.11.10,14.3,14.37,13.92,13.98,38165,35084000
2014.11.11,13.81,14,13.67,14,28761,23737000
2014.11.12,13.97,14.49,13.83,14.11,37643,30343800
2014.11.13,14.32,14.37,13.6,13.6,31594,35203100
2014.11.14,12.9,13.33,12.85,13.2,56703,52286300
2014.11.17,13.07,13.25,12.52,12.6,48637,46742600
2014.11.18,12.76,12.85,12,12.45,73043,60206800
2014.11.19,12.4,12.97,12.31,12.78,50642,48030200
2014.11.21,13.01,14.31,13.01,14.3,71728,64769900
2014.11.24,14.62,15.26,14.1,14.21,105441,69839200
2014.11.25,14.44,14.93,13.85,14.15,82124,81092800
2014.11.26,14.44,14.53,13.96,14.1,36162,34632800
2014.11.27,14.2,14.62,13.33,13.44,42668,54167400
2014.11.28,13.45,13.56,12.8,12.8,35141,45586200
2014.12.01,12.61,12.69,12.21,12.32,54097,55374300
2014.12.02,12.5,12.56,12.09,12.13,40680,38897100
2014.12.03,12.26,12.8,12.21,12.73,35643,38723400
2014.12.04,12.79,12.79,12.17,12.23,37783,35493400
2014.12.05,12.32,12.37,12.05,12.26,37047,29369500
2014.12.08,12.15,12.15,11.41,11.5,38597,42799300
2014.12.09,11.1,11.39,10.81,11.36,66015,67177600
2014.12.10,11.35,11.36,10.82,10.83,63125,49424400
2014.12.11,10.9,11.04,10.32,10.82,63432,62558600
2014.12.12,10.65,10.69,10.11,10.11,38791,44065100
2014.12.15,10.21,10.29,9.18,9.18,71549,97199500
2014.12.16,8.6,9.92,8.56,9.38,67721,89385900
2014.12.17,9.5,9.86,9.37,9.66,79015,88887300
2014.12.18,9.89,10.35,9.38,9.46,75627,86213300
2014.12.19,9.95,9.98,9.57,9.83,49313,63378100
2014.12.22,9.9,10.32,9.71,10.32,58199,52223000
2014.12.23,10.37,10.99,10.19,10.97,41210,43552900
2014.12.26,10.87,10.88,10.21,10.3,23568,26599300
2014.12.29,10.15,10.54,10.06,10.28,19833,24242800
2014.12.30,10.16,10.35,10.02,10.02,31352,26845700
2015.01.02,9.99,9.99,9.36,9.36,39388,48211900
2015.01.05,9.14,9.19,8.58,8.61,89898,73379000
2015.01.06,8.71,8.83,8.04,8.33,76717,81380800
2015.01.07,8.56,8.73,8.36,8.67,84878,83759700
2015.01.08,8.79,9.39,8.74,9.18,86280,81986600
2015.01.09,9.2,9.4,8.93,9.4,48421,49067100
2015.01.12,9.27,9.58,8.79,8.91,60312,57093700
2015.01.13,8.9,9.39,8.85,9,44851,62145000
2015.01.14,8.88,8.96,8.64,8.74,43976,52043300
2015.01.15,9,9.39,8.87,9.34,53242,80130800
2015.01.16,9.46,9.63,9.24,9.44,47874,56271000
2015.01.19,9.35,9.54,9.15,9.19,29234,30267600
2015.01.20,9.6,9.85,9.15,9.32,40626,71447300
2015.01.21,9.45,9.83,9.32,9.82,34353,47111300
2015.01.22,10.1,10.46,9.97,10.25,60093,73301800
2015.01.23,10.11,10.41,9.88,10,31364,43091500
2015.01.26,9.79,9.97,9.66,9.91,30721,32151700
2015.01.27,9.72,10.37,9.53,10.17,49694,58096700
2015.01.28,9.43,9.54,8.95,9.03,79562,103845700
2015.01.29,9.05,9.08,8.34,8.75,91760,109784800
2015.01.30,8.2,8.34,8.08,8.18,93889,84769600
2015.02.02,8.46,8.68,8.13,8.66,51276,55640200
2015.02.03,9.01,10,9.01,10,86671,94935000
2015.02.04,10.3,10.78,9.56,10.02,91851,116651900
2015.02.05,9.86,10.29,9.7,9.8,60068,76640500
2015.02.06,9.8,9.81,8.87,9.12,110456,115338800
2015.02.09,8.8,9.47,8.72,9.28,64502,70531500
2015.02.10,9.22,9.8,8.92,8.92,65049,73192900
2015.02.11,8.94,9.19,8.81,9.03,39031,47372800
2015.02.12,9.35,9.54,9.27,9.5,45689,60640400
2015.02.13,9.68,10.1,9.66,9.99,59724,70356000
2015.02.18,10.16,10.34,10.04,10.12,38086,41689000
2015.02.19,9.96,9.97,9.65,9.75,30002,37715100
2015.02.20,9.82,9.9,9.53,9.67,25911,34539000
2015.02.23,9.55,9.59,9.39,9.49,48068,40175300
2015.02.24,9.65,9.89,9.59,9.86,46043,46963000
2015.02.25,9.1,9.39,9,9.38,99028,94666600
2015.02.26,9.4,9.52,9.16,9.27,37010,42277800
2015.02.27,9.3,9.64,9.1,9.57,48687,45043200
2015.03.02,9.44,9.71,9.27,9.4,25190,36894200
2015.03.03,9.69,9.8,9.52,9.6,43431,41573700
2015.03.04,9.41,9.45,9.21,9.21,41249,47049400
2015.03.05,9.31,9.38,9.16,9.28,29822,25866300
2015.03.06,9.2,9.35,9.17,9.24,28804,26417400
2015.03.09,9.13,9.18,8.9,8.91,28972,35210200
2015.03.10,8.83,8.98,8.51,8.55,56945,70660700
2015.03.11,8.67,8.83,8.58,8.79,47008,43213400
2015.03.12,8.97,9.08,8.44,8.5,45049,61447300
2015.03.13,8.25,8.39,8.16,8.3,72930,71542700
2015.03.16,8.49,8.5,8.19,8.46,51586,52641900
2015.03.17,8.35,8.93,8.32,8.89,50353,62552400
2015.03.18,8.85,9.29,8.67,9.27,52587,64156900
2015.03.19,9.18,9.23,8.85,8.9,30641,42645800
2015.03.20,9.08,9.35,8.96,9.35,48060,57723600
2015.03.23,9.3,9.44,9.2,9.35,24244,33223300
2015.03.24,9.37,9.45,9.22,9.39,29041,34864200
2015.03.25,9.65,9.89,9.53,9.84,75181,82580100
2015.03.26,9.92,9.96,9.32,9.35,43360,58417300
2015.03.27,9.3,9.61,9.17,9.38,35825,50385200
2015.03.30,9.5,9.75,9.42,9.72,25944,32763400
2015.03.31,9.58,9.92,9.47,9.73,45058,45615500
2015.04.01,9.93,10.37,9.87,10.21,50063,57954400
2015.04.02,10.17,10.72,10.17,10.72,64804,67619000
2015.04.06,10.8,10.99,10.69,10.69,44272,44406100
2015.04.07,10.6,10.96,10.46,10.89,52335,59767800
2015.04.08,11.1,11.33,10.49,10.6,81527,72014500
2015.04.09,10.7,11.57,10.58,11.56,79932,77887200
2015.04.10,11.52,11.93,11.27,11.82,80952,68744400
2015.04.13,11.97,12.75,11.9,12.27,114834,104456200
2015.04.14,12.67,12.74,11.97,12.49,95516,86147900
2015.04.15,12.7,13.38,12.47,13.33,84867,101210500
2015.04.16,13.25,13.33,12.52,12.93,91435,107158300
2015.04.17,12.61,13.24,12.52,13.01,70773,69585900
2015.04.20,13.23,13.38,13.02,13.09,50428,51341300
2015.04.22,13.19,13.29,12.66,13.12,74105,64691900
2015.04.23,12.3,13.26,11.89,12.92,148271,178864400
2015.04.24,13.19,13.78,13.18,13.26,110039,104306200
2015.04.27,12.95,13.12,12.57,12.58,53481,51234800
2015.04.28,12.76,12.87,12.25,12.78,48433,59557200
2015.04.29,12.58,12.93,12.53,12.82,36556,35564900
2015.04.30,12.83,13.15,12.8,13.05,39268,47568600
2015.05.04,13.31,13.85,13.3,13.8,64856,54507700
2015.05.05,13.7,14.61,13.67,14.38,80587,73610100
2015.05.06,14.75,14.95,13.57,13.64,63038,70112000
2015.05.07,13.8,14.05,13.33,13.7,43985,44069900
2015.05.08,14.04,14.09,13.36,13.52,38448,42156300
2015.05.11,13.68,13.83,13.43,13.72,34202,27378400
2015.05.12,13.7,14.06,13.63,13.79,34325,30150600
2015.05.13,13.87,14.13,13.75,13.97,69791,44239500
2015.05.14,14.1,14.23,13.76,13.89,59264,47904000
2015.05.15,13.92,14.12,13.61,14.06,63388,53102700
2015.05.18,14.64,14.65,13.52,13.78,67267,79470800
2015.05.19,13.55,13.59,12.79,12.91,76202,68709300
2015.05.20,12.76,13.12,12.63,12.89,38982,42290300
2015.05.21,12.86,13.52,12.86,13.45,48743,52042800
2015.05.22,13.52,13.65,12.92,13.08,57457,52584300
2015.05.25,12.98,13.01,12.72,12.8,22441,22651000
2015.05.26,12.8,12.86,12.39,12.39,45044,43605600
2015.05.27,12.5,12.66,12.29,12.55,39971,46163900
2015.05.28,12.47,12.82,12.4,12.67,48216,57946600
2015.05.29,12.71,12.78,12.33,12.33,44895,72120400
2015.06.01,12.43,12.65,12.25,12.37,31861,39483500
2015.06.02,12.55,12.95,12.47,12.84,47249,45754100
2015.06.03,12.96,13.1,12.72,12.83,37454,48703400
2015.06.05,12.58,12.78,12.42,12.56,34917,36024200
2015.06.08,12.61,12.77,12.47,12.57,23923,23514200
2015.06.09,12.61,13.17,12.57,12.97,36200,43620800
2015.06.10,13.3,13.44,12.92,13.05,39169,44421300
2015.06.11,13.13,13.14,12.85,13.05,34045,34581800
2015.06.12,12.86,13.04,12.83,13.02,30592,29846800
2015.06.15,12.97,13.09,12.9,12.99,29310,30893600
2015.06.16,13.04,13.48,12.91,13.35,40102,48325600
2015.06.17,13.5,13.59,13.12,13.19,42141,39979700
2015.06.18,13.28,13.44,13.15,13.44,29533,26190600
2015.06.19,13.31,13.44,13.1,13.17,32273,34593300
2015.06.22,13.3,13.37,13.13,13.2,21576,22166600
2015.06.23,13.27,13.43,12.95,12.97,31358,47680600
2015.06.24,13.06,13.35,13.05,13.2,31722,39045500
2015.06.25,13.23,13.24,12.52,12.6,39164,48038600
2015.06.26,12.66,13.21,12.64,13.21,32533,34364400
2015.06.29,13,13.59,12.62,12.75,49393,61627000
2015.06.30,12.9,12.99,12.65,12.71,41060,31922400
2015.07.01,12.8,12.85,12.01,12.18,51512,60926400
2015.07.02,12.35,12.53,12.16,12.3,42516,36283000
2015.07.03,12.25,12.31,11.68,11.73,32987,31002900
2015.07.06,11.51,11.73,11.28,11.48,45775,49995200
2015.07.07,11.36,11.81,10.82,11.78,59503,70638500
2015.07.08,11.62,11.99,11.33,11.55,50693,42492400
2015.07.10,11.9,11.98,11.75,11.79,31727,30008800
2015.07.13,11.87,11.93,11.58,11.82,30718,25940700
2015.07.14,11.69,12.08,11.58,12,30245,36049300
2015.07.15,11.96,12.06,11.72,11.8,37390,32258100
2015.07.16,11.89,11.99,11.82,11.9,27177,26317900
2015.07.17,11.82,11.9,11.39,11.4,38199,38579800
2015.07.20,11.46,11.54,10.75,10.79,43236,48377600
2015.07.21,10.91,11.24,10.6,10.77,39426,38532800
2015.07.22,10.61,10.72,10.33,10.36,27310,29222800
2015.07.23,10.22,10.56,10.12,10.17,43666,49257100
2015.07.24,10.17,10.23,9.76,10.04,42157,44255500
2015.07.27,9.96,9.99,9.51,9.51,44307,51914300
2015.07.28,9.69,10.22,9.61,9.97,52473,67629100
2015.07.29,10.01,10.72,9.91,10.72,75049,85272600
2015.07.30,10.83,10.93,10.24,10.42,40215,46826700
2015.07.31,10.48,10.7,10.32,10.5,38481,36465800
2015.08.03,10.36,10.41,9.95,10.02,39548,39875400
2015.08.04,10.14,10.45,10.1,10.18,35524,30305300
2015.08.05,10.41,10.55,10.01,10.01,36519,43126300
2015.08.06,9.86,10.39,9.74,10.32,56730,59234500
2015.08.07,10.25,10.55,9.69,9.69,61758,64295400
2015.08.10,9.81,10.03,9.57,9.95,44917,49596500
2015.08.11,9.79,9.86,9.47,9.83,47911,43490700
2015.08.12,9.8,10.01,9.67,9.88,46655,38818700
2015.08.13,9.91,9.97,9.51,9.51,40406,30273600
2015.08.14,9.61,9.68,9.3,9.3,34191,27655400
2015.08.17,9.2,9.36,9.12,9.12,34374,30739200
2015.08.18,9.06,9.2,8.82,9,43386,36968000
2015.08.19,8.95,9.05,8.63,8.79,39742,35514300
2015.08.20,8.64,8.96,8.56,8.73,34529,37891900
2015.08.21,8.6,8.64,8.3,8.3,37064,38800200
2015.08.24,7.76,8.17,7.53,7.76,63153,68054700
2015.08.25,8.1,8.23,7.88,7.9,58937,57314600
2015.08.26,8.07,8.13,7.85,8.11,36855,43438900
2015.08.27,8.25,8.89,8.23,8.89,85577,65534900
2015.08.28,8.67,9.39,8.61,9,60260,72735400
2015.08.31,8.71,9.29,8.52,9.19,64012,74577800
2015.09.01,8.75,9.09,8.54,8.59,57175,52194700
2015.09.02,8.75,8.84,8.33,8.82,50019,54894600
2015.09.03,8.93,9.21,8.54,8.76,50261,56158100
2015.09.04,8.6,8.76,8.51,8.51,37289,34978000
2015.09.08,8.7,8.79,8.58,8.64,24340,29069900
2015.09.09,8.81,8.9,8.36,8.39,35379,38143300
2015.09.10,7.9,8.15,7.81,7.97,58725,62304200
2015.09.11,7.94,7.99,7.59,7.66,45063,53069100
2015.09.14,7.7,7.82,7.46,7.72,41272,51919700
2015.09.15,7.65,7.87,7.54,7.65,29262,34254300
2015.09.16,7.77,8.24,7.74,8.14,56078,66261600
2015.09.17,8.05,8.11,7.86,7.86,55565,72299900
2015.09.18,7.75,7.76,7.5,7.6,55912,67469900
2015.09.21,7.66,7.68,7.3,7.3,34340,38608400
2015.09.22,7.24,7.24,6.81,6.97,49366,65926900
2015.09.23,6.96,7.16,6.7,6.82,41428,63995500
2015.09.24,6.61,7.14,6.6,6.96,48381,56327000
2015.09.25,7.12,7.22,6.77,6.82,30803,44262500
2015.09.28,6.74,6.75,6.44,6.44,32711,36546700
2015.09.29,6.54,6.79,6.5,6.59,34723,51997500
2015.09.30,7.25,7.26,6.97,7.24,77192,107073000
2015.10.01,7.31,7.46,6.99,7.02,59433,68500100
2015.10.02,6.99,7.83,6.9,7.77,56533,88338300
2015.10.05,7.9,8.14,7.75,7.82,61841,67797800
2015.10.06,7.86,8.34,7.84,8.19,54238,80686200
2015.10.07,8.51,8.9,8.27,8.47,79941,116103700
2015.10.08,8.46,8.84,8.28,8.75,77144,68365800
2015.10.09,9.02,9.07,8.58,8.8,82249,71296500
2015.10.13,8.36,8.47,8.07,8.13,48332,55591700
2015.10.14,8.07,8.23,7.89,7.96,81224,74806400
2015.10.15,8,8.07,7.67,8,56665,61193400
2015.10.16,7.99,8.08,7.81,7.95,29416,42268400
2015.10.19,7.9,7.96,7.76,7.95,28405,37675100
2015.10.20,8,8.19,7.97,8.05,41569,47457900
2015.10.21,7.95,8.06,7.71,7.75,29475,44667800
2015.10.22,7.82,8.11,7.81,8.02,39774,45683400
2015.10.23,8.26,8.28,7.94,7.99,43053,45304300
2015.10.26,8.05,8.13,7.8,7.85,24188,34458100
2015.10.27,7.86,7.86,7.55,7.6,31063,42903800
2015.10.28,7.61,7.95,7.52,7.7,32918,56000400
2015.10.29,7.57,7.93,7.57,7.61,29192,40443400
2015.10.30,7.6,7.78,7.54,7.71,28497,36490800
2015.11.03,7.84,8.48,7.77,8.48,51569,58777500
2015.11.04,8.58,8.65,8.02,8.08,54595,54938100
2015.11.05,8.08,8.17,7.87,8.11,43437,92125900
2015.11.06,8.04,8.08,7.73,7.82,33974,38986100
2015.11.09,7.83,7.93,7.59,7.64,32035,35510300
2015.11.10,7.6,7.69,7.51,7.61,27287,32716700
2015.11.11,7.71,7.83,7.64,7.72,34146,43583900
2015.11.12,7.72,7.74,7.53,7.64,21632,27791500
