2010.01.04,9.06,9.27,9.03,9.26,2053,2452900
2010.01.05,9.32,9.34,9.07,9.09,3074,2391300
2010.01.06,9.04,9.15,8.95,9.07,3008,4509600
2010.01.07,9.06,9.07,8.97,9.01,1120,1183800
2010.01.08,9.03,9.03,8.84,8.92,1656,3359300
2010.01.11,9.03,9.03,8.9,8.98,1547,1542000
2010.01.12,9,9.3,9,9.29,2551,3468100
2010.01.13,9.32,9.37,9.13,9.17,2552,3976400
2010.01.14,9.18,9.26,9.08,9.18,1662,1975800
2010.01.15,9.09,9.27,9.08,9.21,1376,1837200
2010.01.18,9.24,9.27,9.18,9.2,861,574900
2010.01.19,9.04,9.55,9.04,9.47,2787,3232300
2010.01.20,9.51,9.64,9.27,9.42,2746,3063400
2010.01.21,9.41,9.57,9.26,9.27,2848,2552000
2010.01.22,9.29,9.4,9.24,9.31,1382,1606300
2010.01.26,9.26,9.27,9,9.27,2174,2090300
2010.01.27,9.21,9.27,9.12,9.18,1510,1194200
2010.01.28,9.18,9.26,9.04,9.12,1084,1285600
2010.01.29,9.27,9.45,9.27,9.39,1799,2860900
2010.02.01,9.35,9.41,9.16,9.21,1249,1295700
2010.02.02,9.19,9.24,9.09,9.09,1198,2386300
2010.02.03,9.16,9.45,9.08,9.3,1762,3401800
2010.02.04,9.32,9.35,9.05,9.12,2288,2598400
2010.02.05,8.82,9.27,8.82,8.91,3254,3505600
2010.02.08,9.02,9.22,8.82,9.13,1549,2871200
2010.02.09,9.21,9.27,9.15,9.21,1210,1280700
2010.02.10,9.2,9.31,9.1,9.28,1223,1218800
2010.02.11,9.29,9.41,9.2,9.41,1552,2307200
2010.02.12,9.36,9.46,9.2,9.43,1235,1576100
2010.02.17,9.53,9.62,9.41,9.45,2236,1874400
2010.02.18,9.35,9.52,9.31,9.42,1251,1141400
2010.02.19,9.41,9.46,9.32,9.4,1766,923200
2010.02.22,9.41,9.56,9.34,9.48,2071,1798400
2010.02.23,9.41,9.57,9.33,9.34,1913,1183200
2010.02.24,9.39,9.48,9.33,9.35,1220,869000
2010.02.25,9.22,9.32,9.18,9.3,1330,1285200
2010.02.26,9.22,9.31,9.21,9.27,1095,988600
2010.03.01,9.34,9.44,9.24,9.34,1176,1029500
2010.03.02,9.28,9.45,9.28,9.34,1370,1412400
2010.03.03,9.43,9.6,9.38,9.43,2024,1651600
2010.03.04,9.46,9.54,9.33,9.46,1008,939400
2010.03.05,9.54,9.6,9.37,9.43,1122,1722000
2010.03.08,9.39,9.51,9.36,9.46,1206,820800
2010.03.09,9.38,9.69,9.36,9.6,2763,2102700
2010.03.10,9.66,9.76,9.57,9.65,1290,1645100
2010.03.11,9.61,9.78,9.56,9.77,1344,780600
2010.03.12,9.84,9.84,9.58,9.58,880,661500
2010.03.15,9.5,9.64,9.5,9.56,945,2591900
2010.03.16,9.48,9.79,9.48,9.72,1756,966300
2010.03.17,9.75,9.79,9.67,9.69,1952,1447900
2010.03.18,9.68,9.75,9.62,9.74,1452,1256700
2010.03.19,9.75,10.43,9.6,10.19,4269,6295600
2010.03.22,10.14,10.26,10.02,10.14,1958,2397400
2010.03.23,10.15,10.24,10.01,10.24,1557,1283000
2010.03.24,10.11,10.17,9.96,10.08,1437,1108200
2010.03.25,10.14,10.14,9.87,9.93,1292,1364300
2010.03.26,9.87,10.11,9.79,10,2026,2225000
2010.03.29,10.04,10.11,9.97,10.06,1425,1422000
2010.03.30,10,10.02,9.94,10.01,746,824600
2010.03.31,9.97,10.07,9.86,9.93,2879,2025500
2010.04.01,10.02,10.02,9.81,9.81,2191,1756900
2010.04.05,9.87,9.89,9.75,9.8,1029,793500
2010.04.06,9.76,9.84,9.65,9.65,1363,1132900
2010.04.07,9.66,9.96,9.64,9.96,2200,1958700
2010.04.08,9.98,10.06,9.88,9.92,1920,1333600
2010.04.09,9.91,9.94,9.75,9.86,2880,4407800
2010.04.12,9.81,9.89,9.72,9.74,1375,1262300
2010.04.13,9.82,9.97,9.76,9.92,1933,1963900
2010.04.14,9.96,10.09,9.86,10.07,3281,2378800
2010.04.15,10.04,10.07,9.92,9.94,1665,1237400
2010.04.16,9.84,9.92,9.67,9.76,1301,836500
2010.04.19,9.68,9.69,9.41,9.65,2154,1869300
2010.04.20,9.65,9.75,9.55,9.68,2416,1818400
2010.04.22,9.55,9.84,9.48,9.75,2230,1299100
2010.04.23,9.68,9.71,9.58,9.65,1885,1264600
2010.04.26,9.65,9.65,9.55,9.6,1383,739600
2010.04.27,9.55,9.63,9.33,9.44,4058,2317300
2010.04.28,9.51,9.6,9.33,9.57,3398,2181200
2010.04.29,9.55,9.89,9.52,9.8,3318,1990900
2010.04.30,9.79,9.96,9.66,9.67,2093,1775000
2010.05.03,9.58,9.86,9.57,9.75,1582,1001800
2010.05.04,9.66,9.76,9.37,9.62,2342,1689000
2010.05.05,9.44,9.58,9.38,9.45,1982,1381400
2010.05.06,9.44,9.7,9.21,9.34,4020,3135700
2010.05.07,9.49,9.62,9.27,9.43,2377,2007400
2010.05.10,9.64,9.95,9.41,9.46,2454,3416100
2010.05.11,9.41,9.61,9.35,9.39,1967,1096600
2010.05.12,9.39,9.62,9.39,9.56,1089,1329900
2010.05.13,9.56,9.58,9.45,9.45,1196,860800
2010.05.14,9.4,9.6,9.35,9.49,2154,2040900
2010.05.17,9.4,9.61,9.38,9.46,5660,2636000
2010.05.18,9.52,9.58,9.36,9.37,2530,1340300
2010.05.19,9.38,9.62,9.32,9.54,3803,2748400
2010.05.20,9.46,9.48,9.25,9.25,2217,1765600
2010.05.21,9.34,9.46,9.03,9.4,2185,1240200
2010.05.24,9.35,9.56,9.3,9.49,1707,964100
2010.05.25,9.27,9.46,9.21,9.35,2126,1564000
2010.05.26,9.37,9.57,9.31,9.56,2347,2718000
2010.05.27,9.54,9.7,9.44,9.48,2017,1826700
2010.05.28,9.55,9.55,9.27,9.31,1486,1280700
2010.05.31,9.38,9.39,9.21,9.27,988,681200
2010.06.01,9.21,9.3,9.07,9.09,1209,771600
2010.06.02,9.01,9.27,9,9.21,1520,1110200
2010.06.04,9.08,9.18,8.93,8.94,2913,1424200
2010.06.07,8.94,9.04,8.84,8.89,1595,1280300
2010.06.08,8.93,8.97,8.81,8.9,2483,2208400
2010.06.09,8.92,9.08,8.87,8.89,1604,2080900
2010.06.10,8.97,9.14,8.95,9.06,1115,805100
2010.06.11,9.07,9.28,9.02,9.27,1453,749100
2010.06.14,9.27,9.34,9.19,9.21,1170,700900
2010.06.15,9.22,9.43,9.21,9.27,2071,1409100
2010.06.16,9.24,9.32,9.18,9.27,5000,2524900
2010.06.17,9.27,9.38,9.24,9.37,1434,1019600
2010.06.18,9.34,9.42,9.27,9.3,1043,1019000
2010.06.21,9.42,9.49,9.31,9.39,941,648400
2010.06.22,9.36,9.58,9.31,9.35,2467,1287300
2010.06.23,9.4,9.44,9.32,9.43,1277,1065200
2010.06.24,9.35,9.42,9.27,9.3,1177,903400
2010.06.25,9.27,9.47,9.25,9.47,687,429400
2010.06.28,9.42,9.5,9.33,9.37,387,291700
2010.06.29,9.27,9.35,9.06,9.1,1796,1547500
2010.06.30,9.1,9.18,8.9,8.9,1322,1359500
2010.07.01,8.93,9.02,8.67,9.02,1860,1333100
2010.07.02,9.02,9.06,8.77,8.83,1498,899400
2010.07.05,8.84,9.05,8.77,8.99,520,1086500
2010.07.06,9.08,9.18,8.7,8.87,1857,1993000
2010.07.07,8.92,8.97,8.84,8.92,1322,2474700
2010.07.08,8.98,9.02,8.85,9.02,1251,1027000
2010.07.12,9.01,9.01,8.83,8.98,1460,719700
2010.07.13,8.97,9.18,8.93,9.13,1680,1544900
2010.07.14,9.05,9.27,8.98,9.22,971,790400
2010.07.15,9.25,9.31,9.08,9.31,1348,1451000
2010.07.16,9.27,9.35,9.03,9.05,2381,1504600
2010.07.19,9.08,9.26,9.05,9.2,1116,1454800
2010.07.20,9.61,9.72,9.36,9.72,3397,4648200
2010.07.21,9.74,9.87,9.62,9.67,2739,2446500
2010.07.22,9.77,9.97,9.77,9.93,1683,3330600
2010.07.23,9.94,10.12,9.76,10.12,2311,1204200
2010.07.26,10.1,10.24,10.01,10.24,1425,957500
2010.07.27,10.27,10.3,10.09,10.21,2437,1882900
2010.07.28,10.14,10.44,10.14,10.39,1836,1377300
2010.07.29,10.41,10.49,10.38,10.49,1691,2267400
2010.07.30,10.5,11.07,10.39,11,3961,4355900
2010.08.02,11.06,11.33,11.06,11.1,4659,3677000
2010.08.03,11.04,11.19,10.76,11.14,2610,2528700
2010.08.04,11.05,11.37,10.98,11.27,2264,1521500
2010.08.05,11.34,11.34,11.13,11.19,2988,1642500
2010.08.06,11.08,11.2,10.91,11.12,2976,1935100
2010.08.09,11.2,11.23,11.03,11.2,1063,840300
2010.08.10,11.03,11.09,10.97,11.04,2625,1899500
2010.08.11,10.98,10.98,10.57,10.57,1236,1164100
2010.08.12,10.47,10.63,10.44,10.49,1460,1106700
2010.08.13,10.49,10.75,10.44,10.62,2699,1756800
2010.08.16,10.49,10.7,10.41,10.57,1745,1149800
2010.08.17,10.67,10.8,10.58,10.69,1847,1442700
2010.08.18,10.75,11.23,10.58,11.23,4557,2251300
2010.08.19,11.12,11.18,10.78,10.85,2145,1969700
2010.08.20,10.78,10.86,10.46,10.52,2389,1265700
2010.08.23,10.62,10.71,10.36,10.36,1329,736700
2010.08.24,10.15,10.28,9.95,9.96,3246,1633800
2010.08.25,9.72,10.11,9.67,10.11,2151,1651200
2010.08.26,10.14,10.22,10,10,2818,1570400
2010.08.27,10,10.29,9.95,10.29,3424,1409600
2010.08.30,10.17,10.32,10.06,10.16,2764,1067500
2010.08.31,10.23,10.32,10.14,10.32,3684,2636900
2010.09.01,10.32,10.87,10.29,10.87,3429,1919200
2010.09.02,10.83,11,10.73,10.98,2093,1275300
2010.09.03,11,11.13,10.9,10.98,2368,779000
2010.09.06,11,11,10.63,10.75,351,224300
2010.09.08,11.04,11.05,10.86,11.04,1102,1016700
2010.09.09,11.05,11.13,10.81,10.81,1157,866000
2010.09.10,10.82,11.09,10.81,11,933,812400
2010.09.13,11.09,11.13,11,11,1800,1349600
2010.09.14,11.03,11.09,11,11.09,1648,949900
2010.09.15,11.04,11.22,10.98,11.22,1981,1297800
2010.09.16,11.17,11.19,11,11.07,1324,837700
2010.09.17,11,11.39,10.94,11.2,1829,1982700
2010.09.20,11.2,11.65,11.19,11.62,3787,1941100
2010.09.21,11.69,11.83,11.49,11.49,4076,2147400
2010.09.22,11.52,11.79,11.43,11.58,3970,1978700
2010.09.23,11.48,11.74,11.43,11.48,3811,1904800
2010.09.24,11.45,11.82,11.45,11.55,3387,2287900
2010.09.27,11.7,11.7,11.18,11.34,2146,1647000
2010.09.28,11.39,11.5,11.05,11.44,2098,1116000
2010.09.29,11.4,11.49,11.3,11.43,2248,1441400
2010.09.30,11.47,11.47,11.21,11.31,1588,1581200
2010.10.01,11.38,11.38,11.1,11.2,3888,1827800
2010.10.04,11.22,11.38,11.1,11.21,2109,1359100
2010.10.05,11.32,11.5,11.29,11.38,4202,2605400
2010.10.06,11.4,11.47,11.17,11.26,2776,1581900
2010.10.07,11.25,11.3,11.06,11.12,1387,941500
2010.10.08,11.02,11.32,11.01,11.3,1510,1180000
2010.10.11,11.32,11.62,11.22,11.54,1819,995600
2010.10.13,11.63,11.63,10.98,11.05,4679,2813000
2010.10.14,11.12,11.25,10.7,10.72,3697,2834000
2010.10.15,10.86,10.86,10.62,10.72,1775,1496400
2010.10.18,10.69,10.93,10.52,10.91,2639,2090000
2010.10.19,10.95,11.08,10.84,10.84,4034,2339800
2010.10.20,10.94,11.2,10.93,11.19,1481,1028200
2010.10.21,11.2,11.41,11.04,11.24,1777,1119400
2010.10.22,11.39,11.42,11.14,11.37,2426,1220500
2010.10.25,11.43,11.43,11.3,11.32,1742,727500
2010.10.26,11.23,11.46,11.15,11.44,1283,610600
2010.10.27,11.34,11.49,11.25,11.37,1381,756700
2010.10.28,11.49,11.49,11.22,11.31,1110,618100
2010.10.29,11.43,11.7,11.28,11.53,2295,1122000
2010.11.01,11.52,11.75,11.51,11.66,998,614600
2010.11.03,11.86,12.11,11.81,12.08,1509,1143900
2010.11.04,12.12,12.37,12.08,12.24,1486,1564200
2010.11.05,12.15,12.4,12.08,12.3,1811,929100
2010.11.08,12.17,12.24,12.08,12.13,970,453700
2010.11.09,12.09,12.14,11.83,11.88,1562,1066800
2010.11.10,11.97,12.04,11.62,11.99,1333,864900
2010.11.11,11.9,11.97,11.72,11.87,2219,1054800
2010.11.12,11.74,11.93,11.66,11.67,1888,712500
2010.11.16,11.62,11.71,11.48,11.58,3442,1360000
2010.11.17,11.6,11.9,11.6,11.74,2647,1139100
2010.11.18,11.84,11.95,11.73,11.8,956,1031600
2010.11.19,11.74,11.97,11.73,11.92,1860,832600
2010.11.22,11.99,12.04,11.66,11.72,2619,1046900
2010.11.23,11.62,11.73,11.49,11.61,1490,782500
2010.11.24,11.73,12,11.62,11.91,2689,1090100
2010.11.25,11.92,12,11.8,11.83,495,272000
2010.11.26,11.68,11.9,11.54,11.6,1940,1177000
2010.11.29,11.53,11.66,11.47,11.51,2519,1274000
2010.11.30,11.48,11.97,11.39,11.75,2862,1518200
2010.12.01,12.01,12.01,11.74,11.83,2133,939600
2010.12.02,11.93,11.93,11.74,11.85,1996,792900
2010.12.03,11.9,11.9,11.74,11.8,1476,630400
2010.12.06,11.88,12.19,11.7,11.71,1266,954800
2010.12.07,11.85,11.9,11.67,11.71,721,438100
2010.12.08,11.71,11.84,11.56,11.82,1681,770800
2010.12.09,11.8,11.8,11.58,11.69,2155,1072500
2010.12.10,11.8,11.87,11.59,11.74,2006,891800
2010.12.13,11.8,11.9,11.69,11.81,1581,961600
2010.12.14,11.75,11.9,11.59,11.85,1715,938700
2010.12.15,11.81,11.93,11.7,11.88,3654,1268700
2010.12.16,11.82,11.93,11.74,11.76,1950,2203300
2010.12.17,11.71,12.09,11.67,11.86,1689,1041500
2010.12.20,11.83,11.97,11.61,11.71,2422,1179900
2010.12.21,11.77,12.04,11.71,11.9,2878,1702300
2010.12.22,11.9,11.92,11.69,11.74,1863,1054600
2010.12.23,11.82,11.9,11.71,11.79,2088,558800
2010.12.27,11.74,11.9,11.6,11.62,1309,397900
2010.12.28,11.55,11.63,11.51,11.62,1562,961900
2010.12.29,11.66,11.76,11.52,11.58,1604,1365400
2010.12.30,11.58,11.65,11.42,11.62,4095,1676100
2011.01.03,11.83,11.83,11.53,11.55,2336,1904700
2011.01.04,11.56,11.8,11.51,11.75,2298,1219900
2011.01.05,11.66,11.83,11.62,11.75,1990,759300
2011.01.06,11.78,11.87,11.74,11.85,2269,1266800
2011.01.07,11.85,11.93,11.72,11.75,1182,440000
2011.01.10,11.83,11.98,11.75,11.78,1927,1110300
2011.01.11,11.94,12.27,11.85,11.9,2763,1865900
2011.01.12,11.96,12.17,11.91,12.06,2379,1576300
2011.01.13,12.19,12.19,11.87,11.94,1523,778200
2011.01.14,11.9,13.08,11.88,12.97,3169,3160900
2011.01.17,13.08,13.08,12.78,12.98,1502,1062300
2011.01.18,13.15,13.84,13.11,13.26,4526,2487100
2011.01.19,13.26,13.45,12.97,13.13,2527,1035500
2011.01.20,13.05,13.29,12.94,13.25,2329,1371300
2011.01.21,13.2,13.21,12.97,13,2062,774300
2011.01.24,13,13.1,12.87,12.93,1640,578200
2011.01.26,12.88,12.98,12.74,12.78,1993,2604800
2011.01.27,12.84,13.05,12.71,12.97,3739,1999500
2011.01.28,13.06,13.26,12.97,13.13,3782,1591300
2011.01.31,13.42,13.42,13.05,13.13,2204,1018700
2011.02.01,13.16,13.37,13.04,13.26,1980,1134500
2011.02.02,13.26,13.48,13.2,13.41,2908,1733700
2011.02.03,13.44,13.56,13.11,13.48,1746,939900
2011.02.04,13.36,13.5,13.13,13.18,2386,1174300
2011.02.07,13.13,13.78,12.96,13.78,2610,1950000
2011.02.08,13.95,14.09,13.7,13.77,3134,1358800
2011.02.09,13.76,13.76,13.38,13.4,2411,1192100
2011.02.10,13.45,13.57,13.31,13.34,2243,1288600
2011.02.11,13.37,13.45,13.03,13.42,2614,887700
2011.02.14,13.49,13.77,13.36,13.75,3089,1742100
2011.02.15,13.74,13.9,13.55,13.69,2046,1503000
2011.02.16,13.7,13.81,13.53,13.73,3286,1085000
2011.02.17,13.83,13.88,13.52,13.54,1804,1072100
2011.02.18,13.52,13.93,13.39,13.93,2276,1359800
2011.02.21,13.91,13.96,13.63,13.85,1645,453700
2011.02.22,13.72,13.87,13.56,13.64,1660,1364000
2011.02.23,13.64,13.73,13.04,13.14,3181,1837400
2011.02.24,13.11,13.2,12.88,13.05,2328,1161700
2011.02.25,13.05,13.39,12.97,13.31,2662,1331200
2011.02.28,13.32,13.58,13.32,13.54,2398,1092700
2011.03.01,13.56,13.87,13.19,13.23,2552,1139900
2011.03.02,13.1,13.26,13.01,13.03,1835,1684100
2011.03.03,13.21,13.37,13.1,13.34,2166,1588300
2011.03.04,13.35,13.42,12.99,13.21,1167,657500
2011.03.09,13.31,13.46,13.1,13.4,1610,838000
2011.03.10,13.44,13.44,12.99,13.02,1696,1125700
2011.03.11,12.99,13.25,12.83,13.24,3081,1490800
2011.03.14,13.15,13.37,12.99,13.15,1684,1025200
2011.03.15,12.85,13.31,12.66,13.16,3408,2640300
2011.03.16,13.25,13.25,12.76,12.92,2344,1974900
2011.03.17,12.92,13.34,12.92,13.23,2167,1374400
2011.03.18,13.4,13.65,13.38,13.48,3423,1815000
2011.03.21,13.67,13.89,13.62,13.67,2306,1164900
2011.03.22,13.66,13.83,13.44,13.44,2085,1288500
2011.03.23,13.45,13.6,13.27,13.48,3304,1643000
2011.03.24,13.6,13.92,13.56,13.7,2031,1330800
2011.03.25,13.42,13.54,12.85,12.97,4325,3682000
2011.03.28,12.97,13.16,12.9,13.04,1819,1219200
2011.03.29,13.07,13.15,12.96,13.07,2051,1182200
2011.03.30,13.11,13.14,12.92,12.97,1322,1067600
2011.03.31,12.95,13.1,12.95,13.1,1816,1110000
2011.04.01,13.1,13.44,12.98,13.35,2760,1560800
2011.04.04,13.42,13.42,13.16,13.19,2246,943800
2011.04.05,13.21,13.36,12.98,13.04,3048,1496600
2011.04.06,13.09,13.1,12.9,12.9,3203,1204500
2011.04.07,12.92,12.96,12.8,12.83,2361,1840100
2011.04.08,12.92,12.97,12.49,12.53,2488,1429200
2011.04.11,12.65,12.84,12.55,12.57,2573,1552100
2011.04.12,12.62,12.71,12.45,12.48,2940,1474700
2011.04.13,12.63,12.72,12.25,12.25,3708,1374400
2011.04.14,12.37,12.38,12.13,12.13,2226,1080900
2011.04.15,12.14,12.24,11.98,12.17,2648,1853400
2011.04.18,12.17,12.38,11.97,12.09,3119,2081100
2011.04.19,12.14,12.19,11.98,12.04,2938,1120400
2011.04.20,12.21,12.27,12.12,12.16,1197,822700
2011.04.25,12.26,12.27,11.98,12.13,1175,716800
2011.04.26,12.14,12.23,12.05,12.23,2267,1369200
2011.04.27,12.24,12.31,12.04,12.06,3003,1115100
2011.04.28,11.98,12.22,11.71,12.14,2487,2064500
2011.04.29,12.13,12.25,11.99,11.99,2604,1866600
2011.05.02,12.08,12.19,11.97,12.08,2476,1769600
2011.05.03,12.23,12.87,12.22,12.86,3414,3545100
2011.05.04,12.89,12.89,12.42,12.51,3046,1983700
2011.05.05,12.55,12.89,12.42,12.83,2243,1236000
2011.05.06,12.99,13.01,12.83,12.91,1984,879900
2011.05.09,12.86,13.21,12.84,13.1,1186,862200
2011.05.10,13.14,13.34,13.01,13.01,1100,743400
2011.05.11,12.87,13.05,12.78,12.92,1419,997600
2011.05.12,12.84,13.05,12.79,12.79,1639,820300
2011.05.13,12.75,12.98,12.75,12.84,2061,1059400
2011.05.16,12.83,12.87,12.64,12.64,1943,650900
2011.05.17,12.63,12.74,12.38,12.46,2787,975600
2011.05.18,12.52,12.71,12.34,12.48,1965,1274900
2011.05.19,12.54,12.87,12.44,12.6,2378,1930100
2011.05.20,12.44,12.73,12.44,12.54,1158,754600
2011.05.23,12.51,12.63,12.32,12.38,2048,938700
2011.05.24,12.39,12.49,12.06,12.17,3876,1764700
2011.05.25,12.16,12.25,12.08,12.17,1481,1245500
2011.05.26,12.29,12.29,12.08,12.16,1832,2227900
2011.05.27,12.2,12.23,12.1,12.21,1417,970600
2011.05.30,12.25,12.25,11.97,11.97,632,496200
2011.05.31,12.08,12.26,12.04,12.13,2450,1723600
2011.06.01,12.21,12.27,12.08,12.08,2359,1355000
2011.06.02,12.18,12.18,12.05,12.13,3813,2488300
2011.06.03,12.11,12.16,11.8,11.8,2294,2180400
2011.06.06,11.87,11.93,11.74,11.85,2195,1430900
2011.06.07,11.86,11.9,11.64,11.67,2080,1346200
2011.06.08,11.63,11.74,11.49,11.53,1356,1639500
2011.06.09,11.53,11.79,11.48,11.79,2136,4012500
2011.06.10,11.9,11.9,11.71,11.71,2909,1255300
2011.06.13,11.74,11.85,11.71,11.85,3346,1974000
2011.06.14,11.9,12.31,11.9,12.31,2475,1952100
2011.06.15,12.22,12.34,12.05,12.17,3460,2587500
2011.06.16,12.08,12.22,11.94,12.13,1614,973500
2011.06.17,12.13,12.27,11.95,12.27,1668,1423400
2011.06.20,12.42,12.59,12.01,12.01,2533,1832300
2011.06.21,12.04,12.12,11.55,11.67,1944,2241900
2011.06.22,11.68,11.85,11.67,11.71,1730,1333800
2011.06.24,11.79,11.79,11.6,11.65,1358,595500
2011.06.27,11.67,11.75,11.41,11.75,2095,2028500
2011.06.28,11.68,11.77,11.62,11.69,2148,1416100
2011.06.29,11.7,11.74,11.36,11.43,2909,2005200
2011.06.30,11.49,11.58,11.43,11.58,2549,2198200
2011.07.01,11.56,11.68,11.55,11.62,3136,2066000
2011.07.04,11.62,11.71,11.4,11.71,930,562800
2011.07.05,11.62,11.81,11.57,11.65,2663,1359200
2011.07.06,11.54,11.73,11.54,11.7,2372,2395100
2011.07.07,11.74,11.8,11.43,11.43,1600,1485000
2011.07.08,11.46,11.49,11.15,11.39,2469,2126000
2011.07.11,11.2,11.29,11.04,11.07,1164,992100
2011.07.12,11.05,11.26,10.97,11.04,1531,960100
2011.07.13,11.04,11.32,11.04,11.18,1252,1178200
2011.07.14,11.23,11.23,10.9,11.08,1500,1026900
2011.07.15,11.08,11.11,10.93,11.02,1208,826200
2011.07.18,11.02,11.04,10.8,10.97,1533,926800
2011.07.19,10.96,11.01,10.67,10.67,1571,1005800
2011.07.20,10.8,10.91,10.7,10.91,2121,1265400
2011.07.21,10.91,11.1,10.82,11.01,1204,768000
2011.07.22,10.97,11.18,10.91,11.04,1440,746900
2011.07.25,11.04,11.04,10.79,10.8,2248,962100
2011.07.26,10.84,10.91,10.57,10.65,1429,1161200
2011.07.27,10.52,10.62,10.3,10.31,3094,2528900
2011.07.28,10.36,10.36,10.09,10.16,3340,1917700
2011.07.29,10.28,11.18,10.23,10.93,4692,6577700
2011.08.01,10.98,11.33,10.76,10.8,3049,2344800
2011.08.02,10.8,11.01,10.6,10.65,1670,834200
2011.08.03,10.59,10.72,10.21,10.58,2859,1590800
2011.08.04,10.3,10.47,9.55,9.65,3528,2457500
2011.08.05,9.86,9.91,8.91,9.45,4310,3099800
2011.08.08,9.02,9.07,8.04,8.29,5741,2809800
2011.08.09,8.28,8.82,8.28,8.82,4285,2220100
2011.08.10,8.58,9.25,8.46,9.05,4487,2668000
2011.08.11,9.12,9.16,8.68,9.05,2682,2078100
2011.08.12,9.11,9.22,8.88,9.14,2453,1293300
2011.08.15,9.16,9.49,9.07,9.16,1888,1159800
2011.08.16,9.05,9.22,8.95,9.22,2769,1195100
2011.08.17,9.22,9.27,9.04,9.11,5852,2995300
2011.08.18,8.95,8.97,8.59,8.77,2662,1548300
2011.08.19,8.72,8.89,8.61,8.69,2785,1449000
2011.08.22,8.78,8.9,8.72,8.81,2241,1440000
2011.08.23,8.81,9.11,8.52,9.11,3030,2044900
2011.08.24,9.31,9.31,8.98,9.16,1973,990100
2011.08.25,9.05,9.17,8.85,8.91,2553,2022700
2011.08.26,8.82,9.06,8.68,8.97,1538,999600
2011.08.29,8.97,9.27,8.97,9.27,1891,950400
2011.08.30,9.2,9.57,9.16,9.53,1897,981200
2011.08.31,9.6,9.91,9.37,9.8,2557,1437200
2011.09.01,9.88,9.99,9.7,9.8,3438,1603000
2011.09.02,9.66,9.81,9.51,9.58,3295,1707600
2011.09.05,9.39,9.44,9.09,9.2,1382,556900
2011.09.06,9.06,9.79,8.98,9.78,1868,1200800
2011.09.08,9.96,10.16,9.76,9.94,2569,1624800
2011.09.09,9.89,9.92,9.35,9.54,2531,1334700
2011.09.12,9.48,9.91,9.34,9.91,2664,1497700
2011.09.13,9.94,10.27,9.78,10.25,2700,2879100
2011.09.14,10.36,10.94,10.31,10.77,3423,2498000
2011.09.15,10.77,10.98,10.72,10.94,2815,2524500
2011.09.16,10.93,11,10.62,11,2295,2101500
2011.09.19,10.85,11.24,10.76,11.24,3086,1813800
2011.09.20,11.14,11.29,10.98,11.02,3606,1404600
2011.09.21,11.01,11.85,11.01,11.62,4325,3520000
2011.09.22,11.41,11.62,10.53,11.03,6642,4260800
2011.09.23,11.04,11.45,10.91,11.13,4898,2553800
2011.09.26,11.23,11.35,10.96,11.21,3218,1638100
2011.09.27,11.38,11.6,11.12,11.43,2033,1026900
2011.09.28,11.42,11.9,11.31,11.37,3256,1967400
2011.09.29,11.51,11.81,11.35,11.55,2703,1198500
2011.09.30,11.55,11.71,11.38,11.52,2398,1158800
2011.10.03,11.51,11.66,11.04,11.25,3785,2208200
2011.10.04,11.06,11.19,10.8,11,4071,1836400
2011.10.05,10.85,11.13,10.6,10.74,3956,1940700
2011.10.06,10.95,11.56,10.82,11.26,5172,2973800
2011.10.07,11.55,11.55,10.9,10.91,3635,1459100
2011.10.10,11.04,11.57,10.95,11.57,3349,1873700
2011.10.11,11.47,11.55,11.28,11.43,3136,2429300
2011.10.13,11.62,11.8,11.47,11.57,5826,1989700
2011.10.14,11.6,11.71,11.55,11.58,2115,1376800
2011.10.17,11.56,11.65,11.25,11.39,2123,1513300
2011.10.18,11.44,11.8,11.25,11.65,3538,1416900
2011.10.19,11.75,12.16,11.7,12.08,2950,1185200
2011.10.20,12.13,12.14,11.77,11.85,3074,1168000
2011.10.21,12.1,12.15,11.97,12.07,3303,1224800
2011.10.24,12.14,12.27,12.04,12.13,2768,933400
2011.10.25,12.13,12.26,11.81,12.11,2833,1392200
2011.10.26,12.31,12.32,11.67,11.82,2846,1774000
2011.10.27,12.05,12.22,11.94,12.17,3402,2187700
2011.10.28,12.12,12.14,11.8,11.82,2175,939400
2011.10.31,11.8,11.85,11.49,11.58,3794,1813300
2011.11.01,11.13,11.61,11.12,11.43,3507,1460400
2011.11.03,11.45,11.45,10.86,11,4957,3445100
2011.11.04,10.73,11.35,10.48,11.32,3936,4044800
2011.11.07,11.37,11.73,11.14,11.72,2569,1845900
2011.11.08,11.74,11.74,11.5,11.63,2100,975600
2011.11.09,11.38,11.58,11.28,11.36,3028,1258000
2011.11.10,11.53,11.53,11.27,11.32,1452,1024300
2011.11.11,11.51,11.57,11.27,11.34,2537,1715000
2011.11.14,11.3,11.43,11.28,11.38,1272,797500
2011.11.16,11.53,11.53,11.28,11.36,5207,1505600
2011.11.17,11.32,11.39,10.87,10.98,3076,1069300
2011.11.18,10.96,11.07,10.78,10.96,2548,820500
2011.11.21,10.8,10.98,10.62,10.95,1634,808600
2011.11.22,11.07,11.07,10.74,10.83,2489,929400
2011.11.23,10.79,10.8,10.31,10.35,2499,1173800
2011.11.24,10.33,10.69,10.17,10.68,1496,586300
2011.11.25,10.52,11.07,10.47,10.93,2278,764600
2011.11.28,10.9,11.19,10.9,11.13,3208,1159400
2011.11.29,11.13,11.38,10.96,10.98,3535,1496600
2011.11.30,11.12,11.44,11.02,11.13,6386,1962800
2011.12.01,11.24,11.41,11.07,11.13,2582,901400
2011.12.02,11.23,11.42,11.08,11.11,1865,800500
2011.12.05,11.32,11.36,11,11.13,2685,1093600
2011.12.06,11.11,11.19,10.96,10.99,2522,938800
2011.12.07,11.03,11.03,10.6,10.86,2677,1237800
2011.12.08,10.93,11.06,10.63,10.93,2456,869400
2011.12.09,11.01,11.07,10.87,10.94,1666,692200
2011.12.12,10.87,10.94,10.74,10.8,1571,600700
2011.12.13,10.95,11.18,10.8,10.88,2725,913000
2011.12.14,10.93,11.04,10.62,10.74,5597,1471100
2011.12.15,10.81,10.96,10.59,10.67,2268,879600
2011.12.16,10.8,10.87,10.56,10.62,1120,482400
2011.12.19,10.53,10.85,10.53,10.63,1339,515600
2011.12.20,10.93,10.98,10.69,10.93,2181,1217500
2011.12.21,10.9,11.07,10.84,11.05,2802,1547300
2011.12.22,11.06,11.18,10.95,11.06,2090,833500
2011.12.23,11.19,11.19,11,11.05,1687,922400
2011.12.26,11.07,11.07,10.96,11,396,111300
2011.12.27,10.8,11.27,10.8,11.26,1675,1132000
2011.12.28,11.37,11.38,11.14,11.36,2077,1087500
2011.12.29,11.25,11.4,11.25,11.4,1459,776700
2012.01.02,11.7,11.74,11.46,11.68,1520,1144900
2012.01.03,11.59,11.83,11.59,11.81,2369,1444000
2012.01.04,11.68,11.85,11.5,11.74,4875,2084900
2012.01.05,11.62,11.73,11.47,11.65,2991,831300
2012.01.06,11.7,11.8,11.62,11.69,1590,481900
2012.01.09,11.75,11.84,11.67,11.73,1695,696600
2012.01.10,11.62,11.75,11.43,11.47,2172,1080100
2012.01.11,11.57,11.71,11.54,11.62,1263,522200
2012.01.12,11.73,11.74,11.56,11.61,1832,665700
2012.01.13,11.62,11.71,11.41,11.5,2259,563100
2012.01.16,11.53,11.75,11.45,11.72,662,290900
2012.01.17,11.82,11.84,11.54,11.62,1551,599000
2012.01.18,11.66,11.93,11.6,11.75,2630,897800
2012.01.19,11.85,11.92,11.72,11.77,1887,717200
2012.01.20,11.93,12.04,11.86,11.88,1920,626700
2012.01.23,11.93,11.98,11.71,11.83,1826,452200
2012.01.24,11.88,11.9,11.64,11.68,2236,898000
2012.01.26,11.69,11.85,11.37,11.79,3819,1314000
2012.01.27,11.84,11.9,11.58,11.6,2567,846600
2012.01.30,11.54,11.58,11.43,11.51,3592,1646000
2012.01.31,11.57,11.7,11.48,11.68,3227,915200
2012.02.01,11.8,12.15,11.73,12.08,3859,1201800
2012.02.02,12.08,12.2,11.63,11.68,5133,2071900
2012.02.03,11.71,11.91,11.66,11.76,3693,1383000
2012.02.06,11.81,12.05,11.72,11.99,2021,889200
2012.02.07,11.95,12.19,11.87,12.13,2780,1953100
2012.02.08,12.13,12.17,11.77,11.87,2413,2625700
2012.02.09,11.86,11.9,11.71,11.76,3180,2234900
2012.02.10,11.66,11.97,11.66,11.95,2720,2444100
2012.02.13,11.98,12.17,11.92,12.17,1982,644100
2012.02.14,12.2,12.52,12.2,12.3,3222,1232600
2012.02.15,12.52,13.02,12.4,12.9,7172,4438900
2012.02.16,12.8,12.97,12.72,12.77,4338,1998000
2012.02.17,12.8,12.82,12.58,12.77,3169,1299300
2012.02.22,12.73,12.89,12.73,12.85,1166,443200
2012.02.23,12.75,12.87,12.63,12.77,2876,1026300
2012.02.24,12.75,12.87,12.68,12.73,2575,1468100
2012.02.27,12.71,12.72,12.48,12.56,2132,1026700
2012.02.28,12.46,12.54,12.29,12.31,3065,1819900
2012.02.29,12.2,12.68,12.08,12.65,5735,2682400
2012.03.01,12.54,12.72,12.45,12.67,2487,983600
2012.03.02,12.72,12.87,12.62,12.74,2291,1058300
2012.03.05,12.65,12.74,12.38,12.51,2475,1339200
2012.03.06,12.49,12.49,12.01,12.07,2654,1159300
2012.03.07,12.16,12.29,12.08,12.23,2602,1963000
2012.03.08,12.42,12.6,12.39,12.56,3515,1163300
2012.03.09,12.55,12.79,12.36,12.73,3159,872100
2012.03.12,12.62,13.06,12.62,12.92,4184,1867800
2012.03.13,12.98,13.11,12.81,13.11,4418,1399400
2012.03.14,13.05,13.55,12.96,13.55,5605,2690200
2012.03.15,13.33,13.63,13.33,13.52,2955,1744300
2012.03.16,13.53,13.61,13.24,13.54,2518,1143300
2012.03.19,13.48,13.63,13.44,13.54,1457,770300
2012.03.20,13.38,13.48,13.24,13.38,2017,1013700
2012.03.21,13.35,14.06,13.35,13.92,6947,4680700
2012.03.22,13.75,13.82,13.5,13.8,4486,3067300
2012.03.23,13.76,13.92,13.72,13.89,4011,2166800
2012.03.26,13.95,14.29,13.84,14.26,3793,1761200
2012.03.27,14.25,14.27,14.07,14.17,1756,927200
2012.03.28,14.11,14.19,13.73,14.1,1974,984300
2012.03.29,14.1,14.29,13.96,14.2,5486,2491700
2012.03.30,14.36,14.36,14.02,14.35,3432,2201800
2012.04.02,14.39,14.54,14.15,14.4,3592,3171800
2012.04.03,14.4,14.59,14.2,14.3,5272,2934000
2012.04.04,14.3,15.31,14.3,15,7689,5780800
2012.04.05,14.98,15.19,14.89,15.15,3684,3120400
2012.04.09,15.08,15.08,14.68,15.05,3743,2120000
2012.04.10,15.04,15.15,14.75,15,3644,1939400
2012.04.11,15.12,15.53,14.97,15.51,4544,1988500
2012.04.12,15.54,15.65,15.37,15.65,4148,1860300
2012.04.13,15.53,15.74,15.43,15.6,2467,1042900
2012.04.16,15.65,15.92,15.5,15.73,2298,846600
2012.04.17,15.86,15.86,15.57,15.7,2134,1223100
2012.04.18,15.64,15.87,15.52,15.87,6091,3159500
2012.04.19,15.72,16.3,15.72,16.19,2211,1635700
2012.04.20,16.21,16.21,15.59,15.82,5633,5685600
2012.04.23,15.6,15.79,15.22,15.61,3110,1149300
2012.04.24,15.65,16.09,15.49,16.06,3420,1797400
2012.04.25,16.2,16.47,15.94,15.96,4383,1206400
2012.04.26,16.15,16.22,15.86,15.92,4206,1460200
2012.04.27,15.66,16.21,15.5,15.99,4223,2146300
2012.04.30,15.87,16.13,15.8,16.1,3811,1902000
2012.05.02,15.9,16.06,15.81,15.83,4682,1729300
2012.05.03,15.95,16.12,15.82,15.93,4486,2452200
2012.05.04,15.87,16.01,15.51,15.51,7106,3547600
2012.05.07,15.39,15.75,15.39,15.75,4210,2151100
2012.05.08,15.53,15.63,15.41,15.55,4629,2295000
2012.05.09,15.35,15.71,15.31,15.55,3424,2415100
2012.05.10,15.53,15.76,15.36,15.52,2182,1531800
2012.05.11,15.31,15.52,15.08,15.2,3962,1757200
2012.05.14,14.95,15.3,14.95,15.06,3638,1450100
2012.05.15,14.91,15.39,14.83,15,3865,1909100
2012.05.16,15.19,15.48,14.73,14.78,3055,1323400
2012.05.17,14.96,15.01,14.28,14.5,5339,2009700
2012.05.18,14.22,14.65,14.08,14.51,6129,3861900
2012.05.21,14.52,14.84,14.38,14.75,4252,1502300
2012.05.22,14.5,14.93,14.41,14.68,8836,2999100
2012.05.23,14.54,14.99,14.26,14.55,5519,2022500
2012.05.24,14.49,14.73,14.28,14.3,5904,1581200
2012.05.25,14.44,14.57,13.84,13.97,3855,1430300
2012.05.28,13.98,14.66,13.87,14.4,1988,490400
2012.05.29,14.56,14.56,13.97,14.19,3512,2050800
2012.05.30,14.09,14.32,13.88,14,3962,1372100
2012.05.31,13.92,14.06,13.77,14.06,2968,1487500
2012.06.01,13.89,13.9,13.58,13.7,3073,889600
2012.06.04,13.62,13.82,13.4,13.42,3160,1413300
2012.06.05,13.53,13.58,13.33,13.33,4852,1917000
2012.06.06,13.38,13.92,13.3,13.92,5037,2747500
2012.06.08,13.92,13.92,13.45,13.52,3536,1223300
2012.06.11,13.6,13.65,13.3,13.41,2883,1163900
2012.06.12,13.42,13.73,13.31,13.73,4762,2163300
2012.06.13,13.92,14.03,13.44,13.71,6034,3045400
2012.06.14,13.61,13.84,13.38,13.53,3652,1319900
2012.06.15,13.53,13.63,13.23,13.4,3223,1713500
2012.06.18,13.23,13.56,13.11,13.54,2320,1055800
2012.06.19,13.64,13.75,13.45,13.45,3405,1480900
2012.06.20,13.35,13.52,13.16,13.22,3941,1887500
2012.06.21,13.12,13.18,12.88,13.04,4049,4524100
2012.06.22,13.14,13.48,12.97,13.14,2305,1219200
2012.06.25,12.99,13.07,12.65,12.75,2193,1108300
2012.06.26,12.81,12.92,12.59,12.68,4953,1964500
2012.06.27,12.67,13.02,12.63,12.97,3689,1364200
2012.06.28,12.99,13.25,12.9,13.09,3217,1365000
2012.06.29,13.26,13.43,12.92,13.16,5518,2436000
2012.07.02,12.92,13,12.75,12.97,2825,1124400
2012.07.03,12.88,13.66,12.88,13.6,5899,1864400
2012.07.04,13.54,14,13.31,13.63,3106,1147800
2012.07.05,13.8,13.82,13.21,13.53,4558,4586500
2012.07.06,13.5,13.52,13.05,13.2,4473,2997600
2012.07.10,13.32,13.32,12.51,12.62,5786,3808800
2012.07.11,12.67,12.67,11.55,11.71,9670,6285700
2012.07.12,11.37,12.04,11.3,12.04,7115,4724800
2012.07.13,12.08,12.29,11.77,12.21,3928,2174300
2012.07.16,12.3,12.3,11.97,12.06,4034,1354100
2012.07.17,12.3,12.56,12.2,12.21,6737,4703900
2012.07.18,12.14,12.46,12.08,12.46,3477,1406900
2012.07.19,12.38,12.77,12.31,12.71,3764,1318300
2012.07.20,12.54,12.79,12.46,12.78,3795,1742300
2012.07.23,12.26,12.87,12.26,12.81,4010,1953200
2012.07.24,12.63,12.7,12.39,12.58,4775,2237000
2012.07.25,12.57,12.7,12.24,12.38,2337,1253700
2012.07.26,12.56,12.58,12.16,12.58,4352,2364700
2012.07.27,12.78,12.96,12.35,12.79,9588,3235900
2012.07.30,12.7,12.91,12.5,12.91,2550,970800
2012.07.31,13.21,13.56,12.71,12.95,5553,3266200
2012.08.01,13.1,13.12,12.28,12.38,5723,2898000
2012.08.02,12.33,12.39,11.95,12.07,6033,2708100
2012.08.03,12.21,12.46,12.2,12.38,4541,2355000
2012.08.06,12.38,12.68,12.22,12.59,5348,2222600
2012.08.07,12.72,12.93,12.56,12.91,4967,2919200
2012.08.08,12.94,13.01,12.76,12.98,2809,1329800
2012.08.09,12.72,13.04,12.68,12.91,3111,1240400
2012.08.10,12.95,13.05,12.63,13.05,2334,1197600
2012.08.13,12.86,12.94,12.78,12.83,4160,1054600
2012.08.14,12.78,13.04,12.78,12.89,5354,1804200
2012.08.15,12.86,13.16,12.84,13.1,7178,2361100
2012.08.16,13.2,13.46,13.15,13.36,5233,2752600
2012.08.17,13.33,13.54,13.29,13.52,3213,1149000
2012.08.20,13.58,13.59,13.3,13.45,3617,1703500
2012.08.21,13.62,13.76,13.35,13.51,4366,1378800
2012.08.22,13.55,13.55,13.08,13.19,4631,2049600
2012.08.23,13.26,13.48,13.03,13.16,4397,2668600
2012.08.24,13.2,13.45,13,13.41,3622,1244500
2012.08.27,13.5,13.61,13.37,13.52,5048,2328500
2012.08.28,13.48,13.56,13.32,13.52,3352,1965300
2012.08.29,13.44,13.5,13.16,13.26,4102,1098500
2012.08.30,13.11,13.29,13.11,13.23,2259,1361000
2012.08.31,13.39,13.82,13.12,13.82,4959,2427600
2012.09.03,13.78,13.78,13.53,13.61,2449,793300
2012.09.04,13.61,13.73,13.43,13.59,3091,1052900
2012.09.05,13.65,13.7,13.22,13.26,2901,1168800
2012.09.06,13.31,13.56,13.18,13.56,3899,1272000
2012.09.10,13.6,13.66,13.39,13.45,3369,1162800
2012.09.11,13.31,13.61,13.31,13.37,4066,1073800
2012.09.12,13.5,13.76,13.41,13.76,4426,1405500
2012.09.13,13.62,14.17,13.5,14.09,4861,2210200
2012.09.14,14.23,14.58,13.99,14.14,7448,3423200
2012.09.17,14.14,14.23,13.99,14.08,4629,1761700
2012.09.18,14.01,14.07,13.74,13.74,2591,960600
2012.09.19,13.82,13.97,13.73,13.82,3329,1725100
2012.09.20,13.71,13.8,13.48,13.56,3117,1494100
2012.09.21,13.66,13.73,13.49,13.56,3573,1702200
2012.09.24,13.45,13.48,13.12,13.36,5858,3412700
2012.09.25,13.45,13.54,13.11,13.21,3898,2037000
2012.09.26,13.18,13.29,12.92,13.2,2740,1062000
2012.09.27,13.34,13.5,13.15,13.5,4068,2089400
2012.09.28,13.5,13.56,13.18,13.5,5379,2190600
2012.10.01,13.5,13.75,13.41,13.72,5347,2235400
2012.10.02,13.66,13.84,13.11,13.29,4971,2763600
2012.10.03,13.29,13.29,12.57,12.69,7142,3978700
2012.10.04,12.64,12.99,12.6,12.88,5324,2573000
2012.10.05,12.91,13.5,12.89,13.5,8998,4492200
2012.10.08,13.5,13.54,13.24,13.54,4806,1586000
2012.10.09,13.57,13.7,13.37,13.7,4658,2001600
2012.10.10,13.71,13.91,13.64,13.84,5820,3297500
2012.10.11,13.78,14.27,13.69,14.03,6588,3789100
2012.10.15,14.12,14.22,13.88,13.89,4684,2191200
2012.10.16,14.02,14.26,14,14.19,5653,2131900
2012.10.17,14.13,14.28,13.89,14.07,5137,2026200
2012.10.18,14.1,14.22,13.93,14.16,4127,2952500
2012.10.19,14.27,14.27,13.98,14.17,4772,4569500
2012.10.22,14.14,14.22,13.97,14.08,4634,2025600
2012.10.23,13.96,14.3,13.94,14.29,4051,2476700
2012.10.24,14.66,14.69,14.05,14.07,6853,3757200
2012.10.25,13.94,14.16,13.78,14.01,3686,2229000
2012.10.26,13.76,14.05,13.62,14.05,2641,1312200
2012.10.29,13.9,14.18,13.8,14.06,1162,771400
2012.10.30,13.97,14.22,13.91,14.21,1145,727100
2012.10.31,14.15,14.31,13.84,14.07,4225,1925300
2012.11.01,14.09,14.35,14,14.07,3771,1956600
2012.11.05,13.91,14.19,13.91,14.14,3692,2726900
2012.11.06,14.16,14.4,14.04,14.4,2461,1201700
2012.11.07,14.28,14.4,14.04,14.36,4318,1694500
2012.11.08,14.4,14.48,13.94,14.03,3959,1741100
2012.11.09,14.02,14.27,13.93,14.02,5803,1704700
2012.11.12,13.93,14.12,13.93,14.07,2611,865000
2012.11.13,14.02,14.09,13.74,14.03,2940,929500
2012.11.14,14.02,14.3,13.7,13.83,7827,2778300
2012.11.16,13.75,13.75,13.41,13.65,3899,1505100
2012.11.19,13.46,13.91,13.46,13.69,2682,1263400
2012.11.21,13.78,14.06,13.71,14.05,4735,3217800
2012.11.22,14.08,14.26,13.78,14.13,1652,1501500
2012.11.23,14.12,14.3,13.92,14.25,3779,2450300
2012.11.26,14.11,14.17,13.89,13.91,3659,2213500
2012.11.27,13.94,14.16,13.92,14.05,3327,1918400
2012.11.28,13.95,14,13.5,13.74,4780,2981300
2012.11.29,13.8,13.83,13.02,13.02,5349,3931500
2012.11.30,13.05,13.14,12.84,12.99,13446,9102500
2012.12.03,13.18,13.54,13.09,13.42,6387,1876700
2012.12.04,13.41,13.54,13.21,13.54,4523,1245500
2012.12.05,13.53,13.64,13.35,13.44,4476,1350800
2012.12.06,13.43,13.5,12.43,12.98,12534,7256700
2012.12.07,12.97,13.36,12.84,13.34,3053,793200
2012.12.10,13.31,13.43,13.07,13.43,2589,752300
2012.12.11,13.45,13.6,13.41,13.54,4913,1447800
2012.12.12,13.42,13.54,13,13.34,6957,1617200
2012.12.13,13.24,13.27,12.95,12.98,4085,1708100
2012.12.14,13.05,13.11,12.66,12.66,4437,1716000
2012.12.17,12.74,13.23,12.66,13.23,3733,2404700
2012.12.18,13.5,13.94,13.31,13.94,7563,2282100
2012.12.19,13.67,13.97,13.6,13.84,5825,1542000
2012.12.20,13.69,14.27,13.6,14.27,5027,1491300
2012.12.21,13.81,14.41,13.78,14.37,4282,1981000
2012.12.26,14.22,14.47,14.04,14.37,4502,2075100
2012.12.27,14.36,14.49,14.22,14.23,2722,1222000
2012.12.28,14.41,14.43,14.13,14.39,3696,1355000
2013.01.02,14.5,14.72,14.28,14.65,5967,2098700
2013.01.03,14.64,14.74,14.48,14.49,6517,2314000
2013.01.04,14.49,14.6,14.13,14.26,4629,2157200
2013.01.07,14.15,14.43,13.95,14.3,3756,1242600
2013.01.08,14.08,14.12,13.51,13.7,7092,3413800
2013.01.09,13.67,14.06,13.4,14.03,6606,2262900
2013.01.10,14.02,14.07,13.84,13.99,3642,2006900
2013.01.11,13.94,14.03,13.81,13.83,3159,1304300
2013.01.14,13.97,14.3,13.94,14.19,6466,2432500
2013.01.15,14.14,14.26,14.04,14.18,5628,2051200
2013.01.16,14.18,14.29,14.04,14.14,2379,912400
2013.01.17,14.13,14.13,13.8,14.05,5704,1456900
2013.01.18,14.13,14.27,14,14.12,3112,848000
2013.01.21,14.15,14.38,14.11,14.31,866,354800
2013.01.22,14.32,14.5,14.23,14.31,3495,1321800
2013.01.23,14.28,14.55,14.22,14.55,2685,1141600
2013.01.24,15.91,16.3,15.41,15.84,12684,7945900
2013.01.28,15.93,16.12,15.86,15.91,5499,2203700
2013.01.29,15.93,16.26,15.56,16.09,6221,2503700
2013.01.30,16.07,16.24,15.78,16.21,4380,2712500
2013.01.31,16.16,16.46,15.86,16.38,6044,2502900
2013.02.01,16.44,16.72,16.08,16.33,4377,1447100
2013.02.04,16.32,16.32,15.87,16.3,4582,1871700
2013.02.05,16.14,16.72,16.14,16.58,4567,1860800
2013.02.06,16.57,16.57,16.19,16.55,3922,1610900
2013.02.07,16.54,16.54,15.93,16.27,3546,2125600
2013.02.08,16.1,16.32,15.94,16.02,2539,1239700
2013.02.13,16.2,16.23,15.99,16.06,4130,1232100
2013.02.14,15.88,16.1,15.88,15.96,2131,2566800
2013.02.15,15.97,16.15,15.69,16.05,4684,3077100
2013.02.18,16.03,16.33,15.74,16.01,1498,477600
2013.02.19,16.01,16.3,15.94,16.11,5182,2516200
2013.02.20,16.11,16.28,16.03,16.08,5053,1489200
2013.02.21,16.07,16.19,15.86,16.06,6669,2762500
2013.02.22,15.94,16.49,15.6,16.49,5179,2546400
2013.02.25,16.41,16.72,16.35,16.49,3863,1596400
2013.02.26,16.35,16.5,16.1,16.2,6377,2117900
2013.02.27,16.2,16.79,16.12,16.78,4470,1246200
2013.02.28,17.2,17.27,16.62,16.66,8540,2784300
2013.03.01,16.46,16.85,16.28,16.8,4606,1105700
2013.03.04,16.79,16.92,16.49,16.6,4684,1934000
2013.03.05,16.61,16.82,16.49,16.5,4984,1613900
2013.03.06,16.58,16.77,16.16,16.57,5816,2127000
2013.03.07,16.63,16.68,16.33,16.56,4094,1134800
2013.03.08,16.39,16.92,16.39,16.87,3213,1290100
2013.03.11,16.92,17.35,16.73,17.2,4315,1895100
2013.03.12,17.39,17.4,17.01,17.07,5739,2424700
2013.03.13,17.26,17.64,17.17,17.33,7080,2852100
2013.03.14,17.3,17.6,17,17.12,7847,2787300
2013.03.15,17.16,17.27,16.95,16.95,4036,1996900
2013.03.18,16.98,17.25,16.86,17.2,4616,2142000
2013.03.19,17.35,17.35,16.88,17.11,5097,2063300
2013.03.20,17,17.28,16.89,17.28,4622,1314400
2013.03.21,17.13,17.23,16.99,17.23,4703,1535000
2013.03.22,17.07,17.18,16.85,16.98,3662,984300
2013.03.25,16.83,17.05,16.64,16.78,3608,1354500
2013.03.26,16.71,17.52,16.71,17.48,3673,1953900
2013.03.27,17.52,17.52,17.09,17.28,5087,1553900
2013.03.28,17.32,17.52,17.06,17.52,5457,1964700
2013.04.01,17.54,17.55,16.94,17.01,4859,2639200
2013.04.02,16.96,17.22,16.89,17.04,5272,2126300
2013.04.03,16.97,17.02,16.36,16.46,5669,2447800
2013.04.04,16.58,16.64,16.06,16.36,4963,1725400
2013.04.05,16.17,16.81,16.14,16.7,5781,1689000
2013.04.08,16.62,17.01,16.44,17.01,3883,1207600
2013.04.09,17.03,17.38,16.95,17.37,6006,1669600
2013.04.10,17.37,17.55,17.28,17.52,4637,1558500
2013.04.11,17.42,17.6,17.23,17.5,3251,1084000
2013.04.12,17.43,17.43,16.98,17.09,4193,1406400
2013.04.15,17.01,17.05,16.3,16.36,6323,2571800
2013.04.16,16.6,16.7,16.28,16.41,5729,3123900
2013.04.17,16.19,16.38,15.36,15.57,12534,8429800
2013.04.18,15.57,16.13,15.57,16.09,6196,3064300
2013.04.19,16.24,16.68,15.98,16.49,5936,2151700
2013.04.22,16.54,16.54,16.03,16.42,4596,2039600
2013.04.23,16.45,17.26,16.29,17.26,4916,1638300
2013.04.24,17.12,17.39,16.92,17.13,4521,1845500
2013.04.25,17.01,17.4,16.43,16.46,11867,4735700
2013.04.26,16.51,16.51,15.63,15.95,6768,3135500
2013.04.29,16.01,16.11,15.71,15.98,5474,1526700
2013.04.30,16.16,17.05,16.15,17.05,10063,5845000
2013.05.02,16.8,16.98,16.73,16.83,5744,1389200
2013.05.03,17.07,17.39,16.95,17.33,9361,5478300
2013.05.06,17.18,17.31,16.69,17.02,6023,3646700
2013.05.07,16.77,17.39,16.71,17.39,4111,2347000
2013.05.08,17.39,17.48,17.01,17.41,4832,2537900
2013.05.09,17.27,17.86,17.25,17.75,4739,2720000
2013.05.10,17.75,17.75,17.28,17.51,6340,2477800
2013.05.13,17.43,17.72,17.14,17.55,6006,2082500
2013.05.14,17.4,17.66,17.27,17.66,4825,2219900
2013.05.15,17.61,17.98,17.5,17.76,5093,1994100
2013.05.16,17.83,18.01,17.69,17.96,5437,2475100
2013.05.17,18.04,18.39,17.83,18.29,7647,2362900
2013.05.20,18.15,18.35,18.06,18.35,4471,1406200
2013.05.21,19.21,19.25,18.62,18.74,10102,6322100
2013.05.22,18.87,18.9,18.36,18.47,5296,2928300
2013.05.23,18.43,18.52,18.1,18.24,5291,1427100
2013.05.24,18.21,18.34,17.65,18.26,7005,2937200
2013.05.27,18.35,18.75,18.3,18.45,1981,704000
2013.05.28,18.55,18.6,18.25,18.41,4098,1404600
2013.05.29,18.14,18.5,18.08,18.44,5405,1999500
2013.05.31,18.27,19.34,18.27,18.99,9934,5851700
2013.06.03,18.89,19.02,18.6,18.78,8123,2081200
2013.06.04,18.75,19.03,18.68,18.94,5593,3775800
2013.06.05,18.84,18.85,18.35,18.78,6189,2249100
2013.06.06,18.66,18.92,18.34,18.6,2869,1176200
2013.06.07,18.45,19,18.45,18.75,6453,4557400
2013.06.10,18.8,19.08,18.68,18.85,5368,1992000
2013.06.11,18.75,18.83,18.36,18.44,6151,1798900
2013.06.12,18.48,18.64,18.2,18.31,6188,1981700
2013.06.13,18.42,18.46,18.12,18.37,3761,1956300
2013.06.14,18.45,18.54,18.12,18.2,5663,3330300
2013.06.17,19.39,19.43,18.91,19.38,11891,5628400
2013.06.18,19.34,20.46,19.34,20.33,10429,5368900
2013.06.19,20.38,20.42,19.88,20.33,8200,4098600
2013.06.20,20.16,20.67,19.97,20.63,16377,6387600
2013.06.21,20.46,20.73,19.84,19.91,7756,3300300
2013.06.24,19.91,20.11,19.23,19.44,10733,3026800
2013.06.25,19.67,19.67,19.14,19.18,6157,2146500
2013.06.26,19.27,19.57,19.16,19.47,5454,2051100
2013.06.27,19.48,19.98,19.48,19.8,8957,2999800
2013.06.28,19.93,20.1,19.6,19.95,8426,4587600
2013.07.01,20.24,20.27,19.85,20.27,5655,2738200
2013.07.02,19.94,20.16,19.76,20.02,7262,3502500
2013.07.03,20.08,20.36,19.58,20.02,6301,1839800
2013.07.04,20.17,20.18,19.34,19.7,2768,1274700
2013.07.05,19.66,20.19,19.28,20.03,7424,3120200
2013.07.08,19.96,20.32,19.96,20.05,4813,1706100
2013.07.10,20.32,20.57,20.23,20.4,7136,3210300
2013.07.11,20.53,20.66,20.22,20.51,6052,1678000
2013.07.12,20.41,20.65,20.2,20.62,7374,2066900
2013.07.15,20.67,20.94,20.39,20.87,7338,2441100
2013.07.16,21.03,21.09,20.54,21.01,5968,1627700
2013.07.17,21.16,21.16,20.72,20.87,6964,2593000
2013.07.18,20.89,21.05,20.67,20.94,5146,3238400
2013.07.19,20.88,21.07,20.73,20.94,5369,1234700
2013.07.22,20.96,21.28,20.91,21.11,3615,1138700
2013.07.23,21.27,21.27,20.3,20.58,7184,5197400
2013.07.24,20.51,20.95,20.16,20.3,7284,5472700
2013.07.25,20.23,20.42,19.99,20.42,6455,3918200
2013.07.26,20.28,20.33,19.09,19.28,8597,4398500
2013.07.29,19.24,19.68,19.14,19.68,3263,1667100
2013.07.30,19.67,19.76,19.13,19.26,5521,3188600
2013.07.31,19.14,19.36,18.71,18.89,6101,3819000
2013.08.01,18.81,19.08,18.56,19.08,8609,3362300
2013.08.02,19.08,19.38,18.74,18.83,5223,3436700
2013.08.05,18.96,18.96,18.6,18.64,6689,2166400
2013.08.06,18.7,18.7,18.22,18.24,9059,3260200
2013.08.07,18.26,18.47,18.14,18.2,6790,1983600
2013.08.08,18.24,18.62,18,18.62,8103,2783900
2013.08.09,18.7,18.74,18.23,18.58,7584,2290000
2013.08.12,18.73,18.83,18.41,18.69,7517,2022000
2013.08.13,18.54,18.77,18.5,18.63,5525,1365500
2013.08.14,18.63,18.69,18.16,18.28,9426,3349200
2013.08.15,18.12,18.2,17.79,17.9,10490,3754800
2013.08.16,17.81,18.83,17.72,18.71,10376,4827300
2013.08.19,18.6,19.78,18.52,19.78,9822,4073300
2013.08.20,19.68,19.72,19.22,19.22,9999,3242900
2013.08.21,19.18,19.89,19.01,19.72,7244,2899300
2013.08.22,19.72,19.89,19.3,19.64,4630,1658300
2013.08.23,19.28,19.57,18.99,19.29,6132,2503600
2013.08.26,19.3,19.55,19.09,19.28,5096,1569600
2013.08.27,19.08,19.48,18.57,18.8,6658,3462000
2013.08.28,18.6,18.98,18.25,18.49,5995,1910900
2013.08.29,18.54,18.84,18.39,18.77,6027,1887000
2013.08.30,18.79,19.1,18.53,19.07,4860,2331700
2013.09.02,19.27,19.86,18.73,18.94,7404,1531000
2013.09.03,18.83,19.29,18.78,18.85,7213,2859000
2013.09.04,18.81,19.16,18.61,18.92,4165,1679500
2013.09.05,18.99,19.19,18.77,19.19,4403,1587500
2013.09.06,19.23,19.31,18.81,19.16,5957,3205200
2013.09.09,19.03,19.89,19.03,19.58,9491,3142700
2013.09.10,19.69,20.22,19.55,19.98,9649,3803000
2013.09.11,19.96,20.02,19.43,19.57,7244,4404600
2013.09.12,19.67,19.68,18.47,18.59,12427,7463300
2013.09.13,18.59,18.64,18.01,18.14,7902,3788500
2013.09.16,18.2,18.38,17.96,18.2,11636,2925500
2013.09.17,18.29,18.34,17.96,18.14,6035,1655900
2013.09.18,18.14,18.19,17.54,17.7,8874,4735600
2013.09.19,17.9,17.95,17.39,17.72,11762,4688300
2013.09.20,17.72,17.9,17.66,17.66,4943,1806200
2013.09.23,17.74,17.89,17.52,17.59,5339,1939100
2013.09.24,17.66,17.68,17.32,17.51,4223,1526400
2013.09.25,17.49,18.04,17.49,18.01,5687,2039500
2013.09.26,17.87,18.21,17.74,17.87,4668,1454700
2013.09.27,17.84,18.24,17.84,18.13,5379,2784500
2013.09.30,18.05,18.06,17.36,17.38,9866,3150700
2013.10.01,17.54,18.13,17.39,18.01,10222,2770600
2013.10.02,17.84,18.01,17.64,17.82,5730,1356800
2013.10.03,17.95,17.99,17.75,17.84,4479,2644100
2013.10.04,17.85,18.17,17.77,18.11,3482,2319800
2013.10.07,18.12,18.48,17.94,18.28,5820,1674500
2013.10.08,18.33,18.43,18.09,18.34,6464,2175000
2013.10.09,18.46,18.46,17.75,17.97,10046,3826700
2013.10.10,17.99,18.29,17.89,18.18,9514,3598000
2013.10.11,18.17,18.61,18.1,18.58,6906,2240800
2013.10.14,18.58,18.68,18.38,18.54,7614,3104300
2013.10.15,18.56,18.56,17.46,17.74,14817,5959900
2013.10.16,17.78,17.86,17.22,17.38,13642,5501400
2013.10.17,17.27,17.55,16.96,16.99,7008,2280800
2013.10.18,17.01,17.44,17.01,17.17,4273,1383200
2013.10.21,17.07,17.43,17.06,17.16,4843,1080200
2013.10.22,17.14,17.33,16.99,17.3,5564,2095100
2013.10.23,17.14,17.98,17.08,17.83,10153,2835000
2013.10.24,17.85,17.95,17.51,17.65,9284,1946600
2013.10.25,17.69,17.69,17.2,17.2,4853,2322900
2013.10.28,17.24,17.45,17.07,17.36,3623,1195000
2013.10.29,17.2,17.2,16.2,16.24,10256,4509700
2013.10.30,16.31,16.47,16,16.08,8439,2885700
2013.10.31,15.88,16.08,15.28,15.94,15242,6578700
2013.11.01,16.1,16.6,16.01,16.34,9997,3227500
2013.11.04,16.14,16.52,15.91,16.12,7092,3329800
2013.11.05,16.12,16.92,16.07,16.78,12742,7386800
2013.11.06,16.68,16.69,16.19,16.29,9205,3141100
2013.11.07,16.1,17,15.98,16.87,8622,2892600
2013.11.08,16.78,17.3,16.65,17.17,8265,2847300
2013.11.11,17.09,17.51,16.92,17.32,7734,1987600
2013.11.12,17.35,17.74,17.01,17.65,11586,3478000
2013.11.13,17.66,17.76,17.36,17.72,6389,2397800
2013.11.14,17.9,17.9,17.42,17.47,6706,3776500
2013.11.18,17.5,17.77,17.11,17.7,5846,1856200
2013.11.19,17.68,17.81,17.07,17.24,9735,2778300
2013.11.21,16.94,17.63,16.93,17.36,10795,3096800
2013.11.22,17.23,17.49,17.12,17.21,5046,1166400
2013.11.25,17.32,17.55,17.21,17.29,3897,1448900
2013.11.26,17.29,17.4,16.8,16.92,5451,1909000
2013.11.27,17.02,17.52,16.96,17.52,4523,1336400
2013.11.28,17.72,17.72,17.4,17.72,3403,895400
2013.11.29,17.74,17.82,17.48,17.68,3853,1238000
2013.12.02,17.54,17.98,17.36,17.48,5690,1784000
2013.12.03,17.38,17.72,17.24,17.41,5288,1682400
2013.12.04,17.31,17.41,16.87,16.95,4081,1594000
2013.12.05,16.96,17.32,16.68,16.8,6698,1789200
2013.12.06,16.93,17.11,16.77,16.98,4669,1828200
2013.12.09,17.07,17.24,16.81,17.12,3675,1096000
2013.12.10,17.07,17.32,16.78,16.96,4517,1304900
2013.12.11,17.01,17.4,16.85,17.25,5859,1833600
2013.12.12,17.86,18.33,17.31,17.31,13438,4844400
2013.12.13,17.45,17.93,17.45,17.8,8487,2877000
2013.12.16,17.94,18.16,17.74,18.05,7030,1956500
2013.12.17,18.09,18.48,17.94,18.15,6958,2631400
2013.12.18,18.32,18.56,18,18,6272,2545800
2013.12.19,18.06,18.51,17.69,17.83,6435,2252100
2013.12.20,17.93,18.44,17.92,18.43,4840,1925000
2013.12.23,18.42,18.52,18.22,18.22,4391,1304300
2013.12.26,18.51,18.56,18.23,18.43,6891,2226300
2013.12.27,18.43,18.71,18.43,18.47,4691,1516300
2013.12.30,18.6,18.71,18.38,18.51,5476,1975900
2014.01.02,18.71,18.96,18.33,18.82,9973,2424200
2014.01.03,18.82,19.03,18.56,18.74,9705,5282500
2014.01.06,18.85,18.96,18.47,18.72,8152,2708500
2014.01.07,18.91,19.04,18.63,18.92,7444,2310800
2014.01.08,18.96,19.16,18.79,19.02,8545,2441500
2014.01.09,19.15,19.15,18.52,18.72,9667,5322600
2014.01.10,18.72,18.96,18.45,18.67,7920,3415500
2014.01.13,18.81,19.24,18.72,18.92,5848,3383300
2014.01.14,18.83,19.53,18.79,19.46,6699,2005100
2014.01.15,19.52,19.88,19.31,19.66,7194,2558800
2014.01.16,19.87,20.13,19.64,19.89,5606,2779700
2014.01.17,19.81,20.06,19.45,19.45,3626,1384800
2014.01.20,19.23,19.61,19.11,19.12,3482,1203100
2014.01.21,19.02,19.42,18.9,19.27,8740,3173100
2014.01.22,19.33,19.68,19.32,19.39,5705,2147300
2014.01.23,19.54,19.57,19.13,19.32,8498,2909000
2014.01.24,19.5,19.61,18.73,18.88,7685,2751000
2014.01.27,18.67,18.72,18.32,18.53,7538,2876900
2014.01.28,18.82,19.02,18.57,18.9,6092,2314300
2014.01.29,18.72,18.96,18.59,18.62,5767,2269100
2014.01.30,18.53,18.85,18.18,18.18,6370,2319600
2014.01.31,17.91,18.47,17.91,18.01,7223,2928700
2014.02.03,18.03,18.41,17.79,17.9,6274,2251800
2014.02.04,17.93,18.27,17.77,18.22,6799,2662000
2014.02.05,18.14,18.48,17.9,18.17,5539,2741100
2014.02.06,18.17,18.45,17.88,18.37,6538,2979400
2014.02.07,18.18,19,18.05,18.77,6589,2038400
2014.02.10,18.57,18.84,18.48,18.58,6749,1927800
2014.02.11,18.77,19.18,18.29,19.07,6405,1591400
2014.02.12,19.28,19.35,18.9,19.27,6844,1809500
2014.02.13,19.49,19.78,19.23,19.73,7796,2046600
2014.02.14,19.71,19.78,19.39,19.61,4503,928200
2014.02.17,19.61,19.61,19.27,19.27,2425,592400
2014.02.18,19.11,19.61,18.97,19.08,6537,1704500
2014.02.19,18.99,19.47,18.99,19.47,6374,1519100
2014.02.20,19.41,19.63,19.11,19.11,5859,1517000
2014.02.21,19.11,19.47,19.05,19.3,5731,1420300
2014.02.24,19.12,19.67,19.12,19.51,4954,1734100
2014.02.25,19.42,19.89,19.38,19.54,8165,2116800
2014.02.26,19.98,20.72,19.98,20.36,9240,5019800
2014.02.27,20.5,20.92,20.47,20.72,5650,1751600
2014.02.28,20.72,20.82,20.29,20.52,12470,3825700
2014.03.05,20.37,20.89,20.25,20.27,5262,1925800
2014.03.06,20.19,20.41,19.95,19.99,8970,4177600
2014.03.07,20.35,20.35,19.82,20.03,9086,1876700
2014.03.10,19.84,20.09,19.75,19.89,6535,1450800
2014.03.11,19.97,20,19.64,19.85,6877,1785400
2014.03.12,19.71,19.93,19.69,19.86,5949,1320500
2014.03.13,19.96,20.02,19.13,19.22,5870,1803100
2014.03.14,19.26,19.4,19.06,19.07,4450,1121200
2014.03.17,19.04,19.44,19.04,19.29,4208,1149700
2014.03.18,19.35,19.65,19.18,19.65,6711,1460000
2014.03.19,19.69,19.71,19.38,19.53,7262,1330300
2014.03.20,19.4,19.65,19.25,19.41,7204,1294200
2014.03.21,19.26,19.75,19.21,19.43,5362,1632000
2014.03.24,19.59,19.59,19.25,19.35,6273,1690100
2014.03.25,19.52,19.66,19.27,19.66,6893,1674000
2014.03.26,19.94,20.03,19.52,19.61,6562,1507300
2014.03.27,19.68,20.05,19.52,19.8,13470,3668400
2014.03.28,19.95,20.19,19.61,19.71,8225,2357100
2014.03.31,19.83,19.99,19.7,19.88,5232,1578900
2014.04.01,19.84,20,19.75,20,3460,1151600
2014.04.02,20.03,20.15,19.9,19.91,7037,2142900
2014.04.03,20.05,20.08,19.75,19.9,4959,959800
2014.04.04,20.1,20.11,19.43,19.55,6406,1727800
2014.04.07,19.71,19.71,18.88,19.01,7102,2049100
2014.04.08,19.35,19.42,18.76,18.9,10809,2861600
2014.04.09,18.84,19.18,18.59,19.02,7739,1924900
2014.04.10,19.13,19.27,18.73,18.93,6328,1684500
2014.04.11,18.77,19.03,18.7,18.99,5777,1942900
2014.04.14,18.97,18.97,18.55,18.62,5489,1136500
2014.04.15,18.66,18.69,18.19,18.54,9131,2189800
2014.04.16,18.67,19.16,18.56,18.95,7093,1961300
2014.04.17,18.94,19.26,18.94,19.15,6302,1441500
2014.04.22,19.34,19.36,18.51,18.6,8307,2569400
2014.04.23,18.57,18.9,18.46,18.82,5394,1948800
2014.04.24,18.96,18.96,18.54,18.7,3836,915100
2014.04.25,18.66,18.94,18.55,18.8,7307,2677100
2014.04.28,18.67,18.89,18.29,18.52,3910,2053800
2014.04.29,18.63,19.13,18.59,19.03,6747,3489000
2014.04.30,19.16,19.47,18.73,19.02,8914,2660000
2014.05.02,19.01,19.27,18.89,18.94,8306,3488900
2014.05.05,19.14,19.19,18.89,19.07,4197,1359700
2014.05.06,19.07,19.26,18.98,19.13,7255,2186200
2014.05.07,19.32,19.38,18.99,19.1,7136,2007600
2014.05.08,19.1,19.27,18.91,19.03,7200,1706000
2014.05.09,19.02,19.14,18.7,18.7,3250,719400
2014.05.12,18.81,18.99,18.72,18.93,2746,860000
2014.05.13,18.94,18.98,18.69,18.78,5838,1471300
2014.05.14,18.77,18.92,18.59,18.64,4763,2037000
2014.05.15,18.6,18.85,18.46,18.46,9390,2237600
2014.05.16,18.53,18.75,18.32,18.48,5755,1136700
2014.05.19,18.62,18.62,18.25,18.36,4259,1036900
2014.05.20,18.49,18.83,18.44,18.49,13123,3526900
2014.05.21,18.54,18.77,18.45,18.52,9355,2957900
2014.05.22,18.55,18.89,18.55,18.87,5335,1728600
2014.05.23,18.89,19.33,18.83,19.19,4659,1280700
2014.05.26,19.25,19.48,19.23,19.45,1922,537000
2014.05.27,19.53,19.66,19.3,19.59,5905,1516800
2014.05.28,19.63,19.82,19.63,19.74,5021,1266400
2014.05.29,19.79,19.96,19.69,19.73,3999,964400
2014.05.30,19.59,20.1,19.58,20.1,8586,5428400
2014.06.02,20.15,20.54,20.04,20.43,5026,1958800
2014.06.03,20.52,20.65,20.32,20.61,6839,1970400
2014.06.04,20.5,20.7,20.37,20.7,5216,1741800
2014.06.05,20.82,20.84,20.44,20.5,5920,1561800
2014.06.06,20.75,20.85,20.31,20.4,9734,2298400
2014.06.09,20.4,20.72,20.22,20.7,7212,2395700
2014.06.10,20.55,20.82,20.5,20.77,4775,1446000
2014.06.11,20.95,20.95,20.43,20.58,4933,2040500
2014.06.13,20.31,20.33,19.96,20.01,5665,2254500
2014.06.16,20.05,20.19,19.86,20.1,3419,1144400
2014.06.17,20.22,20.5,20.06,20.5,3181,1095300
2014.06.18,20.52,20.65,20.22,20.62,8387,2089800
2014.06.20,20.3,20.35,19.9,20.01,4270,1634800
2014.06.23,20.01,20.08,19.79,19.95,2496,609600
2014.06.24,20.08,20.24,19.87,19.95,3301,827600
2014.06.25,19.88,20.12,19.66,19.66,5302,1369500
2014.06.26,19.69,19.79,19.54,19.59,4749,1201400
2014.06.27,19.58,19.63,19.42,19.42,2459,776800
2014.06.30,19.43,19.95,19.35,19.95,4456,1064300
2014.07.01,20.14,20.19,19.82,20.19,2993,767000
2014.07.02,20.24,20.45,20.02,20.27,4678,1148400
2014.07.03,20.17,20.84,20.17,20.84,3029,1081900
2014.07.04,20.85,21.03,20.64,21,802,213900
2014.07.07,21.14,21.14,20.35,20.98,3410,1129600
2014.07.08,20.86,20.99,20.35,20.39,3143,932500
2014.07.10,20.74,21.04,20.43,21.04,6704,1718000
2014.07.11,21.04,21.24,20.83,21.12,6361,1535000
2014.07.14,21.3,22.18,21.25,21.8,16410,4236200
2014.07.15,21.98,22.06,21.3,21.47,7037,1912800
2014.07.16,21.55,21.73,20.96,21.12,5066,1586100
2014.07.17,21.08,21.87,20.97,21.47,8960,2732100
2014.07.18,22.1,22.15,21.15,21.19,9664,2718400
2014.07.21,21.34,21.5,21.03,21.45,7242,2498200
2014.07.22,21.54,21.73,21.43,21.53,6106,1635900
2014.07.23,21.4,21.66,21.28,21.6,4110,1002700
2014.07.24,21.62,21.82,21.52,21.79,3682,1375500
2014.07.25,21.81,21.81,21.47,21.47,2617,858700
2014.07.28,21.74,21.74,21.05,21.45,4549,1688800
2014.07.29,21.46,21.65,20.98,21.19,3895,1505400
2014.07.30,21.34,21.51,21.25,21.35,3537,1670400
2014.07.31,21.66,21.7,20.99,21.3,9932,2737700
2014.08.01,21.31,21.6,21.11,21.6,7579,1769300
2014.08.04,21.6,21.7,21.13,21.5,5637,1762500
2014.08.05,21.6,21.6,20.9,20.98,5903,1513400
2014.08.06,21,21.09,20.71,20.95,6163,1530700
2014.08.07,20.99,21.35,20.98,21.16,3725,1421700
2014.08.08,21.01,21.64,21.01,21.58,4526,2048400
2014.08.11,21.7,21.95,21.58,21.74,5519,2749300
2014.08.12,21.68,21.95,21.48,21.81,3998,1868400
2014.08.13,21.93,22.03,21.46,22,10555,2537600
2014.08.14,21.85,22.07,21.74,21.83,3360,918700
2014.08.15,21.97,22.11,21.56,21.66,3993,1113900
2014.08.18,21.8,22.03,21.64,22.01,4660,1160600
2014.08.19,22.03,22.23,21.94,22.03,3946,1158500
2014.08.20,22.19,22.29,22.05,22.15,4127,1338200
2014.08.21,22.15,22.48,22.14,22.48,6782,1818500
2014.08.22,22.43,22.49,22.1,22.23,3468,1027600
2014.08.25,22.45,22.47,22.25,22.47,5516,1532700
2014.08.26,22.68,22.68,22.03,22.04,5604,1688000
2014.08.27,22.19,22.22,21.53,21.53,6501,2464600
2014.08.28,21.65,21.83,21.24,21.24,6575,2085200
2014.08.29,21.3,21.56,21.05,21.56,7877,2933300
2014.09.01,21.69,21.7,21.09,21.09,3452,701500
2014.09.02,21.1,21.7,21.1,21.53,5493,1718800
2014.09.03,21.52,21.62,21.29,21.52,4876,1380500
2014.09.04,21.37,21.84,21.25,21.74,4966,1497100
2014.09.05,21.87,22.08,21.68,21.71,4165,1384600
2014.09.08,21.96,21.97,21.65,21.77,7856,1823400
2014.09.09,21.3,21.79,21.3,21.74,5837,2027900
2014.09.10,21.6,22.52,21.5,22.43,8219,2679300
2014.09.11,22.62,22.7,22.38,22.56,7030,2118600
2014.09.12,22.23,23.09,22.06,22.83,11975,4262000
2014.09.15,22.82,23.24,22.67,23.22,7499,2059200
2014.09.16,23.1,23.43,22.91,23.03,10288,2451300
2014.09.17,23.02,23.35,22.95,23.32,6053,1924900
2014.09.18,23.17,23.58,23.13,23.29,8160,2352400
2014.09.19,23.34,23.48,23.2,23.36,5982,2182200
2014.09.22,23.14,23.29,22.79,23.02,6753,1494400
2014.09.23,22.86,23.24,22.82,22.87,5669,1750900
2014.09.24,22.62,22.87,22.51,22.73,6333,1955300
2014.09.25,22.56,22.92,22.54,22.69,5152,1703200
2014.09.26,22.77,23.35,22.68,23.26,6705,1734100
2014.09.29,22.6,23.64,22.58,23.57,10249,3686400
2014.09.30,23.32,23.91,23.32,23.91,11524,4429600
2014.10.01,23.84,24.19,23.6,24.16,14424,4491300
2014.10.02,23.96,24.08,23.35,23.57,9147,2759400
2014.10.03,23.46,23.58,23.07,23.46,7803,3619900
2014.10.06,23.42,23.65,21.91,23.1,16511,4652000
2014.10.07,23.55,23.61,22.32,22.44,10879,3103900
2014.10.08,22.72,22.75,22.14,22.75,9751,4518000
2014.10.09,23.17,23.17,22.28,22.39,6884,2450800
2014.10.10,22.33,22.52,21.73,21.86,6139,1641600
2014.10.13,22.26,22.26,20.86,20.89,10276,2942000
2014.10.14,20.96,21.74,20.75,21.55,10088,4134400
2014.10.15,21.75,21.75,20.34,21.02,14111,4539500
2014.10.16,20.45,21.76,20.45,21.44,8957,3153000
2014.10.17,21.44,22.1,21.44,21.9,7736,2983000
2014.10.20,21.87,22.1,21.38,21.75,5668,1654200
2014.10.21,21.16,22.52,21.16,22.2,18569,4031600
2014.10.22,22.27,22.69,21.87,22.05,9698,2994500
2014.10.23,21.76,22.55,21.53,22.37,16118,4444300
2014.10.24,22.21,22.67,21.91,22.36,10584,3076600
2014.10.27,22.44,23.82,21.51,23.12,29641,7658800
2014.10.28,23.46,23.46,22.5,23.1,12640,4044500
2014.10.29,22.67,23.03,22.67,22.94,6606,2096800
2014.10.30,22.72,22.82,22.26,22.57,10585,3203300
2014.10.31,22.41,23.76,22.41,23.76,8588,2795800
2014.11.03,23.47,23.5,22.87,23.5,8543,2305500
2014.11.04,23.53,23.95,23.34,23.77,7862,1896400
2014.11.05,23.75,24.34,23.49,23.87,6492,2199500
2014.11.06,23.26,24.43,23.11,23.97,8502,2941300
2014.11.07,23.87,24.13,23.83,24.04,5366,1730000
2014.11.10,23.96,24.07,22.78,23.05,11405,4335800
2014.11.11,22.89,23.82,22.72,23.79,7072,3037500
2014.11.12,23.88,24.04,23.49,23.86,5463,2506700
2014.11.13,24.15,24.15,23.61,23.95,4349,1565400
2014.11.14,23.98,24.15,23.53,23.67,3714,1088800
2014.11.17,23.54,23.96,23.43,23.77,3154,876900
2014.11.18,23.94,24.54,23.78,24.54,6651,1899300
2014.11.19,24.46,24.46,24.03,24.28,10826,3178300
2014.11.21,23.78,24.14,23.22,23.44,16088,4509900
2014.11.24,23.81,23.82,23.02,23.02,11078,2479700
2014.11.25,23.24,23.34,22.84,22.87,5332,1883200
2014.11.26,23.11,23.19,22.55,22.84,7338,1695200
2014.11.27,22.99,23.16,22.53,22.97,3983,1123400
2014.11.28,22.84,23.66,22.81,23.41,5476,1862300
2014.12.01,23.32,23.42,22,22.22,9835,2560400
2014.12.02,22.34,22.57,21.92,22.39,7524,1716600
2014.12.03,22.57,22.84,22.21,22.66,2992,714600
2014.12.04,22.77,22.93,22.21,22.76,4176,1032000
2014.12.05,22.64,23.11,22.38,22.97,3666,1004000
2014.12.08,22.87,23.27,22.35,22.53,7844,2121900
2014.12.09,22.43,23.27,22.43,23.22,8623,2884000
2014.12.10,23.22,23.57,22.95,23.35,5893,1429000
2014.12.11,23.52,23.95,23.21,23.91,10584,3083700
2014.12.12,23.61,23.65,23.01,23.08,9747,2640800
2014.12.15,23.64,23.75,22.57,22.84,9569,2538300
2014.12.16,22.18,23.73,22.08,23.5,10211,3521600
2014.12.17,23.53,24,23.01,23.73,15768,4057100
2014.12.18,23.58,24.24,23.38,23.88,6505,1807600
2014.12.19,24.28,24.39,23.88,24.05,3775,1951900
2014.12.22,23.89,24.48,23.89,24.44,3980,882100
2014.12.23,24.38,25.14,24.21,25.14,4293,1172000
2014.12.26,24.98,25.44,24.4,24.42,2085,478800
2014.12.29,24.49,24.8,24.27,24.63,3175,1333300
2014.12.30,24.48,24.77,24.19,24.32,2779,1804400
2015.01.02,24.34,25.41,24.14,24.73,7837,3208500
2015.01.05,24.73,24.89,24.15,24.18,8352,3926300
2015.01.06,24.24,24.33,23.39,23.74,8283,2207000
2015.01.07,23.82,24.06,23.2,23.56,8845,2205300
2015.01.08,23.88,23.88,22.73,22.88,5231,2269800
2015.01.09,22.83,23.04,22.54,22.68,6969,1869300
2015.01.12,22.68,22.93,22.41,22.79,6773,1684100
2015.01.13,22.73,23.08,22.44,22.5,5625,1572000
2015.01.14,22.18,22.18,21.23,21.29,10935,4666400
2015.01.15,21.39,21.84,21.24,21.46,6923,2678900
2015.01.16,21.34,21.72,21.09,21.24,7357,2088800
2015.01.19,21.23,21.46,21.07,21.24,4105,735700
2015.01.20,21.64,21.64,20.94,21.12,4883,1289300
2015.01.21,21.29,21.99,21.11,21.99,7886,2808200
2015.01.22,22.18,22.27,21.88,22.1,7275,2350000
2015.01.23,21.94,22.98,21.82,22.83,5799,2151200
2015.01.26,22.67,22.93,22.38,22.85,7343,1986400
2015.01.27,22.64,22.92,22.41,22.88,6472,1650300
2015.01.28,23.12,23.12,22.46,22.73,5284,1103000
2015.01.29,22.65,23.16,22.54,22.98,6930,2569200
2015.01.30,22.91,23.68,22.88,23.62,7577,3723300
2015.02.02,23.44,23.85,23.44,23.62,7460,2403200
2015.02.03,23.95,24.15,23.64,24.13,5824,1898500
2015.02.04,24.13,24.86,23.72,24.59,8098,2726400
2015.02.05,24.63,24.76,23.99,24.2,5146,1610500
2015.02.06,24.08,24.6,23.75,24.56,7242,2601600
2015.02.09,24.49,24.63,24.14,24.39,3338,1222000
2015.02.10,24.16,25.02,24.03,24.88,5439,1806000
2015.02.11,24.71,25.65,24.61,25.36,8805,2274000
2015.02.12,25.8,26.15,25.34,25.63,10255,4169600
2015.02.13,25.63,25.67,25.2,25.48,5778,2357900
2015.02.18,25.7,26.1,25.57,25.68,7340,3115700
2015.02.19,25.6,26.02,25.34,25.78,3772,1111500
2015.02.20,26.02,26.26,25.68,26.14,4032,1148700
2015.02.23,25.98,26.42,25.91,26.12,5873,1630400
2015.02.24,25.99,26.07,25.38,25.48,8105,3474500
2015.02.25,25.43,25.8,25.43,25.59,6841,2564700
2015.02.26,25.73,25.98,25.44,25.98,4107,1678200
2015.02.27,25.98,26.05,24.7,24.78,14042,5041100
2015.03.02,24.54,25.44,24.4,25.44,8768,2625000
2015.03.03,25.48,25.58,25.08,25.48,8179,3112700
2015.03.04,25.09,25.98,25.09,25.53,10185,3973700
2015.03.05,23.88,24.47,22.06,24.38,29502,12576400
2015.03.06,23.98,25.12,23.79,25.11,15492,5383000
2015.03.09,24.88,25.64,24.78,25.38,14462,3615900
2015.03.10,25.27,25.29,24.7,24.7,12097,3000000
2015.03.11,25.02,25.2,24.7,25.08,13194,3173100
2015.03.12,25.38,25.38,24.44,24.88,8130,2950400
2015.03.13,24.47,25.14,24.46,24.71,13612,3324200
2015.03.16,25.08,25.08,24.5,24.83,7385,1839800
2015.03.17,24.92,25.32,24.79,24.82,7641,2059400
2015.03.18,25.21,25.51,24.72,25.15,8517,2422800
2015.03.19,25.15,25.65,24.91,25.49,4909,1907200
2015.03.20,25.73,25.98,25.2,25.55,8922,2831800
2015.03.23,25.61,25.88,24.79,24.89,10388,2470800
2015.03.24,24.88,24.88,24.01,24.01,8566,2313200
2015.03.25,24.42,24.53,23.89,24.12,7042,1924900
2015.03.26,23.94,24.18,23.89,23.98,9937,2537200
2015.03.27,23.81,24.69,23.77,24.27,6649,1589000
2015.03.30,24.47,25.29,24.37,24.89,5758,1837800
2015.03.31,24.87,24.98,24.39,24.47,7784,2014400
2015.04.01,24.72,24.72,24.13,24.23,10917,2607800
2015.04.02,24.12,24.69,24.12,24.28,8004,2370200
2015.04.06,24.67,24.67,24.19,24.35,6928,1804600
2015.04.07,24.37,24.67,24.06,24.17,6392,2216100
2015.04.08,24.42,24.43,23.92,23.95,9019,2782300
2015.04.09,23.9,24.12,23.65,24.12,9411,3598800
2015.04.10,24.12,24.46,24.07,24.09,7732,2529100
2015.04.13,24.05,24.5,23.95,24.17,6226,2248900
2015.04.14,24.34,24.34,23.93,24.1,5445,2546900
2015.04.15,24.34,24.44,23.95,23.95,8120,2092200
2015.04.16,23.92,24.05,22.93,23.24,7875,2254600
2015.04.17,23.29,23.29,22.78,23.14,5230,1364800
2015.04.20,22.98,23.46,22.98,23.31,3920,919200
2015.04.22,23.51,23.8,22.92,22.92,5659,1628000
2015.04.23,22.92,23.21,22.85,22.95,8068,1525500
2015.04.24,23.1,23.14,22.57,22.57,5003,1256700
2015.04.27,22.68,22.99,22.29,22.37,4559,1524700
2015.04.28,22.54,22.65,22,22.65,7258,1974600
2015.04.29,22.63,22.75,22.28,22.46,7052,1950200
2015.04.30,22.25,23.72,22.25,23.44,11809,5720000
2015.05.04,23.44,23.88,23.34,23.54,5760,1706600
2015.05.05,23.44,23.76,23.07,23.76,6549,2099500
2015.05.06,23.68,23.88,23.28,23.29,7989,3027700
2015.05.07,23.48,23.49,23.02,23.19,3780,1189500
2015.05.08,23.4,23.45,23.11,23.35,4652,2447100
2015.05.11,23.19,23.71,23.19,23.59,6440,2660900
2015.05.12,23.42,23.82,23,23.07,7163,1889500
2015.05.13,22.98,23.23,22.76,23.09,7829,2275500
2015.05.14,23.15,23.19,22.86,22.86,8242,2785600
2015.05.15,23.06,23.22,22.74,23.22,7947,2040700
2015.05.18,23.23,23.43,22.84,22.88,8512,2916900
2015.05.19,23.04,23.81,22.92,23.78,10044,2831100
2015.05.20,23.54,24.07,23.43,23.7,7549,2356700
2015.05.21,24.04,24.37,23.8,24.36,8565,2213300
2015.05.22,24.37,25.25,24.36,25.09,13606,3845600
2015.05.25,24.94,25.37,24.82,25.14,4735,1384600
2015.05.26,24.94,25.17,24.25,24.35,10368,2588500
2015.05.27,24.29,24.43,23.76,24,11078,2394300
2015.05.28,23.88,24.52,23.88,24.52,9393,2581400
2015.05.29,24.38,24.38,23.79,23.8,8464,2732500
2015.06.01,23.63,23.87,23.45,23.59,5646,1495600
2015.06.02,23.6,24.09,23.55,24.06,5383,1388200
2015.06.03,24.2,24.21,23.5,23.94,6670,1504500
2015.06.05,23.52,24.06,23.39,23.5,7407,1811900
2015.06.08,23.65,23.76,23.24,23.27,5846,1503100
2015.06.09,23.3,23.41,22.84,23.01,5042,1906700
2015.06.10,23.14,23.58,22.86,23.36,7319,2282400
2015.06.11,23.71,23.99,23.22,23.39,6751,2765900
2015.06.12,23.23,24.08,23.23,24.08,6242,2056400
2015.06.15,24.53,24.87,23.75,24.2,11443,3535400
2015.06.16,24.39,24.46,23.95,24.06,7244,2396900
2015.06.17,24,24.23,23.85,23.99,7009,2415600
2015.06.18,24.17,24.45,23.98,24.31,5960,2126800
2015.06.19,24.14,24.62,24.08,24.33,3885,2327700
2015.06.22,24.49,24.51,23.85,23.94,5189,1451500
2015.06.23,24.17,24.2,23.69,23.78,5611,2390300
2015.06.24,23.9,23.9,23.3,23.42,6735,1847000
2015.06.25,23.29,23.47,23.07,23.37,5795,1842600
2015.06.26,23.45,23.92,23.35,23.92,5099,1296000
2015.06.29,23.94,23.94,23.22,23.28,4305,1386600
2015.06.30,22.97,23.63,22.87,23.63,4830,1663100
2015.07.01,23.52,23.8,23.23,23.55,5336,1336200
2015.07.02,23.74,23.78,23.32,23.32,4264,1416000
2015.07.03,23.27,23.42,23.07,23.22,1561,486000
2015.07.06,23.02,23.63,22.91,23.37,3721,1172600
2015.07.07,23.25,23.47,22.98,23.38,6710,1939800
2015.07.08,23.57,24.23,23.47,23.96,8654,3198900
2015.07.10,24.46,24.46,23.45,23.61,14201,2830300
2015.07.13,23.75,23.96,23.64,23.67,5271,1281600
2015.07.14,23.7,24.29,23.62,24.25,5674,1529000
2015.07.15,24.2,24.59,23.82,24.04,7034,1864100
2015.07.16,24.21,24.53,23.77,24.01,4464,1275500
2015.07.17,24.01,24.44,23.97,24.21,7926,1508500
2015.07.20,24.2,24.41,24,24.03,4341,1339600
2015.07.21,23.97,24.22,23.82,24.07,4619,1232200
2015.07.22,23.82,24.16,23.57,23.74,7248,2169200
2015.07.23,23.74,24.19,23.67,23.67,9852,2854400
2015.07.24,23.67,23.97,23.65,23.77,5347,1773100
2015.07.27,23.69,23.76,23.17,23.45,8552,2497600
2015.07.28,23.61,24.22,23.3,23.94,9413,3374200
2015.07.29,23.77,23.97,23.46,23.77,9546,2766500
2015.07.30,23.6,23.6,21.65,22.47,15523,5151700
2015.07.31,22.48,24.06,22.48,23.87,11708,3259600
2015.08.03,23.63,24.05,23.62,23.97,3079,1097100
2015.08.04,24.07,24.42,24,24.24,6749,1734000
2015.08.05,24.37,24.82,24.29,24.65,5113,1940300
2015.08.06,24.67,25.12,24.26,24.93,6158,1515700
2015.08.07,24.67,24.9,24.33,24.47,5805,1612200
2015.08.10,24.43,24.97,24.24,24.82,4983,1496100
2015.08.11,24.82,24.92,24.2,24.26,5529,1713600
2015.08.12,24.07,24.18,23.75,24.02,7946,1995400
2015.08.13,23.9,24.12,23.75,23.97,5485,1435100
2015.08.14,24.18,24.18,23.47,23.62,6092,1464200
2015.08.17,23.47,23.71,23.17,23.42,4270,1260400
2015.08.18,23.25,23.47,23,23.04,5965,1817300
2015.08.19,22.95,23.19,22.76,23.06,8286,2277500
2015.08.20,22.69,22.94,22.5,22.62,7194,1772200
2015.08.21,22.4,22.67,22.26,22.46,6219,1847200
2015.08.24,21.51,22.35,20.68,21.78,11571,3017400
2015.08.25,22.01,22.35,21.78,21.9,7837,2037400
2015.08.26,21.95,23.07,21.63,23.07,7559,2086400
2015.08.27,23.3,23.3,22.68,22.97,8157,2267700
2015.08.28,22.4,23.05,22.32,22.95,6893,2102100
2015.08.31,23.13,23.17,22.61,22.98,8323,2984300
2015.09.01,22.41,22.75,22.3,22.46,8251,2352000
2015.09.02,22.62,23.64,22.33,23.64,7755,2069500
2015.09.03,23.81,24.07,23.44,23.65,9238,3171200
2015.09.04,23.3,23.89,23.13,23.89,6247,3195300
2015.09.08,24.1,24.19,23.37,23.64,8423,2099000
2015.09.09,23.88,23.97,23.18,23.29,8124,3004200
2015.09.10,23.99,24.21,23.56,23.8,9339,3571700
2015.09.11,23.56,23.95,23.5,23.65,4375,1485400
2015.09.14,23.84,24.45,23.6,24.3,7221,2334900
2015.09.15,24.47,25.1,24.24,24.99,7302,2410800
2015.09.16,24.99,25.87,24.84,25.66,7965,2722800
2015.09.17,25.66,26.46,25.43,25.95,7617,2542400
2015.09.18,25.72,26.15,25.41,26.02,8108,2957100
2015.09.21,25.8,26.41,25.56,26.16,4590,1168900
2015.09.22,25.9,26.55,25.81,26.42,6926,1639200
2015.09.23,26.37,26.48,25.89,26.01,7873,2580100
2015.09.24,25.25,25.86,25.09,25.25,10714,4083200
2015.09.25,25.45,25.74,25,25.25,8474,2903600
2015.09.28,25.07,25.59,24.94,25.43,6786,1631100
2015.09.29,25.43,25.7,25.21,25.47,4455,1204400
2015.09.30,25.85,25.85,25.1,25.5,6475,2479200
2015.10.01,25.4,25.73,25.21,25.35,7005,1535900
2015.10.02,25.29,25.66,24.93,25.3,8250,3100200
2015.10.05,25.65,26.02,25.58,25.74,7925,2127100
2015.10.06,25.75,25.92,25.4,25.4,5345,1674000
2015.10.07,25.63,26.28,25.09,26.28,9157,2443200
2015.10.08,26.1,26.4,25.89,26.25,6439,1407100
2015.10.09,26.25,26.51,25.96,26.51,5504,1516100
2015.10.13,26,26.38,25.66,25.66,6067,1772400
2015.10.14,25.65,26.14,25.08,25.08,16502,5585600
2015.10.15,25.31,25.96,25.06,25.91,5527,1558500
2015.10.16,25.91,26.6,25.74,26.45,5782,1681900
2015.10.19,26.6,26.79,26.17,26.45,3275,1134200
2015.10.20,26.45,26.67,26.12,26.4,3953,1094200
2015.10.21,26.36,27.02,26.36,26.55,5052,1127600
2015.10.22,26.68,26.99,26.42,26.93,5972,1813900
2015.10.23,27.94,27.94,27.06,27.21,7430,1969900
2015.10.26,27.35,27.36,26.41,26.58,6156,1707500
2015.10.27,26.57,27.95,26.14,27.85,6576,2632900
2015.10.28,27.76,28.06,27.29,27.82,6195,2619700
2015.10.29,27.5,28.6,27.5,28.04,7382,1875900
2015.10.30,28.05,28.98,27.95,28.28,7874,1838600
2015.11.03,28.3,29.48,28.24,29.42,13854,2901200
2015.11.04,29.43,29.9,28.2,28.3,8611,1894800
2015.11.05,28.3,28.78,28.21,28.57,5526,1110300
2015.11.06,28.4,28.61,27.83,28.11,5868,1246600
2015.11.09,28.3,28.58,27.55,27.75,4553,952700
2015.11.10,27.47,27.98,27.3,27.75,4236,957900
2015.11.11,27.57,28.52,27.57,27.81,4938,2098400
2015.11.12,27.81,28.12,27.38,27.76,3005,1211900
