2010.01.04,25.13,25.23,24.91,25.13,1321,1155600
2010.01.05,25.14,25.2,24.5,24.94,3151,1749200
2010.01.06,24.85,25.36,24.85,25.2,2541,1581400
2010.01.07,24.96,25.47,24.77,25.47,1998,1057600
2010.01.08,25.8,26.95,25.71,26.72,6512,3082100
2010.01.11,27.11,27.54,26.6,26.82,3542,1934400
2010.01.12,26.3,26.39,25.23,26.29,2676,1367200
2010.01.13,26.48,26.58,26.04,26.58,1730,1017400
2010.01.14,26.59,26.63,25.62,25.63,2604,1511400
2010.01.15,25.41,25.9,24.77,25.04,3520,1628200
2010.01.18,25.51,25.52,25.11,25.33,1101,453600
2010.01.19,25.01,25.83,24.94,25.64,1825,898900
2010.01.20,25.36,25.36,24.33,25.04,2131,1282800
2010.01.21,24.9,24.92,23.23,23.44,4677,3064300
2010.01.22,23.16,23.36,22.15,22.72,4521,2237600
2010.01.26,22.52,23.41,21.8,23.15,4166,2334200
2010.01.27,23.12,23.5,22.31,22.81,1794,1223500
2010.01.28,23.36,23.36,22.41,22.86,1922,1299600
2010.01.29,23.1,23.29,22.09,22.09,1984,1292900
2010.02.01,22.29,22.46,21.86,21.9,3242,1459900
2010.02.02,22.47,23.55,22.36,23.55,3372,1453000
2010.02.03,23.83,24.26,22.88,23.12,3413,2224100
2010.02.04,22.92,22.92,21.42,22.04,3094,1768800
2010.02.05,21.27,22.7,20.93,21.75,4512,2345800
2010.02.08,22.3,22.64,21.72,22.26,5363,1462300
2010.02.09,22.61,23.94,22.61,23.55,3589,1945800
2010.02.10,23.84,24.37,23.58,23.76,5204,2841800
2010.02.11,23.98,24.33,23.77,24.04,3543,1586200
2010.02.12,23.75,24.13,23.28,24.04,2984,1161000
2010.02.17,24.28,24.51,24.21,24.21,3179,871400
2010.02.18,24.21,24.38,23.7,24.13,1980,940600
2010.02.19,23.93,24.1,23.43,23.54,3243,1099200
2010.02.22,23.74,23.86,23,23.39,3392,1621300
2010.02.23,23.18,23.79,22.78,23.18,2434,1058800
2010.02.24,23.35,23.5,22.73,22.73,1658,656900
2010.02.25,22.35,22.44,21.78,22.3,5150,1891700
2010.02.26,22.54,23.45,22.36,23.45,4161,1822400
2010.03.01,23.7,24.13,23.55,24.08,2730,1368000
2010.03.02,24.31,24.31,23.49,23.6,1530,823300
2010.03.03,23.86,23.95,22.95,23.12,2885,1538300
2010.03.04,23.3,23.48,22.76,23.06,1350,598700
2010.03.05,23.47,23.61,22.41,22.64,3459,1484000
2010.03.08,23.08,23.16,22.1,22.34,2564,1741900
2010.03.09,22.43,22.9,22.15,22.82,4182,1419000
2010.03.10,23.02,23.43,22.87,23.12,1733,905300
2010.03.11,23.15,23.35,23.04,23.29,1562,608500
2010.03.12,23.89,24.08,22.92,22.98,1855,1134800
2010.03.15,22.82,23.08,22.36,22.56,2168,845200
2010.03.16,22.59,22.82,22.41,22.5,1985,655800
2010.03.17,22.64,22.73,21.96,22.04,2113,1341600
2010.03.18,22.2,22.31,21.83,21.84,1700,987500
2010.03.19,21.98,22.05,20.99,21.18,3897,3103600
2010.03.22,21.02,21.62,20.69,21.42,2157,1051200
2010.03.23,21.56,21.7,21.04,21.28,1779,968800
2010.03.24,21.23,21.33,20.89,21.23,1567,948600
2010.03.25,21.45,21.84,21.11,21.13,3294,1493800
2010.03.26,21.32,21.51,20.89,21.13,1902,1520400
2010.03.29,21.32,21.42,21.24,21.37,1453,963700
2010.03.30,21.73,21.81,21.18,21.45,1857,1188700
2010.03.31,21.28,22.1,21.25,22.01,3140,1521600
2010.04.01,22.1,22.67,22.08,22.5,2778,1418900
2010.04.05,22.52,22.84,22.31,22.62,1536,977100
2010.04.06,22.4,22.54,21.91,21.91,5364,3158100
2010.04.07,21.91,22.69,21.91,22.61,3756,2639800
2010.04.08,22.4,23.63,22.37,23.52,4988,3850900
2010.04.09,23.62,23.82,23.04,23.48,3130,1752500
2010.04.12,23.39,23.68,23.24,23.48,1283,1018800
2010.04.13,23.59,23.59,22.65,22.77,2136,1626000
2010.04.14,23.02,23.22,22.58,22.94,2638,1255900
2010.04.15,22.88,23.57,22.88,23.46,2219,1313900
2010.04.16,23.48,23.48,22.53,22.88,2086,1200400
2010.04.19,22.04,22.79,22.04,22.39,3145,1195800
2010.04.20,22.57,22.78,22.13,22.49,1710,879400
2010.04.22,22.14,22.77,22.05,22.74,1909,748200
2010.04.23,22.74,22.74,22.4,22.74,2023,1005400
2010.04.26,22.7,22.87,22.36,22.51,2003,923100
2010.04.27,22.25,22.47,21.23,21.23,3152,1991300
2010.04.28,21.45,22.04,21.05,22.04,3168,1853300
2010.04.29,22.2,22.68,22.04,22.36,3881,1301400
2010.04.30,22.19,22.78,22.09,22.78,2275,1326000
2010.05.03,22.87,22.98,22.44,22.85,2305,1262600
2010.05.04,22.51,22.59,21.78,22.49,2719,1500100
2010.05.05,22.01,22.83,21.8,22.83,3023,1479700
2010.05.06,22.6,22.98,20.64,21.64,5753,2631700
2010.05.07,21.48,21.85,20.78,20.91,4628,1769400
2010.05.10,21.95,22.25,21.69,21.98,3979,1718500
2010.05.11,21.65,22.3,21.34,21.59,3215,1342400
2010.05.12,22,22.28,21.74,22.2,2651,1182100
2010.05.13,22.18,22.75,21.95,22.22,1686,820000
2010.05.14,22.01,22.28,21.78,22.28,3207,1515000
2010.05.17,22.02,22.23,21.77,21.99,3243,1194100
2010.05.18,22.12,22.56,21.75,22,2345,1194800
2010.05.19,21.6,21.75,21.01,21.73,3005,1322000
2010.05.20,20.85,21.54,20.58,20.58,3037,1667900
2010.05.21,20.26,21,19.95,20.54,3958,2103200
2010.05.24,20.46,21.11,20.29,20.29,1686,757900
2010.05.25,19.75,19.95,19.4,19.86,2012,893400
2010.05.26,20.04,20.23,19.21,19.45,4232,2507300
2010.05.27,19.81,20.2,19.68,20.09,2900,1814100
2010.05.28,20.2,20.45,19.75,20.01,1724,1210200
2010.05.31,20.06,20.2,19.76,20.04,1069,480800
2010.06.01,19.54,20.82,19.41,20.48,2934,1446300
2010.06.02,20.75,21.13,20.48,21.1,2549,1317300
2010.06.04,20.64,21.35,20.27,21.08,3960,1635600
2010.06.07,21.08,21.48,21.08,21.33,2802,1100900
2010.06.08,21.44,21.8,20.89,21.22,3413,1276300
2010.06.09,21.36,21.47,20.37,20.53,2533,1019200
2010.06.10,20.76,21.12,20.69,21.08,1487,757900
2010.06.11,20.87,21.61,20.87,21.33,1979,886600
2010.06.14,21.4,21.59,20.97,21.04,1310,527200
2010.06.15,21.15,22.68,21.15,22.68,2935,1583600
2010.06.16,22.35,23.16,22.35,22.67,3949,1720000
2010.06.17,22.59,22.86,21.96,22.29,2025,755200
2010.06.18,22.5,23.09,22.22,22.92,2124,1417700
2010.06.21,23.04,23.22,22.4,22.62,2012,732000
2010.06.22,22.67,23.26,22.47,22.59,3639,1109400
2010.06.23,22.8,22.95,22.4,22.49,1836,882600
2010.06.24,22.44,22.57,21.78,21.78,1949,932000
2010.06.25,21.81,22.26,21.6,21.81,1557,723100
2010.06.28,21.91,22.07,21.35,21.64,1568,463800
2010.06.29,21.58,21.58,20.68,20.9,2058,1031700
2010.06.30,20.92,21.99,20.58,21.11,2453,1314500
2010.07.01,20.92,21.42,20.54,21.13,1954,748800
2010.07.02,21.24,21.63,20.88,21.59,1594,519100
2010.07.05,21.53,21.7,20.88,21.32,1040,323200
2010.07.06,21.73,22.21,21.39,21.48,2919,1190100
2010.07.07,21.82,22.17,21.43,21.99,2750,1543600
2010.07.08,22.08,22.21,21.64,22.07,2893,1235400
2010.07.12,22.21,22.69,22.05,22.23,1248,653300
2010.07.13,22.46,22.85,22.23,22.65,1973,872000
2010.07.14,22.51,23.28,22.3,23.06,2723,1166100
2010.07.15,22.89,23.78,22.88,23.78,3374,1463300
2010.07.16,23.72,23.72,22.58,22.58,2332,1462700
2010.07.19,22.82,22.88,22.07,22.58,2145,1126200
2010.07.20,22.44,22.82,22.19,22.35,2215,1478200
2010.07.21,22.51,22.55,21.93,21.96,1654,791500
2010.07.22,22.34,23.02,22.24,22.78,3022,1560200
2010.07.23,22.78,23.37,22.56,23.37,1952,1121000
2010.07.26,23.39,23.68,23.1,23.68,1602,955500
2010.07.27,23.7,23.89,23.23,23.4,1782,880600
2010.07.28,23.37,23.42,22.67,22.99,1300,838000
2010.07.29,23.03,23.58,22.83,23.56,1453,530600
2010.07.30,23.26,24.18,23.17,24.18,2271,1038500
2010.08.02,24.18,25.2,24.17,24.97,2859,1505100
2010.08.03,24.47,24.47,23.47,23.6,3459,2085300
2010.08.04,23.8,24.09,23.54,23.58,1787,913400
2010.08.05,23.45,23.55,22.64,23.01,2773,1541400
2010.08.06,23.04,23.93,22.78,23.88,2458,1306900
2010.08.09,23.73,24.08,23.44,23.44,1180,655000
2010.08.10,22.58,23.97,22.35,23.97,2547,1626900
2010.08.11,23.65,23.92,23.12,23.63,2908,1182200
2010.08.12,23.4,23.83,23.04,23.18,1212,383600
2010.08.13,23.06,25.66,23.04,25.66,5044,3334200
2010.08.16,25.17,25.26,23.83,24.18,4754,2553600
2010.08.17,24.32,24.65,24.23,24.65,2109,911400
2010.08.18,24.7,24.97,24.34,24.34,3026,1209300
2010.08.19,24.43,24.57,23.57,23.79,2802,952300
2010.08.20,23.74,23.96,23.09,23.52,2319,993600
2010.08.23,23.48,23.89,22.69,22.71,4502,1403100
2010.08.24,22.58,22.58,21.93,22.12,3485,1574400
2010.08.25,21.86,21.97,21.42,21.47,3414,1277800
2010.08.26,21.78,21.99,21.1,21.1,2385,969000
2010.08.27,21.35,22.51,21.34,22.43,2418,1187800
2010.08.30,22.44,22.69,21.64,21.93,1828,1324700
2010.08.31,22.3,22.61,21.91,22.4,2728,1471700
2010.09.01,22.51,23.23,22.51,23.18,2184,1057700
2010.09.02,23.05,24.08,22.75,23.29,2285,1321900
2010.09.03,23.53,23.76,22.83,23.04,1637,705100
2010.09.06,23.17,23.29,22.64,23.29,322,186500
2010.09.08,23.09,23.68,22.79,23.53,1978,932400
2010.09.09,23.63,23.98,23.51,23.93,1816,658000
2010.09.10,24.07,24.16,23.73,24.13,1118,771600
2010.09.13,24.15,24.43,24.09,24.36,1365,660000
2010.09.14,24.08,25.31,24.08,25.1,2969,1746400
2010.09.15,24.88,25.47,24.67,25.41,2271,1178500
2010.09.16,25.07,25.55,24.72,24.93,1718,960200
2010.09.17,24.73,25.15,24.49,24.88,1427,810700
2010.09.20,24.77,25.46,24.77,25.18,1465,748700
2010.09.21,25.31,25.49,24.96,25.05,1580,1005900
2010.09.22,24.91,25.97,24.9,25.97,4297,1480900
2010.09.23,25.46,27.05,25.46,26.06,4207,2047500
2010.09.24,26.41,26.74,25.55,25.82,2910,1221700
2010.09.27,26.26,27.05,25.61,26.34,4067,1561400
2010.09.28,26.66,26.66,25.92,26.66,1939,645200
2010.09.29,26.64,26.71,25.98,25.98,2721,1537300
2010.09.30,26.16,26.39,25.55,25.61,2458,1243800
2010.10.01,25.66,26.85,25.62,26.81,3229,1393300
2010.10.04,26.66,27.01,26.51,26.88,2378,937400
2010.10.05,27.05,27.39,26.94,27.15,3767,1287600
2010.10.06,27.17,27.49,26.76,27.28,2451,903500
2010.10.07,27.14,27.43,26.47,27.24,2957,1268800
2010.10.08,26.95,28.12,26.71,28.06,3238,942000
2010.10.11,28.14,28.22,27.77,28.06,1246,459000
2010.10.13,28.23,29.49,28.22,29.4,4858,1764800
2010.10.14,29.4,29.93,28.93,29.07,3400,1430300
2010.10.15,29.11,29.81,28.94,29.57,2610,975400
2010.10.18,29.6,29.6,28.28,28.83,2254,2294000
2010.10.19,28.61,29.27,28.18,29,3357,1587600
2010.10.20,29.14,29.78,29.04,29.41,2513,845100
2010.10.21,29.4,29.73,28.75,28.96,1654,716700
2010.10.22,29.44,29.44,28.6,28.97,1531,619500
2010.10.25,29.08,29.25,28.21,28.25,1826,811800
2010.10.26,28.08,29.32,27.83,29.01,1406,876000
2010.10.27,29,29.17,28.43,28.81,1376,497200
2010.10.28,29.21,29.3,28.59,28.92,759,888600
2010.10.29,29.09,29.44,28.93,28.97,1394,498300
2010.11.01,29.4,29.81,28.92,29.77,849,392100
2010.11.03,29.86,30.45,29.86,30.01,2107,707800
2010.11.04,30.39,30.4,29.91,29.96,1492,441600
2010.11.05,29.89,30.11,28.97,29.01,1687,578300
2010.11.08,29.11,29.11,28.32,28.62,2186,706900
2010.11.09,28.83,29.16,28.06,28.06,2796,1036500
2010.11.10,28.12,28.78,27.96,28.14,2230,776700
2010.11.11,28.33,28.33,27.17,27.69,3155,1124500
2010.11.12,27.71,28.92,27.33,28.14,2795,1371500
2010.11.16,27.74,28,27.15,27.64,2722,1255600
2010.11.17,27.75,28.35,27.29,28.35,1508,852300
2010.11.18,28.42,28.91,28.08,28.33,1688,930500
2010.11.19,28.21,28.55,27.85,28.51,1989,980000
2010.11.22,28.29,28.37,27.34,27.59,2427,939300
2010.11.23,27.17,27.24,26.25,26.61,2276,1203000
2010.11.24,26.92,27.53,26.68,27.47,2166,1021600
2010.11.25,27.44,27.64,27.34,27.59,434,225000
2010.11.26,27.38,27.53,26.96,27.11,2994,895000
2010.11.29,26.95,27.15,26.51,26.98,1989,710300
2010.11.30,26.52,27.1,26.32,27.1,2300,1069700
2010.12.01,27.59,27.99,27.31,27.73,2510,963800
2010.12.02,27.74,28.04,27.21,28.02,2258,1084300
2010.12.03,27.99,28.3,27.64,28,2437,972300
2010.12.06,27.75,28.2,27.11,27.3,1452,721000
2010.12.07,27.9,27.9,26.61,26.66,1834,1064000
2010.12.08,26.66,27.12,26.21,26.36,1745,778300
2010.12.09,26.29,26.84,25.37,25.64,2387,1039800
2010.12.10,25.77,25.99,25.42,25.58,1348,564400
2010.12.13,25.91,26.04,25.24,25.37,2932,1026600
2010.12.14,25.31,25.41,24.61,25.08,3403,1669600
2010.12.15,25.02,25.5,24.89,25.41,4830,1500400
2010.12.16,25.42,25.64,24.39,24.56,3507,1439000
2010.12.17,24.6,25.04,24.43,25.04,2707,972600
2010.12.20,24.98,25.29,24.57,24.88,2856,1132000
2010.12.21,24.82,25.07,24.62,24.74,3345,1498900
2010.12.22,24.65,24.68,23.94,24.19,2054,1295700
2010.12.23,24.33,24.96,24.32,24.77,1689,944100
2010.12.27,24.75,24.75,24.31,24.37,1020,591300
2010.12.28,24.38,24.55,23.96,24.18,1531,686600
2010.12.29,24.18,24.89,24.18,24.67,1561,941800
2010.12.30,24.72,24.98,24.53,24.77,2639,1748900
2011.01.03,25.41,25.97,25.02,25.56,3426,1837200
2011.01.04,25.66,26.29,25.65,26.14,3433,1743400
2011.01.05,25.95,26.56,25.66,26.15,2577,1228200
2011.01.06,26.21,26.21,25.5,25.58,3531,1622100
2011.01.07,25.69,25.99,25.46,25.58,1792,698200
2011.01.10,25.47,25.64,25.12,25.17,1334,549100
2011.01.11,25.41,25.93,25.17,25.82,2505,1180900
2011.01.12,25.9,26.54,25.63,26.46,3267,1355800
2011.01.13,26.54,26.67,26.07,26.36,2053,1180600
2011.01.14,26.26,26.58,25.97,26.16,1416,716400
2011.01.17,26.15,26.15,25.52,25.66,1466,519800
2011.01.18,25.66,26.26,25.6,26.13,2157,1131200
2011.01.19,25.97,26.23,25.31,25.67,1952,892600
2011.01.20,25.57,25.82,25.17,25.21,1793,1212000
2011.01.21,25.5,25.56,24.99,25.38,1937,575600
2011.01.24,25.52,25.53,25.13,25.42,1289,393000
2011.01.26,25.27,25.71,25.1,25.38,2078,657300
2011.01.27,25.56,25.62,24.62,24.8,2345,1103200
2011.01.28,24.81,25.15,24.03,24.2,2319,833000
2011.01.31,24.18,24.88,23.23,23.49,3228,1218900
2011.02.01,23.53,24.06,23.31,23.87,1229,599000
2011.02.02,23.72,23.87,23.03,23.15,2039,836000
2011.02.03,23.18,23.18,22.5,22.85,2205,897900
2011.02.04,23.06,23.08,22.37,22.37,2377,1017800
2011.02.07,22.52,22.84,22.34,22.4,1114,718600
2011.02.08,22.51,22.99,22.4,22.77,2663,859200
2011.02.09,22.88,22.88,21.79,21.8,2902,1183200
2011.02.10,21.98,22.53,21.76,22.21,3189,1351500
2011.02.11,22.26,23.4,22.01,23.4,2350,1247000
2011.02.14,23.26,23.57,22.75,23.3,3077,1482500
2011.02.15,23.1,23.23,22.61,22.78,1692,721900
2011.02.16,23.08,23.16,22.67,23.14,2692,861800
2011.02.17,23.07,23.28,22.71,22.71,1489,505400
2011.02.18,22.76,23.04,22.6,22.69,2997,1040000
2011.02.21,22.77,22.77,21.65,21.87,4718,2558200
2011.02.22,21.64,22.09,21.09,22.09,7779,5098900
2011.02.23,22.21,22.21,20.94,21.02,6428,3647800
2011.02.24,20.88,21.89,20.57,21.76,5817,3443300
2011.02.25,22.02,22.16,21.36,21.45,3957,2032500
2011.02.28,21.73,21.94,21.56,21.74,2457,1010300
2011.03.01,21.84,21.89,21.02,21.02,3522,1232300
2011.03.02,21.01,21.41,20.75,21.02,3852,2004500
2011.03.03,21.33,21.46,21.18,21.23,2856,1573800
2011.03.04,21.33,21.33,20.84,21.09,3056,1308800
2011.03.09,21.03,21.27,20.89,21.02,2136,701800
2011.03.10,20.85,20.94,20.26,20.47,3648,1686500
2011.03.11,20.4,21.02,20.27,20.93,3167,1185600
2011.03.14,20.9,21.15,20.57,20.92,2108,895200
2011.03.15,20.56,21.9,20.35,21.9,6011,4315300
2011.03.16,21.86,22.01,21.02,21.63,4127,1912900
2011.03.17,21.55,21.83,21.07,21.35,2755,1362900
2011.03.18,21.69,21.77,21.23,21.47,4465,1951300
2011.03.21,21.64,21.71,21.14,21.14,2185,972700
2011.03.22,21.22,21.6,21.16,21.41,2043,849100
2011.03.23,21.23,21.82,21.23,21.73,1815,935200
2011.03.24,21.89,21.89,21.36,21.8,2084,1096100
2011.03.25,21.86,22.29,20.98,21.86,4071,4594200
2011.03.28,22.02,22.08,21.73,21.96,1405,646100
2011.03.29,21.9,22.1,21.64,21.8,2190,1239800
2011.03.30,21.94,22.01,21.55,21.81,2563,1233900
2011.03.31,21.8,21.8,21.58,21.58,1568,755800
2011.04.01,21.69,21.9,21.55,21.55,3156,972900
2011.04.04,21.64,21.73,21.41,21.59,1496,847200
2011.04.05,21.62,21.74,21.44,21.6,1835,760700
2011.04.06,21.57,21.8,21.25,21.48,1770,858800
2011.04.07,21.39,21.58,20.9,21.11,2155,1390500
2011.04.08,21.1,21.13,20.58,20.61,2316,1218800
2011.04.11,20.71,20.85,20.36,20.47,2412,979100
2011.04.12,20.4,20.88,20.34,20.38,4161,2496300
2011.04.13,20.57,20.7,20.35,20.54,2610,981700
2011.04.14,20.54,20.67,20.42,20.57,1475,738300
2011.04.15,20.57,20.84,20.51,20.79,1396,710300
2011.04.18,20.73,20.73,20.1,20.4,2406,1419400
2011.04.19,20.58,20.58,20.21,20.52,1877,867000
2011.04.20,20.76,21.24,20.7,21.24,2491,1649000
2011.04.25,21.23,21.58,20.94,21.49,2967,1860400
2011.04.26,21.49,21.78,21.47,21.63,2625,1876200
2011.04.27,21.66,21.7,21.15,21.18,1981,1005500
2011.04.28,20.93,21.47,20.54,21.44,3612,1740500
2011.04.29,21.43,21.71,21.33,21.54,2289,1909700
2011.05.02,21.62,21.83,21.38,21.53,2744,1303000
2011.05.03,21.48,21.52,20.93,20.99,1501,850300
2011.05.04,21.12,21.63,20.93,21.13,2222,1081200
2011.05.05,21.01,22.07,21.01,21.85,3581,1685300
2011.05.06,22.09,22.48,21.76,22.01,4653,2070600
2011.05.09,21.95,22.12,21.31,21.44,2429,1180400
2011.05.10,21.54,21.86,21.39,21.81,2342,1030200
2011.05.11,21.72,21.72,20.83,20.9,4169,2330500
2011.05.12,20.9,21.34,20.78,21.18,2916,1395000
2011.05.13,21.23,21.32,20.86,20.91,2721,1284500
2011.05.16,20.84,21.27,20.66,20.66,1897,937400
2011.05.17,20.87,20.88,20.47,20.8,2559,900900
2011.05.18,20.79,20.88,20.29,20.37,2795,951400
2011.05.19,20.53,20.73,19.95,20,3970,1572000
2011.05.20,20.01,20.12,19.58,19.58,2669,1281600
2011.05.23,19.45,19.78,19.29,19.5,2218,933200
2011.05.24,19.72,19.79,19.4,19.76,1494,675000
2011.05.25,19.87,20.09,19.64,19.78,2525,911200
2011.05.26,19.73,19.96,19.43,19.52,2432,963400
2011.05.27,19.61,19.73,19.42,19.44,1868,528000
2011.05.30,19.64,20.26,19.63,20.06,2437,1227500
2011.05.31,20.09,20.37,19.83,19.87,3414,1342600
2011.06.01,20.03,20.1,19.64,19.72,2936,849800
2011.06.02,19.77,20.47,19.59,20.47,3307,1314800
2011.06.03,20.32,20.78,20.1,20.57,3083,1064100
2011.06.06,20.73,20.73,19.83,19.94,2237,759200
2011.06.07,20.05,20.27,19.84,20.03,1724,653000
2011.06.08,19.93,19.99,19.19,19.29,2284,1231800
2011.06.09,19.33,19.39,18.99,19.04,2492,1324300
2011.06.10,19.04,19.05,18.31,18.79,3409,1983800
2011.06.13,19.05,19.05,18.41,18.56,1270,592900
2011.06.14,18.75,19.03,18.7,18.82,2095,948600
2011.06.15,18.56,18.69,18.33,18.45,2556,796400
2011.06.16,18.38,18.73,17.69,17.82,2366,1444200
2011.06.17,17.96,17.98,17.62,17.87,3435,1377000
2011.06.20,17.81,18.24,17.73,18.19,1669,545400
2011.06.21,18.22,18.38,17.86,17.91,1789,1071100
2011.06.22,17.81,18.01,17.55,17.58,2783,981100
2011.06.24,17.76,18.39,17.76,18.36,3547,1779300
2011.06.27,18.36,18.6,18.04,18.36,1941,752000
2011.06.28,18.32,19,18.05,19,2544,969700
2011.06.29,19.14,19.19,18.54,18.73,1502,646400
2011.06.30,18.74,19,18.45,18.56,1565,539500
2011.07.01,18.65,19.34,18.53,19.34,1771,1188600
2011.07.04,19.35,19.99,19.16,19.99,2466,879500
2011.07.05,19.99,20.38,19.52,20.23,4953,2209800
2011.07.06,20.18,20.34,19.7,19.7,3775,2072200
2011.07.07,20.03,20.03,19.05,19.05,3278,1805400
2011.07.08,18.94,20.25,18.74,19.7,5905,4105000
2011.07.11,19.74,19.78,18.61,18.68,3425,1840900
2011.07.12,18.74,18.95,17.99,18.08,4419,1706700
2011.07.13,18.37,18.37,17.65,17.88,3225,1736400
2011.07.14,17.82,17.82,17.17,17.4,3351,1635900
2011.07.15,17.44,17.74,17.18,17.41,2179,892200
2011.07.18,17.33,17.36,16.58,16.62,4037,2062900
2011.07.19,16.87,16.87,16.42,16.42,2598,1219700
2011.07.20,16.51,16.76,16.19,16.19,3333,1634300
2011.07.21,16.21,16.54,16.15,16.42,5858,3054900
2011.07.22,16.47,16.92,16.43,16.92,4001,2077700
2011.07.25,16.86,16.86,16.41,16.41,2084,986000
2011.07.26,16.5,16.57,15.9,15.9,2627,1055100
2011.07.27,15.67,15.81,15.23,15.48,4023,1592300
2011.07.28,15.46,15.8,15.24,15.24,2570,1016600
2011.07.29,13.39,13.89,11.93,11.96,21208,17496100
2011.08.01,12.21,12.43,11.65,11.86,9633,6911100
2011.08.02,11.91,12.1,11.73,11.76,5795,4070500
2011.08.03,11.81,11.88,10.73,10.78,6529,4741500
2011.08.04,10.44,10.68,9.97,9.97,6212,4060100
2011.08.05,10.07,10.38,9.16,9.79,7363,4771000
2011.08.08,8.98,9.39,8.83,9.08,6056,2938100
2011.08.09,9.31,10.67,9.28,10.67,9793,4785000
2011.08.10,10.43,10.71,10.15,10.31,8070,3719400
2011.08.11,10.38,10.69,10.25,10.29,6695,3154700
2011.08.12,10.16,10.23,9.76,10.13,7641,4360200
2011.08.15,10.26,10.59,10.26,10.43,2524,1678700
2011.08.16,10.35,10.44,10.16,10.23,3879,1815900
2011.08.17,10.36,10.47,10.15,10.47,5787,2256900
2011.08.18,10.18,10.19,9.91,10.06,2636,1332100
2011.08.19,10.05,10.39,9.95,10.17,3206,1784400
2011.08.22,10.41,10.56,10.21,10.21,2644,1360600
2011.08.23,10.3,10.61,10.03,10.58,3703,1856300
2011.08.24,10.61,11.33,10.61,11.23,7440,4519000
2011.08.25,11.21,11.55,10.68,10.84,6623,3400200
2011.08.26,10.81,11.21,10.75,11.01,5357,2415700
2011.08.29,11.19,11.76,11.14,11.65,6117,2365700
2011.08.30,11.65,12.06,11.64,11.81,3669,2058500
2011.08.31,12.03,12.37,11.87,12,6737,3319800
2011.09.01,12.31,12.55,12.17,12.24,5877,2876100
2011.09.02,12.08,12.3,11.93,11.99,5151,3731000
2011.09.05,11.86,12.16,11.39,11.39,2486,1603000
2011.09.06,11.32,12.03,11.21,12.03,4243,2558100
2011.09.08,12.34,12.36,12.02,12.06,3272,1501500
2011.09.09,12.13,12.37,11.78,11.9,4695,1988300
2011.09.12,11.56,11.95,11.41,11.93,3131,1641700
2011.09.13,12.01,12.29,11.92,12.2,4547,1755300
2011.09.14,12.27,12.78,12.21,12.71,6415,2477000
2011.09.15,12.97,13.09,12.53,12.57,5356,2452400
2011.09.16,12.64,12.96,12.39,12.96,4041,2201800
2011.09.19,12.76,12.93,12.46,12.46,5991,2349300
2011.09.20,12.55,12.64,11.93,11.96,7283,3047200
2011.09.21,12.21,12.71,11.96,12.03,8411,3919300
2011.09.22,11.64,11.65,10.94,11,9495,3629000
2011.09.23,11.05,11.3,10.79,11.17,4223,1651700
2011.09.26,11.43,11.56,10.92,11.47,5574,1876600
2011.09.27,11.76,11.9,11.33,11.36,3933,1571300
2011.09.28,11.3,11.58,10.99,11.06,2898,1317000
2011.09.29,11.23,11.23,10.57,10.7,3523,1630200
2011.09.30,10.64,10.64,10.19,10.19,4261,2203700
2011.10.03,10.15,10.36,9.64,9.64,6545,3148100
2011.10.04,9.71,10.17,9.36,10.16,4880,2558900
2011.10.05,10.27,10.44,10.08,10.34,4747,1789000
2011.10.06,10.43,11.12,10.43,11.12,8379,3442700
2011.10.07,11.19,11.39,10.72,11.04,6650,3192600
2011.10.10,11.23,11.92,11.22,11.91,5713,2277000
2011.10.11,11.79,12.45,11.55,12.42,7650,3019400
2011.10.13,12.37,12.49,11.68,12.21,11615,4520900
2011.10.14,12.41,12.46,12.15,12.25,3482,1346600
2011.10.17,12,12.24,11.85,11.94,2746,967800
2011.10.18,11.86,12.55,11.86,12.47,5430,2704200
2011.10.19,12.46,12.72,12.32,12.7,3397,1356500
2011.10.20,12.68,12.94,12.27,12.31,4949,2428200
2011.10.21,12.57,12.86,12.52,12.74,4211,1307100
2011.10.24,12.84,13.54,12.81,13.42,6692,2591400
2011.10.25,13.33,13.58,12.96,13.03,5210,2037200
2011.10.26,13.33,13.41,13,13.15,4889,2128800
2011.10.27,13.54,13.99,13.43,13.9,7660,3080500
2011.10.28,13.85,14.11,13.6,13.85,3244,1053200
2011.10.31,13.65,13.69,13.35,13.45,3414,1181100
2011.11.01,12.76,13.33,12.7,13.06,5643,1909100
2011.11.03,13.63,14.44,13.42,14.14,9269,3635200
2011.11.04,14.1,14.8,14,14.56,7121,2499600
2011.11.07,14.62,14.85,14.04,14.12,7908,2971900
2011.11.08,14.3,14.47,13.87,14.1,4846,1561200
2011.11.09,13.83,14.04,13.62,13.76,5265,1656100
2011.11.10,13.9,14.02,13.53,13.57,4135,1245300
2011.11.11,13.53,13.89,13.19,13.84,5111,2060700
2011.11.14,13.71,14.32,13.67,13.99,3695,1352500
2011.11.16,13.99,14.11,13.63,13.8,5040,1366900
2011.11.17,13.7,13.72,13.13,13.16,8869,2753100
2011.11.18,13.19,13.33,13.01,13.13,3742,1074200
2011.11.21,12.76,13.08,12.58,12.97,3739,1221900
2011.11.22,13.03,13.23,12.81,12.91,3657,995200
2011.11.23,12.65,12.8,12.46,12.47,3737,1165600
2011.11.24,12.62,12.75,12.29,12.54,1443,476000
2011.11.25,12.34,12.73,12.21,12.23,2770,919000
2011.11.28,12.65,12.98,12.52,12.93,5179,1543600
2011.11.29,12.86,12.88,12.46,12.56,3078,959200
2011.11.30,12.97,13.65,12.92,13.44,7335,3249900
2011.12.01,13.75,14.38,13.6,14.19,6792,2244200
2011.12.02,14.39,14.56,13.97,14.02,3877,1427300
2011.12.05,14.44,14.75,14.25,14.63,4344,1826100
2011.12.06,14.61,14.91,14.13,14.91,3282,1105800
2011.12.07,15.93,16.24,15.34,15.43,8215,4538800
2011.12.08,15.69,15.69,14.87,14.97,6024,1902700
2011.12.09,15.22,15.7,15.04,15.64,3729,1613900
2011.12.12,15.5,15.55,15.04,15.27,4077,1362000
2011.12.13,15.33,15.68,15,15,3848,1673100
2011.12.14,14.9,14.98,14.19,14.37,11541,4175000
2011.12.15,14.23,14.76,14.23,14.36,4384,1239000
2011.12.16,14.57,14.72,13.84,13.86,4840,1512100
2011.12.19,13.94,14.02,12.78,12.79,5119,2473200
2011.12.20,12.91,13.24,12.72,12.88,5192,2091000
2011.12.21,12.91,13.22,12.56,12.79,3922,1493100
2011.12.22,12.91,13.08,12.62,12.76,3328,1137700
2011.12.23,12.86,12.89,12.63,12.76,1886,878000
2011.12.26,12.81,12.96,12.76,12.82,1249,389500
2011.12.27,12.81,13.03,12.63,12.68,2278,1047800
2011.12.28,12.65,12.65,11.87,11.87,5443,2169400
2011.12.29,11.96,12.4,11.82,12.4,2962,1851300
2012.01.02,12.68,12.68,12.12,12.6,2904,1275700
2012.01.03,12.76,12.89,12.59,12.85,3158,1378400
2012.01.04,12.67,12.75,12.52,12.55,3872,1107200
2012.01.05,12.48,12.61,12.17,12.23,3504,1319100
2012.01.06,12.27,12.45,12,12.08,3056,1258400
2012.01.09,12.24,12.36,12.08,12.13,3050,1208000
2012.01.10,12.28,12.33,12.16,12.33,3290,1369100
2012.01.11,12.31,12.5,12.27,12.36,2328,811200
2012.01.12,12.45,12.54,12.2,12.4,2608,1081100
2012.01.13,12.33,12.37,12.01,12.01,3445,1280500
2012.01.16,12.07,12.14,11.67,11.94,1689,851900
2012.01.17,12.06,12.18,12.01,12.18,1913,792400
2012.01.18,12.18,12.4,12.1,12.31,2832,1172100
2012.01.19,12.37,12.46,12.26,12.28,2268,1069800
2012.01.20,12.31,12.39,12.16,12.32,1823,726800
2012.01.23,12.38,12.46,12.24,12.34,4583,1728800
2012.01.24,12.33,12.33,12.04,12.2,2800,1231400
2012.01.26,12.52,12.71,12.38,12.4,6318,3211200
2012.01.27,12.37,12.45,12.15,12.22,3264,1670500
2012.01.30,12.16,12.18,11.74,11.89,4445,2551100
2012.01.31,11.96,12.1,11.87,11.98,3230,1706700
2012.02.01,12.04,12.11,11.96,12.03,4383,2229800
2012.02.02,12.04,12.91,11.99,12.77,6546,3553700
2012.02.03,12.96,13.34,12.94,12.99,5783,3323900
2012.02.06,12.98,12.98,12.59,12.6,3308,1528100
2012.02.07,12.56,12.86,12.37,12.85,3899,1571100
2012.02.08,12.97,13.07,12.48,12.51,4924,1987800
2012.02.09,12.59,12.82,12.52,12.67,3695,1761400
2012.02.10,12.41,12.55,12.16,12.34,4421,1847300
2012.02.13,12.55,13.63,12.55,13.54,9906,4756800
2012.02.14,13.54,14.33,13.53,14.28,9127,6141400
2012.02.15,14.36,14.7,14.03,14.21,8878,4007900
2012.02.16,13.94,14.55,13.83,14.44,5713,2043900
2012.02.17,14.32,14.91,14.14,14.91,5077,1405500
2012.02.22,14.37,14.88,14.35,14.43,4630,1735100
2012.02.23,14.49,14.86,14.28,14.34,6103,1914400
2012.02.24,14.49,14.73,14.22,14.26,4343,2090600
2012.02.27,14.16,14.41,14,14.3,2957,918800
2012.02.28,14.39,15.37,14.34,15.13,7014,4127400
2012.02.29,15.34,15.54,14.92,14.92,5662,2083400
2012.03.01,14.86,15.01,14.32,14.39,6702,2851300
2012.03.02,14.51,14.72,14.24,14.44,3681,1247200
2012.03.05,14.53,14.8,14.32,14.32,2863,1173600
2012.03.06,14.19,14.19,13.75,14.04,4274,1449800
2012.03.07,14.16,14.24,13.81,14.04,3018,1278100
2012.03.08,14.24,14.74,14.24,14.7,5389,2286000
2012.03.09,14.76,14.91,14.38,14.4,3701,1193000
2012.03.12,14.51,14.6,14.13,14.19,3994,1191400
2012.03.13,14.34,14.83,14.31,14.79,3068,1265400
2012.03.14,14.75,15.03,14.61,14.66,3479,1111500
2012.03.15,14.47,15.14,14.47,15.08,3189,1584300
2012.03.16,15.15,15.3,14.51,14.51,4580,2167500
2012.03.19,14.64,14.75,14.35,14.55,3753,981600
2012.03.20,14.32,14.51,14.21,14.34,3920,1372500
2012.03.21,14.39,14.53,13.82,13.82,5064,1833800
2012.03.22,13.74,14.03,13.37,13.47,3481,1335000
2012.03.23,13.53,13.69,13.25,13.26,3063,1124100
2012.03.26,13.35,13.35,12.72,12.77,4791,2820600
2012.03.27,12.73,13.2,12.59,13.1,5533,3546700
2012.03.28,13.16,13.31,12.29,12.43,6274,4131900
2012.03.29,12.27,12.43,12.11,12.37,5799,2834400
2012.03.30,12.55,12.56,12.15,12.15,4768,1876000
2012.04.02,12.16,12.37,12,12,5382,2491800
2012.04.03,11.96,12.14,11.76,11.8,2810,1520400
2012.04.04,11.64,11.64,11.24,11.32,3662,2912400
2012.04.05,11.33,11.52,11.13,11.23,3223,1570700
2012.04.09,11.11,11.15,10.95,10.97,3328,1175700
2012.04.10,10.99,11.22,10.94,10.98,5897,2775200
2012.04.11,11.14,11.14,10.62,10.62,3903,1607400
2012.04.12,10.79,10.9,10.63,10.9,2308,1004700
2012.04.13,11.03,11.11,10.44,10.44,3493,1571700
2012.04.16,10.54,10.59,10.18,10.2,4436,1542300
2012.04.17,11,11.31,10.82,11.31,7353,5241500
2012.04.18,10.83,11.14,10.44,10.44,6757,4181500
2012.04.19,10.46,10.73,10.26,10.3,4507,1794400
2012.04.20,10.43,10.44,10.2,10.22,4801,1598200
2012.04.23,10.14,10.15,9.71,9.74,4347,2483100
2012.04.24,10,10.21,9.89,10.12,5581,2872400
2012.04.25,10.24,10.34,9.95,10.06,3278,1438600
2012.04.26,9.99,10.37,9.81,10.37,3241,2070700
2012.04.27,10.43,10.45,10.09,10.1,4650,1864500
2012.04.30,10.11,10.24,9.95,10.1,1919,800600
2012.05.02,9.95,10.15,9.86,10.15,2748,1490100
2012.05.03,10.15,10.24,9.96,9.97,2507,1108300
2012.05.04,10.03,10.49,10.01,10.47,7276,5544700
2012.05.07,10.48,10.97,10.3,10.89,6338,3141600
2012.05.08,10.79,10.79,10.54,10.63,5033,2196400
2012.05.09,10.37,10.44,10.05,10.07,5688,3014700
2012.05.10,10.19,10.27,9.96,10,4385,1478900
2012.05.11,9.95,10.28,9.95,10.22,5603,1848900
2012.05.14,10.05,10.14,9.4,9.41,7272,2696900
2012.05.15,9.51,9.67,9.25,9.4,5474,1990700
2012.05.16,9.56,9.76,9.28,9.44,9408,3214400
2012.05.17,9.53,9.83,9.37,9.41,6203,2705000
2012.05.18,9.46,9.78,9.37,9.69,5266,2262200
2012.05.21,9.7,9.99,9.7,9.91,4477,1773300
2012.05.22,9.85,9.9,9.26,9.28,7074,3110900
2012.05.23,9.23,9.26,8.78,8.94,7491,2796200
2012.05.24,8.98,9.08,8.32,8.43,7309,2605800
2012.05.25,8.43,8.64,8.33,8.43,4312,1882400
2012.05.28,8.51,8.72,8.44,8.61,1887,815000
2012.05.29,8.73,8.95,8.54,8.75,6190,2116500
2012.05.30,8.59,8.59,8.28,8.37,6449,2111400
2012.05.31,8.27,8.46,8.02,8.02,16445,11482100
2012.06.01,7.87,8.31,7.75,8.09,5216,2727500
2012.06.04,8.1,8.22,7.91,8.02,3933,1351500
2012.06.05,8.13,8.14,7.68,7.69,4653,1877900
2012.06.06,7.82,7.95,7.54,7.87,9510,2640300
2012.06.08,7.68,8.03,7.68,7.89,3503,1434100
2012.06.11,8.04,8.15,7.91,8.13,4889,2018900
2012.06.12,8.18,8.5,8.09,8.24,5874,2756400
2012.06.13,8.13,8.49,8.13,8.47,9142,3226900
2012.06.14,8.33,8.95,8.33,8.82,5241,2398500
2012.06.15,8.81,9.65,8.81,9.64,7788,4760800
2012.06.18,9.71,9.71,9.36,9.45,3801,1785600
2012.06.19,9.64,9.95,9.49,9.76,5805,3709700
2012.06.20,9.83,10.14,9.54,10.06,4602,2111300
2012.06.21,9.95,10.15,9.68,9.74,3611,1541200
2012.06.22,9.82,10.1,9.75,9.82,2339,904300
2012.06.25,9.67,9.96,9.56,9.86,2728,1088000
2012.06.26,9.86,10.05,9.39,9.39,2610,1244200
2012.06.27,9.3,9.39,8.85,8.86,3576,1334000
2012.06.28,8.82,9.06,8.74,8.95,2578,978500
2012.06.29,9.2,9.34,8.79,8.89,3637,1348000
2012.07.02,8.95,9.14,8.82,8.86,2735,883300
2012.07.03,8.9,9.07,8.49,8.55,3851,1640400
2012.07.04,8.52,8.81,8.52,8.75,2034,760300
2012.07.05,8.81,8.91,8.43,8.5,4092,1760700
2012.07.06,8.45,8.58,8.17,8.22,2709,1544500
2012.07.10,8.39,8.47,8.11,8.11,3954,1532000
2012.07.11,8.15,8.44,8.12,8.26,3545,1421400
2012.07.12,8.27,8.66,8.1,8.59,4100,2570100
2012.07.13,8.61,8.77,8.48,8.64,2932,1620000
2012.07.16,8.71,8.75,8.27,8.27,3007,1409000
2012.07.17,8.5,8.7,8.39,8.7,5222,2109900
2012.07.18,8.65,8.95,8.64,8.87,3012,1278900
2012.07.19,8.96,9.46,8.96,9.36,4426,2419900
2012.07.20,9.26,9.3,8.82,8.83,4410,1691300
2012.07.23,8.56,8.65,8.33,8.45,3017,1194400
2012.07.24,8.52,8.58,8.14,8.14,4094,2001400
2012.07.25,8.28,8.43,8.13,8.17,3156,1294700
2012.07.26,8.4,8.64,8.22,8.6,3120,1234200
2012.07.27,8.67,9.5,8.63,9.43,7144,3517300
2012.07.30,9.4,10,9.24,9.87,5532,2171900
2012.07.31,9.91,9.95,9.49,9.51,3170,1484600
2012.08.01,9.57,9.71,9.02,9.05,6267,2740000
2012.08.02,8.96,9.12,8.71,8.9,3073,1807000
2012.08.03,9.05,9.34,9.05,9.31,3314,1970300
2012.08.06,9.32,9.91,9.23,9.87,4031,1944900
2012.08.07,9.91,9.93,9.41,9.48,4853,2369700
2012.08.08,9.51,10.03,9.46,10,4049,3364500
2012.08.09,9.85,10.61,9.79,10.43,5804,3179500
2012.08.10,10.43,10.82,10.32,10.69,5785,2857900
2012.08.13,10.59,10.99,10.49,10.9,5866,2224600
2012.08.14,10.38,10.7,9.46,9.51,13313,7255600
2012.08.15,9.64,9.94,9.31,9.72,8829,4387300
2012.08.16,9.86,10.32,9.69,10.23,5917,3005900
2012.08.17,10.35,10.43,9.76,9.78,6352,3818000
2012.08.20,9.83,10.1,9.82,9.99,3565,1505000
2012.08.21,10.13,10.25,10.02,10.1,4508,2142600
2012.08.22,10.1,10.8,10.02,10.64,10022,3007700
2012.08.23,10.54,10.67,10,10.12,5868,2570800
2012.08.24,10.06,10.38,9.96,10.2,4575,1883400
2012.08.27,10.15,10.28,9.86,10.19,2589,1282600
2012.08.28,10.26,10.26,10.04,10.08,2987,1242200
2012.08.29,10.13,10.15,9.63,9.66,4761,1855800
2012.08.30,9.66,9.8,9.43,9.53,3704,1440400
2012.08.31,9.67,9.88,9.54,9.67,5627,2425900
2012.09.03,9.76,9.76,9.24,9.27,3063,1662900
2012.09.04,9.33,9.52,8.99,9.04,6412,2707300
2012.09.05,9.17,9.32,8.85,9.04,4829,1793500
2012.09.06,9.1,9.41,9.06,9.34,4538,2725600
2012.09.10,10.01,10.41,9.76,9.86,10149,5938200
2012.09.11,10.03,10.34,9.99,10.31,6809,2729100
2012.09.12,10.35,10.89,10.27,10.87,4849,2593300
2012.09.13,10.87,11.41,10.55,11.28,8865,4276100
2012.09.14,11.19,11.53,11.05,11.3,8018,3049100
2012.09.17,11.33,11.5,10.75,10.94,4297,2019700
2012.09.18,10.84,10.97,10.48,10.93,5156,2189300
2012.09.19,11.05,11.42,11.01,11.3,4352,2013900
2012.09.20,11.08,11.39,11.08,11.26,4130,1493800
2012.09.21,11.31,11.5,11.09,11.43,3504,1837100
2012.09.24,11.52,12.13,11.34,12.13,8438,4283300
2012.09.25,12.16,12.18,11.59,11.76,4393,1667200
2012.09.26,11.67,11.92,11.36,11.68,4215,1626800
2012.09.27,11.86,11.9,11.47,11.81,3548,1316900
2012.09.28,11.75,11.81,11.4,11.51,4497,1269800
2012.10.01,11.58,12.85,10.97,12.76,7859,4315400
2012.10.02,11.41,11.84,11.29,11.33,7061,4072200
2012.10.03,11.41,11.95,11.35,11.84,4996,2580400
2012.10.04,11.77,11.86,11.23,11.31,4216,1573400
2012.10.05,11.43,11.64,11.12,11.18,3405,1496500
2012.10.08,11.13,11.62,11.05,11.43,4188,1597400
2012.10.09,11.49,11.62,11.06,11.19,4670,1874800
2012.10.10,11.28,11.38,10.69,10.87,5860,2256700
2012.10.11,10.92,11.09,10.37,10.37,5722,3354500
2012.10.15,10.43,10.82,10.39,10.66,4464,1936000
2012.10.16,10.64,10.75,10.39,10.43,3591,1664200
2012.10.17,10.53,10.94,10.26,10.83,4888,2515300
2012.10.18,10.73,10.94,10.65,10.75,3836,1717900
2012.10.19,10.84,10.84,10.48,10.54,2711,1154400
2012.10.22,10.54,10.82,10.4,10.73,3524,1206200
2012.10.23,10.67,10.89,10.48,10.68,3418,1421600
2012.10.24,10.71,10.79,10.33,10.36,3366,1766300
2012.10.25,10.45,10.6,10.3,10.41,2475,1208500
2012.10.26,10.28,10.46,9.96,10.11,4024,2017000
2012.10.29,9.98,10.24,9.88,10.05,1625,650700
2012.10.30,10.23,10.23,9.98,10.14,1565,600300
2012.10.31,10.15,10.26,10.06,10.1,3041,1053800
2012.11.01,10.05,10.2,10.01,10.04,2679,1313100
2012.11.05,9.9,10.58,9.89,10.48,4591,2231700
2012.11.06,10.63,10.86,10.48,10.69,5008,2238800
2012.11.07,10.8,10.8,10.33,10.73,3044,1627100
2012.11.08,10.71,10.87,10.33,10.33,3262,1409300
2012.11.09,10.37,10.68,10.1,10.35,3780,1522000
2012.11.12,10.36,10.49,10.16,10.16,1968,835800
2012.11.13,10.15,10.3,10,10.05,4349,1521500
2012.11.14,10.06,10.42,9.83,10.14,5662,2462100
2012.11.16,10,10.3,9.59,9.62,4172,1747100
2012.11.19,9.7,9.93,9.47,9.62,3890,1790000
2012.11.21,9.82,9.85,9.51,9.51,3781,1425700
2012.11.22,9.58,9.69,9.55,9.65,768,267800
2012.11.23,9.66,9.81,9.59,9.81,1821,824400
2012.11.26,9.78,9.78,9.35,9.41,2669,1318900
2012.11.27,9.43,9.68,9.38,9.38,2842,969700
2012.11.28,9.44,9.68,9.12,9.67,3828,1657500
2012.11.29,9.75,10.1,9.63,10.1,3132,1272400
2012.11.30,10.16,10.25,9.88,10.2,3093,1267600
2012.12.03,10.25,10.36,9.97,10.17,3890,1082200
2012.12.04,10.22,10.48,10.11,10.11,2619,997200
2012.12.05,10.17,10.35,9.96,10.25,3068,922100
2012.12.06,10.2,10.25,9.97,10.13,2213,796500
2012.12.07,10.17,10.54,10.08,10.48,4128,1430200
2012.12.10,10.42,10.63,10.25,10.44,2985,905400
2012.12.11,10.57,10.6,10.31,10.36,4135,1591000
2012.12.12,10.25,10.42,10.1,10.2,5553,1915900
2012.12.13,10.16,10.3,9.9,9.91,4056,1462200
2012.12.14,10.01,10.79,9.91,10.72,7660,3519300
2012.12.17,10.63,10.96,10.44,10.72,3184,1562500
2012.12.18,10.81,10.95,10.51,10.81,3724,1337800
2012.12.19,10.9,11.41,10.64,11.15,5009,1974500
2012.12.20,11.22,11.36,11.07,11.19,3584,1412000
2012.12.21,10.99,11.23,10.96,11.19,2878,1246500
2012.12.26,11.96,13.58,11.96,13.01,15362,9774600
2012.12.27,12.86,13.06,12.41,12.64,5346,2167300
2012.12.28,12.57,12.94,12.57,12.86,4756,1957800
2013.01.02,13.21,13.53,12.59,12.78,6274,2579800
2013.01.03,12.97,13.14,12.72,12.97,5988,1605800
2013.01.04,13.01,13.14,12.41,12.53,8002,4594000
2013.01.07,12.64,12.96,12.05,12.63,4963,1857200
2013.01.08,12.64,13.29,12.54,13.16,5946,2693400
2013.01.09,13.18,13.44,12.87,13.35,6737,2332600
2013.01.10,13.1,13.45,13.06,13.33,5767,1621300
2013.01.11,13.25,14.03,13.11,13.79,5364,1832900
2013.01.14,13.86,13.91,13.45,13.56,3022,1050300
2013.01.15,13.55,14.05,13.37,13.89,3993,2141700
2013.01.16,13.89,14.39,13.48,14.28,3051,1629100
2013.01.17,14.04,14.91,14.01,14.67,4974,2043500
2013.01.18,14.87,14.87,14.37,14.75,3413,1716300
2013.01.21,14.56,14.81,14.2,14.69,2917,2001400
2013.01.22,14.68,14.73,14.24,14.48,4257,2102800
2013.01.23,14.37,14.58,14.25,14.37,2481,713900
2013.01.24,14.35,14.9,14.32,14.7,7172,2854800
2013.01.28,14.91,15.06,14.3,14.32,4579,1629600
2013.01.29,14.34,14.93,14.34,14.93,6483,2961100
2013.01.30,14.53,14.66,13.78,14.34,8292,6407100
2013.01.31,14.34,14.77,14.14,14.43,6524,2852400
2013.02.01,14.43,14.66,14.24,14.34,4220,2163000
2013.02.04,14.42,14.63,14.29,14.51,5706,2156700
2013.02.05,14.43,14.74,14.38,14.61,3394,1202100
2013.02.06,14.53,14.74,14.29,14.44,2712,998000
2013.02.07,14.49,14.62,14.08,14.19,3918,1760300
2013.02.08,14.34,14.58,13.62,13.75,4862,3945900
2013.02.13,13.83,14.24,13.65,14.1,4369,1060700
2013.02.14,13.98,14.06,13.57,13.6,2588,1210000
2013.02.15,13.47,13.61,13.07,13.23,3474,1438500
2013.02.18,13.32,13.44,13.02,13.25,1840,880200
2013.02.19,13.21,13.36,12.98,13.04,3948,1568600
2013.02.20,13.11,13.21,12.49,12.74,7165,2022600
2013.02.21,12.64,12.79,12.1,12.3,4601,1781400
2013.02.22,12.38,12.98,12.32,12.81,5666,2316600
2013.02.25,12.91,13,12.24,12.38,5610,1735600
2013.02.26,12.21,12.63,12.07,12.37,4243,1310300
2013.02.27,12.2,12.51,11.9,12.09,7379,3201600
2013.02.28,12.19,12.62,12.19,12.53,6449,2820200
2013.03.01,12.31,12.57,12.22,12.57,3796,1630000
2013.03.04,12.49,13.32,12.32,13.24,4656,1643800
2013.03.05,13.14,13.91,13.11,13.39,8706,2920700
2013.03.06,13.54,13.64,12.85,13.49,6884,2071200
2013.03.07,13.63,14.43,13.51,14.1,7734,3394600
2013.03.08,13.91,13.91,12.94,13.35,9047,10328500
2013.03.11,13.35,13.61,13.1,13.31,4697,2071000
2013.03.12,13.22,13.88,13.21,13.76,5687,2016700
2013.03.13,13.61,14.6,13.61,14.05,7992,2830500
2013.03.14,14.2,14.51,14.08,14.21,6662,2352100
2013.03.15,14.05,14.3,13.82,14.04,2745,911000
2013.03.18,14,14.69,13.85,14.49,4789,2077400
2013.03.19,14.44,14.61,13.85,13.92,6244,2079100
2013.03.20,14,14.16,13.05,13.21,9201,3880100
2013.03.21,13.35,13.46,12.79,12.89,6051,1938400
2013.03.22,13.02,13.11,12.42,12.54,4784,1713100
2013.03.25,12.64,12.68,11.64,11.84,8847,3308800
2013.03.26,11.72,12.3,11.43,12.2,10849,3315100
2013.03.27,12.27,12.57,11.73,11.82,7257,3143800
2013.03.28,12.33,12.45,11.73,11.91,8858,3226200
2013.04.01,11.91,12.03,11.51,11.86,4437,1730900
2013.04.02,11.93,11.95,11.1,11.1,9582,3318800
2013.04.03,10.96,11.31,10.81,11.26,6011,2462300
2013.04.04,11.26,11.26,10.63,10.86,6299,2678600
2013.04.05,10.79,11.15,10.14,11.15,10769,5113100
2013.04.08,11.65,11.88,11.35,11.54,13029,5965200
2013.04.09,11.55,11.74,11.18,11.21,7733,3107100
2013.04.10,11.28,11.55,11.12,11.32,8162,3074200
2013.04.11,11.31,11.6,11.17,11.46,4752,2352500
2013.04.12,11.5,11.63,11.18,11.58,4237,1576200
2013.04.15,11.33,12.06,11.21,11.33,6592,2730800
2013.04.16,11.47,12.12,11.42,12.07,5793,3128100
2013.04.17,11.81,11.9,11.42,11.55,7519,2526700
2013.04.18,11.6,12.8,11.5,12.79,12598,8287000
2013.04.19,13.5,13.51,12.4,13.3,7333,3949500
2013.04.22,13.25,13.25,12.63,13,5562,1893800
2013.04.23,12.98,13.45,12.78,12.85,5966,1824300
2013.04.24,12.79,13.21,12.7,13.19,4091,1493700
2013.04.25,13.21,14.01,13.21,13.81,11080,4232100
2013.04.26,13.5,14,13.01,13.35,6869,2735900
2013.04.29,13.4,13.61,12.57,12.86,8593,3108200
2013.04.30,12.95,12.99,12.25,12.4,10456,3661400
2013.05.02,12.1,12.38,12.02,12.13,5482,1758000
2013.05.03,12.3,12.47,11.91,11.99,4805,1570200
2013.05.06,12.05,12.42,11.6,12.35,11117,3891300
2013.05.07,12.24,12.55,12.18,12.4,3444,1607900
2013.05.08,12.4,12.52,12.02,12.19,4755,1753200
2013.05.09,12.4,12.5,11.95,12.14,3081,1129700
2013.05.10,12.15,12.28,11.97,12.17,4168,1237900
2013.05.13,12.15,12.25,11.81,11.86,4711,1863900
2013.05.14,12.07,12.5,12,12.25,8527,3518800
2013.05.15,12.29,12.59,11.74,11.8,5789,3115400
2013.05.16,11.81,12,11.22,11.37,5377,1912700
2013.05.17,11.46,11.56,11.01,11.13,4346,1703100
2013.05.20,11.13,11.36,10.96,11.25,5248,1992900
2013.05.21,11.16,11.41,11,11.15,4360,1887100
2013.05.22,11.18,11.28,10.98,11,3977,1632500
2013.05.23,10.82,10.89,10.64,10.7,6007,2074200
2013.05.24,10.71,10.85,10.44,10.47,4599,1512200
2013.05.27,10.44,10.54,10.4,10.49,1485,637500
2013.05.28,10.6,11.05,10.6,10.83,5827,2201300
2013.05.29,10.85,10.89,9.95,9.95,8320,4050200
2013.05.31,10.1,10.29,9.31,9.31,13986,4905600
2013.06.03,9.41,9.58,8.87,8.95,6726,2952000
2013.06.04,9.11,9.24,8.79,9.18,6622,3037100
2013.06.05,9.3,9.44,8.84,8.84,7063,4033100
2013.06.06,8.91,8.94,8.56,8.6,5764,2664300
2013.06.07,8.51,8.71,8.2,8.22,6706,1995900
2013.06.10,8.28,8.39,7.66,7.66,10143,3972400
2013.06.11,7.55,7.89,7.39,7.87,8214,3737900
2013.06.12,8.08,8.64,7.97,8.45,11749,5287000
2013.06.13,8.5,8.7,8.23,8.47,7701,2967800
2013.06.14,8.53,8.73,8.41,8.52,4494,2716200
2013.06.17,8.65,8.69,8.43,8.45,3967,1338100
2013.06.18,8.19,8.37,8.08,8.24,3267,1619600
2013.06.19,8.29,8.35,7.75,7.75,5403,1961000
2013.06.20,7.59,7.59,7.12,7.5,15125,8201800
2013.06.21,7.52,7.53,7.16,7.28,3116,1505000
2013.06.24,7.15,7.15,6.62,6.73,7195,3421600
2013.06.25,6.89,7.5,6.87,7.5,5921,2593800
2013.06.26,7.44,7.67,7.26,7.27,4509,1831700
2013.06.27,7.22,7.46,7.22,7.41,4171,1519300
2013.06.28,7.36,7.43,7.17,7.17,4895,1718500
2013.07.01,7.17,7.39,7.03,7.08,4691,2235700
2013.07.02,7.03,7.19,6.61,6.75,6919,2705700
2013.07.03,6.61,6.68,6.25,6.25,5136,2221200
2013.07.04,6.45,6.48,6.3,6.35,2689,1346900
2013.07.05,6.4,6.41,6,6.14,3558,1431400
2013.07.08,6.33,6.58,6.18,6.46,4442,1686400
2013.07.10,6.92,7,6.79,6.92,4430,2377400
2013.07.11,7.05,7.31,6.96,7.27,3892,1922000
2013.07.12,7.24,7.34,7.12,7.19,3274,1572400
2013.07.15,7.26,7.49,7.16,7.42,4789,1352500
2013.07.16,7.49,7.72,7.41,7.41,4667,2014200
2013.07.17,7.56,7.94,7.46,7.87,3690,2074900
2013.07.18,7.91,8.09,7.71,7.77,4046,1981200
2013.07.19,7.69,7.9,7.56,7.71,3106,1248800
2013.07.22,7.79,7.99,7.7,7.99,2823,1015300
2013.07.23,8.15,8.22,7.84,7.84,2503,1219700
2013.07.24,7.97,7.97,7.77,7.89,1740,629800
2013.07.25,7.9,8.15,7.75,8.14,2745,1222700
2013.07.26,8.18,8.28,8.08,8.24,2077,718900
2013.07.29,8.4,8.4,8.05,8.24,2486,900500
2013.07.30,8.37,8.37,8.07,8.2,3069,1593000
2013.07.31,8.07,8.13,7.78,7.82,3144,1556300
2013.08.01,7.87,8.09,7.66,8,3285,1806800
2013.08.02,7.99,8.31,7.7,7.7,2961,2544000
2013.08.05,7.63,7.72,7.46,7.5,4631,1349800
2013.08.06,7.44,7.6,7.05,7.07,4357,4291300
2013.08.07,7,7.04,6.81,6.87,4319,2285900
2013.08.08,6.89,7.29,6.85,7.23,7073,3018500
2013.08.09,7.24,7.59,7.21,7.45,4433,1734900
2013.08.12,7.65,7.9,7.53,7.57,10374,3096900
2013.08.13,8.27,8.27,7.33,7.45,8971,4960000
2013.08.14,7.44,8.07,7.34,7.95,11835,4929000
2013.08.15,8,8.29,7.72,8.21,10463,3532800
2013.08.16,8.24,8.59,8.17,8.59,6174,2279800
2013.08.19,8.6,8.66,8.28,8.4,4787,1368200
2013.08.20,8.6,8.9,8.41,8.55,6123,3065200
2013.08.21,8.63,8.74,8.36,8.59,5209,2000600
2013.08.22,8.73,8.8,8.5,8.68,2751,1016600
2013.08.23,8.73,9.03,8.6,8.92,5758,2233700
2013.08.26,8.9,9.12,8.44,8.55,4804,1645300
2013.08.27,8.52,8.54,8.22,8.24,6413,2221300
2013.08.28,8.14,8.35,8.04,8.22,7924,3260100
2013.08.29,8.13,8.5,8.13,8.35,3792,1397800
2013.08.30,8.38,8.77,8.38,8.46,4987,5022800
2013.09.02,8.67,8.93,8.6,8.89,3960,1539100
2013.09.03,8.91,9.08,8.55,8.67,3983,1970900
2013.09.04,8.5,8.8,8.4,8.77,1975,1515300
2013.09.05,8.8,9.51,8.8,9.45,7066,3564100
2013.09.06,9.51,10.75,9.51,10.75,11252,6189900
2013.09.09,10.64,10.7,10.32,10.7,8721,3011000
2013.09.10,10.75,11.03,10.62,10.73,6247,3059300
2013.09.11,10.78,10.97,10.5,10.5,4520,2460500
2013.09.12,10.46,10.55,10.23,10.35,4267,2900600
2013.09.13,10.3,11.36,10.27,11.36,7715,4111000
2013.09.16,11.43,11.57,10.85,10.85,5954,2158300
2013.09.17,10.92,10.97,10.62,10.74,4270,1503100
2013.09.18,10.87,11.1,10.57,11.1,6252,2063400
2013.09.19,11.22,11.31,10.77,10.86,4683,1658100
2013.09.20,10.9,11.12,10.43,10.51,4896,1730700
2013.09.23,10.51,10.52,10.23,10.34,6328,2636000
2013.09.24,10.33,10.43,9.97,10.2,3422,1375500
2013.09.25,9.97,10.45,9.97,10.36,3140,1014900
2013.09.26,10.36,10.7,10.3,10.64,3325,1171600
2013.09.27,10.68,10.86,10.61,10.63,2509,1033200
2013.09.30,10.6,10.79,10.36,10.59,2992,942500
2013.10.01,10.6,10.97,10.6,10.86,2902,969300
2013.10.02,10.9,10.96,10.72,10.8,1801,464300
2013.10.03,10.77,10.93,10.64,10.82,3159,765800
2013.10.04,10.86,11.15,10.75,11.15,2183,711700
2013.10.07,10.93,10.99,10.72,10.72,4164,1239500
2013.10.08,10.64,10.75,9.99,10.08,4129,1364200
2013.10.09,10.07,10.25,9.92,10.18,4380,1500600
2013.10.10,10.23,10.33,10.04,10.06,3410,1189300
2013.10.11,10.06,10.51,10.02,10.5,3579,1377100
2013.10.14,10.41,10.85,10.31,10.85,4076,1268700
2013.10.15,10.92,10.95,10.6,10.8,5079,1987500
2013.10.16,10.85,11.1,10.75,10.87,7347,1849400
2013.10.17,10.8,10.92,10.58,10.8,2658,735700
2013.10.18,10.95,11.08,10.54,10.54,2361,820200
2013.10.21,10.56,11.49,10.56,11.23,4914,1672600
2013.10.22,11.35,11.96,11.35,11.96,6395,2458000
2013.10.23,11.97,12.46,11.65,11.91,5750,2403900
2013.10.24,12.14,12.22,11.32,11.43,6301,2196300
2013.10.25,11.55,11.62,11.02,11.08,5001,1464300
2013.10.28,10.99,11.25,10.93,11.25,2976,1141700
2013.10.29,11.31,11.61,11,11.08,5329,1563100
2013.10.30,11.11,11.25,10.58,10.96,4370,1579100
2013.10.31,10.99,11.35,10.9,11.33,4668,1545800
2013.11.01,11.49,11.49,10.94,11.1,7322,2204900
2013.11.04,11.2,11.46,11.01,11.43,3522,1204300
2013.11.05,11.5,11.5,11.12,11.19,5531,1786400
2013.11.06,11.3,11.31,10.62,10.99,7387,2688500
2013.11.07,11.05,11.28,10.69,10.71,7033,2354200
2013.11.08,10.8,10.96,10.31,10.44,7085,2489800
2013.11.11,10.49,10.61,10.26,10.42,2832,925200
2013.11.12,10.38,10.38,9.83,9.97,4432,1798500
2013.11.13,10.02,10.02,9.07,9.5,5532,2985100
2013.11.14,9.7,10.18,9.61,10.18,5499,1847900
2013.11.18,10.26,10.67,10.26,10.55,4193,1567300
2013.11.19,10.49,10.58,9.9,9.96,5075,2037900
2013.11.21,9.16,9.87,9.16,9.72,5323,1753900
2013.11.22,9.61,9.95,9.52,9.83,3824,1023500
2013.11.25,10.2,10.25,9.8,10.19,4147,1486000
2013.11.26,10.13,10.18,9.81,10.12,4741,1830800
2013.11.27,10.17,10.34,10.05,10.17,4899,1829400
2013.11.28,10.36,10.36,9.86,9.94,2426,764500
2013.11.29,10,10.13,9.8,9.91,3080,1189500
2013.12.02,9.8,9.86,9.57,9.57,3834,1114400
2013.12.03,9.59,9.68,9.28,9.51,5602,1870800
2013.12.04,9.62,9.65,9.31,9.4,5553,1620800
2013.12.05,9.47,9.65,9.22,9.36,5629,1266700
2013.12.06,9.42,9.53,9.25,9.4,5165,1318400
2013.12.09,9.4,9.54,9.32,9.46,2559,631900
2013.12.10,9.4,9.57,9.35,9.4,2231,625400
2013.12.11,9.32,9.5,9.3,9.36,4543,1281800
2013.12.12,9.4,9.47,9.21,9.35,3850,1032500
2013.12.13,9.31,9.49,9.26,9.26,2242,852400
2013.12.16,9.26,9.82,9.26,9.72,9087,2421000
2013.12.17,9.77,9.85,9.55,9.56,3263,921200
2013.12.18,9.64,9.84,9.55,9.6,5210,1923900
2013.12.19,9.75,9.8,9.47,9.7,2571,1250700
2013.12.20,9.78,10.1,9.68,10.07,4264,2346700
2013.12.23,10.45,10.57,10.25,10.27,4226,2093000
2013.12.26,10.3,10.44,10.18,10.25,3750,1328200
2013.12.27,10.36,10.38,10.11,10.2,2557,821100
2013.12.30,10.26,10.81,10.21,10.48,4865,1749100
2014.01.02,10.59,10.7,10,10.13,8507,2483900
2014.01.03,10.05,10.68,10.05,10.68,5945,6413000
2014.01.06,10.68,10.95,10.41,10.82,7293,2824100
2014.01.07,10.95,11.15,10.64,10.86,3796,1594900
2014.01.08,10.95,11.1,10.88,10.92,3509,1249500
2014.01.09,11.05,11.05,10.8,10.81,3844,1552500
2014.01.10,10.81,10.9,10.57,10.7,3507,971000
2014.01.13,10.81,10.82,10.56,10.66,2810,659400
2014.01.14,10.7,10.81,10.57,10.58,2239,586900
2014.01.15,10.69,10.76,10.59,10.7,2406,585400
2014.01.16,10.91,10.94,10.69,10.75,2929,787600
2014.01.17,10.86,10.87,10.61,10.72,2376,629500
2014.01.20,10.72,10.75,10.41,10.5,1239,437100
2014.01.21,10.52,10.69,10.42,10.6,2448,994500
2014.01.22,10.86,11.54,10.84,11.47,6146,2087400
2014.01.23,11.44,11.44,10.94,10.94,5613,1661200
2014.01.24,10.83,10.88,10.43,10.46,4100,1145700
2014.01.27,10.41,10.52,10.05,10.1,5358,1192200
2014.01.28,10.21,10.33,10,10.16,3839,1039200
2014.01.29,10.05,10.1,9.91,10.05,2229,1012600
2014.01.30,9.99,10.26,9.86,9.91,2019,663500
2014.01.31,9.8,9.85,9.54,9.6,3855,1113800
2014.02.03,9.5,9.78,9.17,9.29,4409,1206900
2014.02.04,9.31,9.65,9.2,9.51,1983,612100
2014.02.05,9.37,9.85,9.25,9.7,3070,914100
2014.02.06,9.88,10.4,9.74,10.17,3368,1010600
2014.02.07,10.24,10.58,10.24,10.4,2733,805000
2014.02.10,10.38,10.5,10.27,10.44,1403,409000
2014.02.11,10.55,10.77,10.52,10.55,2897,721200
2014.02.12,10.65,10.73,10.41,10.6,3560,910300
2014.02.13,10.66,10.75,10.17,10.55,4645,1240600
2014.02.14,10.66,10.98,10.56,10.8,2935,881600
2014.02.17,10.8,10.9,10.5,10.5,1504,407800
2014.02.18,10.49,10.95,10.41,10.63,5459,1835200
2014.02.19,10.61,10.97,10.52,10.93,4092,1254900
2014.02.20,11.1,11.69,11.07,11.33,7568,2675800
2014.02.21,11.45,11.6,11.27,11.38,3655,1529000
2014.02.24,11.41,11.68,11.32,11.54,2799,891200
2014.02.25,11.56,11.63,11.23,11.23,1727,555600
2014.02.26,11.3,11.44,11.08,11.17,2135,569900
2014.02.27,11.39,11.42,11.14,11.37,2610,508500
2014.02.28,11.44,11.46,11.01,11.08,4124,901700
2014.03.05,11.16,11.27,10.77,10.77,2104,664100
2014.03.06,10.85,10.9,10.44,10.52,3252,1059700
2014.03.07,10.5,10.67,10.06,10.2,3594,916000
2014.03.10,10.22,10.32,9.85,10.26,3989,1101200
2014.03.11,10.32,10.45,10.03,10.05,3532,949100
2014.03.12,10.09,10.09,9.61,9.92,4711,1435900
2014.03.13,10,10.15,9.78,9.82,4153,888300
2014.03.14,9.72,9.96,9.59,9.66,2743,610300
2014.03.17,9.8,10.25,9.8,10.02,3713,1156800
2014.03.18,10.06,10.27,10,10.24,3339,658300
2014.03.19,10.31,10.57,10.25,10.56,4434,797600
2014.03.20,10.42,10.67,10.35,10.49,4280,742700
2014.03.21,10.39,10.6,10.35,10.38,3431,738300
2014.03.24,10.44,10.57,10.3,10.52,4058,939100
2014.03.25,10.6,10.76,10.36,10.42,3966,1041100
2014.03.26,10.63,10.85,10.5,10.59,5195,1709600
2014.03.27,10.64,10.87,10.64,10.79,8049,1388700
2014.03.28,10.84,11.18,10.79,11.13,6118,1526900
2014.03.31,11.2,11.29,10.9,10.94,3074,809400
2014.04.01,10.96,11.16,10.94,11.01,4232,972900
2014.04.02,11.01,11.75,11.01,11.7,5239,1167200
2014.04.03,11.7,12.47,11.52,12.4,9286,2549100
2014.04.04,12.5,12.96,12.17,12.23,5796,1346000
2014.04.07,12.36,12.53,12.01,12.25,3745,1033500
2014.04.08,12.68,12.71,12.15,12.32,4605,934800
2014.04.09,12.33,12.46,12.1,12.4,4211,958800
2014.04.10,12.4,12.59,11.96,12.15,6331,1278100
2014.04.11,12.02,12.21,11.82,12.12,3706,770600
2014.04.14,12.15,12.42,11.92,12.42,4542,853600
2014.04.15,12.54,12.62,12.14,12.28,5284,1031600
2014.04.16,12.38,12.49,12.24,12.49,4619,1478800
2014.04.17,12.49,12.59,12.28,12.5,3379,656300
2014.04.22,12.42,12.55,12.28,12.4,4423,804100
2014.04.23,12.28,12.46,12.1,12.32,1940,530400
2014.04.24,12.32,13.23,12.24,13.09,8879,2221800
2014.04.25,13.1,13.1,12.72,12.88,8473,1680800
2014.04.28,12.88,13.58,12.8,13.4,8409,2227000
2014.04.29,13.41,14,13.2,13.9,5469,1631500
2014.04.30,13.92,14.39,13.79,14.29,4032,1177000
2014.05.02,14.47,15.33,14.4,15.19,8090,4291800
2014.05.05,15.29,15.34,14.51,14.63,5532,1570400
2014.05.06,14.54,15.06,14.54,14.94,3982,1152700
2014.05.07,14.82,14.9,14.61,14.75,2764,832200
2014.05.08,14.72,14.81,13.94,13.94,4051,1156400
2014.05.09,14.04,14.22,13.47,13.52,4390,1150600
2014.05.12,13.5,14.39,13.5,14.29,2133,819200
2014.05.13,14.29,14.54,14.13,14.2,2353,750600
2014.05.14,14.15,14.37,13.89,13.98,2241,736300
2014.05.15,13.87,14.11,13.34,14.05,4210,1447200
2014.05.16,14,14.09,13.49,13.49,2414,877300
2014.05.19,13.47,13.51,13.2,13.46,3237,834800
2014.05.20,13.49,13.67,12.98,13,4228,1238900
2014.05.21,13.05,13.55,12.88,13.45,4316,1110300
2014.05.22,13.55,13.64,13.13,13.2,4045,1046800
2014.05.23,13.2,13.48,13.2,13.38,1771,572600
2014.05.26,13.45,13.58,13.26,13.52,746,205400
2014.05.27,13.51,13.97,13.44,13.61,2852,920100
2014.05.28,13.86,14.1,13.66,14,3085,1160700
2014.05.29,14.16,14.59,13.88,14,4024,1346800
2014.05.30,13.85,14.04,13.17,13.17,4587,1452500
2014.06.02,13.22,13.36,12.58,12.71,5342,1751300
2014.06.03,12.7,12.93,12.41,12.65,4576,1136700
2014.06.04,12.69,12.69,12.33,12.37,4424,1087100
2014.06.05,12.51,12.52,12.1,12.16,5141,1175900
2014.06.06,12.4,12.79,12.3,12.51,4010,1248600
2014.06.09,12.52,13.17,12.36,13.06,3692,1341600
2014.06.10,13.13,13.18,12.81,12.96,2902,966400
2014.06.11,13.13,13.17,12.94,13.08,3713,952600
2014.06.13,12.69,12.8,12.32,12.57,4156,1155700
2014.06.16,12.59,12.6,12.18,12.18,4058,1017100
2014.06.17,12.18,12.18,11.92,12.17,1877,498700
2014.06.18,12.19,12.61,12.05,12.59,3556,722300
2014.06.20,12.7,12.8,12.32,12.32,2587,623000
2014.06.23,12.37,12.39,12.13,12.26,1352,294600
2014.06.24,12.26,12.55,12.21,12.21,3026,612000
2014.06.25,12.21,12.38,12.13,12.15,2710,511800
2014.06.26,12.29,12.39,12.01,12.31,2271,509800
2014.06.27,12.2,12.36,12.08,12.15,2763,650900
2014.06.30,12.18,12.18,11.99,12.02,2723,466300
2014.07.01,12.07,12.4,12.07,12.4,3391,724300
2014.07.02,12.3,12.47,12.15,12.18,2235,653200
2014.07.03,12.08,12.27,11.98,12.19,1571,340900
2014.07.04,12.15,12.32,12.15,12.29,195,73900
2014.07.07,12.29,12.34,11.99,12.01,1758,422700
2014.07.08,12.14,12.14,11.62,11.68,2706,1039900
2014.07.10,12.05,12.96,11.92,12.96,8275,2472800
2014.07.11,12.88,13.5,12.71,13.45,7932,1986800
2014.07.14,13.46,13.75,13.04,13.24,4304,1272400
2014.07.15,13.32,14,13.2,13.7,3373,1148200
2014.07.16,13.7,14,13.2,13.2,1973,667500
2014.07.17,13.23,13.26,12.58,12.6,4694,1394100
2014.07.18,13.04,13.06,12.43,12.97,6050,1682700
2014.07.21,13.02,13.5,13,13.33,4367,1725700
2014.07.22,13.35,13.64,13.35,13.63,3557,1188100
2014.07.23,13.38,14.2,13.36,14.2,5022,1400500
2014.07.24,14.2,14.59,14.18,14.4,3383,881200
2014.07.25,14.32,14.58,14.1,14.13,1842,870300
2014.07.28,14.3,15.17,14.27,14.89,6121,2266800
2014.07.29,14.7,14.75,14.15,14.34,6222,1669200
2014.07.30,14.37,14.65,13.8,13.82,2753,941800
2014.07.31,13.7,13.8,13.28,13.73,3616,1056000
2014.08.01,13.87,14.09,13.52,13.68,3185,872000
2014.08.04,13.81,14.21,13.8,14.1,2678,731500
2014.08.05,14.13,14.38,13.48,13.54,3048,1141500
2014.08.06,13.48,13.96,13.35,13.86,2878,735000
2014.08.07,13.82,14.08,13.55,13.6,2664,620100
2014.08.08,13.65,13.85,13.43,13.45,1948,599900
2014.08.11,13.58,13.71,13.3,13.37,3278,1224300
2014.08.12,13.3,13.36,12.87,13.15,3376,1090700
2014.08.13,13.21,13.48,13.06,13.06,3284,936700
2014.08.14,13.2,13.36,12.9,13.24,3359,1162700
2014.08.15,13.31,13.67,13.16,13.67,2920,925500
2014.08.18,13.8,13.88,13.6,13.76,1616,501900
2014.08.19,13.73,14,13.65,14,1440,456500
2014.08.20,13.9,14.19,13.9,14,1459,337400
2014.08.21,13.92,14.1,13.77,13.85,1375,372800
2014.08.22,13.81,14.05,13.75,13.88,1785,528400
2014.08.25,14.01,14.12,13.96,14.12,1875,422200
2014.08.26,14.12,14.26,13.85,14,2743,577000
2014.08.27,14.12,14.12,13.74,13.94,5029,3164600
2014.08.28,13.91,13.95,13.54,13.54,4718,944200
2014.08.29,13.52,13.9,13.36,13.87,3125,999600
2014.09.01,13.9,14.59,13.9,14.4,2162,1499300
2014.09.02,14.4,14.79,14.1,14.65,3116,1016900
2014.09.03,14.65,15.29,14.65,14.99,5643,2012900
2014.09.04,14.96,15.67,14.91,15.23,3245,1508500
2014.09.05,15.27,15.4,15.02,15.1,1894,702700
2014.09.08,15.1,15.4,14.75,14.76,5022,1675000
2014.09.09,14.43,14.93,14.33,14.38,2853,823800
2014.09.10,14.38,14.71,13.93,14.62,5183,1502200
2014.09.11,14.67,15.01,14.67,14.82,3693,1062800
2014.09.12,14.8,14.81,13.93,14,6492,2106100
2014.09.15,13.96,13.96,13.22,13.65,6186,1642800
2014.09.16,13.62,14.38,13.62,13.93,3241,866700
2014.09.17,14.15,14.6,13.62,13.62,6335,1663700
2014.09.18,13.67,13.73,13.33,13.36,3228,620600
2014.09.19,13.3,13.5,13.13,13.42,4045,856200
2014.09.22,13.28,13.4,13.04,13.13,2044,563900
2014.09.23,13.08,13.29,12.92,12.92,1982,865900
2014.09.24,13.11,13.14,12.67,12.71,1994,509700
2014.09.25,12.74,13.02,12.5,12.93,1881,527600
2014.09.26,12.88,13.04,12.7,12.77,1672,359400
2014.09.29,12.2,12.51,11.84,11.9,6621,1488900
2014.09.30,11.92,12.06,11.21,11.7,3461,1177600
2014.10.01,11.4,11.43,10.94,11.1,4215,1078200
2014.10.02,11,11.8,11,11.53,4890,1788400
2014.10.03,11.45,12.23,11.45,12.23,4337,1080300
2014.10.06,13,13.47,12.77,12.85,7751,2411000
2014.10.07,13,13.12,12.51,12.59,4511,1099100
2014.10.08,12.81,13.09,12.46,12.85,4797,1260200
2014.10.09,13.05,13.14,12.53,12.66,6440,1697800
2014.10.10,12.64,12.67,11.86,11.97,4809,1615100
2014.10.13,12.24,13.2,12.04,12.76,5008,1618400
2014.10.14,12.52,12.83,12.23,12.83,4491,3368000
2014.10.15,12.54,12.74,11.92,12.22,5010,1603200
2014.10.16,11.69,12.28,11.68,11.92,4923,1495900
2014.10.17,12.16,12.34,12.01,12.27,3295,1236200
2014.10.20,12.17,12.3,11.81,12,2466,697500
2014.10.21,11.48,11.68,11.08,11.33,9805,3088400
2014.10.22,11.4,11.88,11.24,11.38,3434,1060300
2014.10.23,11.1,11.33,10.59,10.64,8428,2207500
2014.10.24,10.87,11.54,10.65,11.37,5989,1848800
2014.10.27,10.63,11.07,10.33,10.78,10434,1978400
2014.10.28,11.1,12.75,11.1,12.45,7672,2912900
2014.10.29,12.32,12.44,11.69,11.69,4280,1306100
2014.10.30,11.83,12.57,11.82,12.48,3950,1250800
2014.10.31,12.49,12.95,12.14,12.82,5159,1370800
2014.11.03,12.8,12.95,12.33,12.66,1881,682300
2014.11.04,12.52,13.13,12.52,13.1,3387,1024200
2014.11.05,12.99,13.27,12.92,12.96,1815,442400
2014.11.06,12.85,12.91,12.37,12.5,2594,643200
2014.11.07,12.4,12.55,12.09,12.25,1570,551700
2014.11.10,12.32,12.68,12.12,12.14,2319,606900
2014.11.11,12.1,12.43,11.85,12.36,3000,808900
2014.11.12,13.01,13.4,12.91,13.13,5642,1877600
2014.11.13,13.12,13.39,12.92,13.31,4496,1072900
2014.11.14,13.23,13.23,12.75,12.8,4290,2251800
2014.11.17,12.86,12.92,12.23,12.35,2592,614900
2014.11.18,12.36,12.36,12,12.32,4942,1238500
2014.11.19,12.2,12.83,12.2,12.83,4213,1059700
2014.11.21,12.7,13.78,12.7,13.78,9626,1967000
2014.11.24,13.75,14.24,13.59,13.82,7482,1657100
2014.11.25,14,14.19,13.71,13.75,4098,959600
2014.11.26,13.86,14,13.43,13.53,3174,785800
2014.11.27,13.59,14.96,13.49,14.56,4920,1921600
2014.11.28,14.65,15.17,14.65,15.03,6462,2250500
2014.12.01,14.99,15.15,14.08,14.19,5648,1991500
2014.12.02,14.17,14.37,13.74,13.85,5139,1135300
2014.12.03,13.9,13.93,13.53,13.78,4697,1797800
2014.12.04,13.78,14.22,13.44,14.11,3753,1097000
2014.12.05,14.18,15.02,13.98,14.56,6338,2434000
2014.12.08,14.65,14.65,14.25,14.39,4943,1601000
2014.12.09,14.34,14.68,14.08,14.61,4967,1758900
2014.12.10,14.42,14.95,14.35,14.74,4470,1150200
2014.12.11,14.81,15.29,14.81,15.25,4125,1714200
2014.12.12,15.03,15.42,14.6,14.73,4273,1305300
2014.12.15,14.66,14.74,13.4,13.99,6519,2341600
2014.12.16,13.7,13.72,12.15,12.55,10752,3898500
2014.12.17,12.58,13.24,12.58,12.9,10225,3070600
2014.12.18,13.03,13.88,12.91,13.75,7349,2848900
2014.12.19,13.93,14.28,13.88,14.08,6349,1534900
2014.12.22,14.1,14.7,14.04,14.7,4104,1519200
2014.12.23,14.51,14.58,13.95,14.27,4213,1497800
2014.12.26,14.2,14.59,14.01,14.59,2221,1141600
2014.12.29,14.5,15.08,14.41,14.99,3227,1067500
2014.12.30,15,15.21,14.87,15.18,2998,1221400
2015.01.02,14.9,15.2,14.61,14.99,3097,831500
2015.01.05,14.9,15.01,14.41,14.85,3956,1165500
2015.01.06,14.74,15.21,14.65,15.21,3649,1932600
2015.01.07,15.15,15.33,14.55,14.55,6459,1776900
2015.01.08,14.41,14.65,14.2,14.27,4026,1541700
2015.01.09,14.14,14.33,13.84,14.05,3560,1245100
2015.01.12,14.05,14.4,13.67,14.25,3461,2344500
2015.01.13,14.18,14.63,13.69,13.69,4804,2873300
2015.01.14,13.69,14.04,13.39,13.78,5118,2082900
2015.01.15,13.6,14.2,13.6,14.05,5655,1868200
2015.01.16,14.19,14.5,13.87,14.33,5474,1145900
2015.01.19,14.35,14.35,13.58,13.58,3048,905600
2015.01.20,13.72,14,12.83,13.07,4160,2680200
2015.01.21,13,13.27,12.81,12.94,4620,2288600
2015.01.22,13.19,13.56,12.85,13.51,6863,3588400
2015.01.23,13.55,14,13.15,13.25,3154,883500
2015.01.26,13.3,13.3,12.63,12.69,4555,1582200
2015.01.27,12.7,12.7,12.33,12.55,1901,557800
2015.01.28,12.47,12.75,12.1,12.24,3911,1554500
2015.01.29,12.31,12.9,12.1,12.84,2694,1284300
2015.01.30,12.6,12.97,12.08,12.22,5505,1851400
2015.02.02,12.2,12.2,11.67,11.75,7241,2307500
2015.02.03,11.81,12.09,11.55,11.65,8255,2353500
2015.02.04,11.73,11.98,11.67,11.91,7153,2159800
2015.02.05,11.87,12.06,11.73,11.75,3597,1168000
2015.02.06,11.62,11.67,10.83,10.95,7524,2986400
2015.02.09,10.98,11.09,10.55,10.69,6313,2083300
2015.02.10,10.56,10.9,10.56,10.82,4306,1532600
2015.02.11,11.05,11.19,10.36,10.45,8939,3034400
2015.02.12,10.6,11.18,10.6,10.94,5194,1679100
2015.02.13,10.94,11.02,10.68,10.8,2728,844500
2015.02.18,10.8,11.23,10.78,10.87,2710,837700
2015.02.19,10.77,10.87,10.65,10.8,1908,673800
2015.02.20,10.8,10.99,10.76,10.9,1721,603100
2015.02.23,10.9,11.07,10.51,10.51,4965,1260900
2015.02.24,10.56,10.87,10.49,10.87,2909,986500
2015.02.25,10.71,10.8,10.57,10.65,2911,957600
2015.02.26,10.66,10.75,10.36,10.5,4495,2235700
2015.02.27,10.45,10.56,9.98,10.05,4978,2392700
2015.03.02,9.96,10.25,9.56,9.66,7767,1881000
2015.03.03,9.62,9.88,9.46,9.64,5496,1412900
2015.03.04,9.6,9.7,9.36,9.55,6567,1828400
2015.03.05,9.6,9.64,9.36,9.36,2193,769400
2015.03.06,9.39,9.41,9.09,9.12,3112,1060700
2015.03.09,9.1,9.1,8.67,8.8,5170,1771000
2015.03.10,8.7,9.01,8.5,8.63,4752,1782700
2015.03.11,8.56,9.42,8.38,9.34,6577,2526200
2015.03.12,9.36,9.58,8.6,8.7,7532,2718100
2015.03.13,8.5,8.66,8.34,8.34,3875,1462300
2015.03.16,8.45,8.56,8.18,8.18,3715,1248200
2015.03.17,8.18,8.38,8.1,8.28,3910,1486500
2015.03.18,8.29,8.46,8.24,8.35,4449,1548400
2015.03.19,8.4,8.45,8.2,8.31,2996,1100400
2015.03.20,8.34,9,8.33,8.8,4051,1453300
2015.03.23,8.8,9.45,8.8,9.25,4662,1996000
2015.03.24,9.35,9.55,8.7,8.85,3951,1629800
2015.03.25,8.88,9.08,8.65,8.67,2558,1142500
2015.03.26,8.67,8.67,8.26,8.26,3488,1175600
2015.03.27,8.39,8.39,8.1,8.11,2160,944500
2015.03.30,8.12,8.34,8.12,8.21,2076,1142700
2015.03.31,8.05,8.25,7.82,7.82,4074,1757500
2015.04.01,7.9,8,7.33,7.41,5198,2544200
2015.04.02,7.49,7.77,7.46,7.62,3499,1376000
2015.04.06,7.67,7.87,7.62,7.75,3656,935600
2015.04.07,7.85,8.07,7.75,8,3944,1309900
2015.04.08,8.1,8.21,8,8.16,3883,1328200
2015.04.09,8.13,8.27,7.88,7.94,3062,1164800
2015.04.10,7.91,8.15,7.82,7.9,2101,673400
2015.04.13,7.84,7.99,7.8,7.83,2262,583100
2015.04.14,7.92,8.53,7.92,8.41,6489,3050300
2015.04.15,8.46,8.62,8.22,8.37,4169,1573100
2015.04.16,8.5,8.56,8.33,8.37,2410,806600
2015.04.17,8.26,8.33,8.01,8.02,3355,994500
2015.04.20,8.11,8.11,7.9,7.95,1845,552400
2015.04.22,7.95,8.18,7.95,8,2662,775300
2015.04.23,8.07,8.23,7.97,8.15,2386,883500
2015.04.24,8.22,8.4,8.2,8.23,3600,993800
2015.04.27,8.34,8.56,8.2,8.38,5130,1737000
2015.04.28,8.48,8.6,8.02,8.09,4859,1725300
2015.04.29,8.09,8.09,7.73,7.78,3722,1555100
2015.04.30,7.8,7.88,7.6,7.6,2474,1716500
2015.05.04,7.68,7.99,7.65,7.96,3627,1596400
2015.05.05,7.97,8.2,7.9,8.15,3928,1574700
2015.05.06,8.15,8.27,7.81,7.98,3992,1146300
2015.05.07,8,8.06,7.75,7.98,3208,993800
2015.05.08,8.03,8.15,7.67,7.74,4432,1820800
2015.05.11,7.76,7.85,7.67,7.67,1922,722900
2015.05.12,7.7,7.8,7.6,7.72,2559,839100
2015.05.13,7.65,7.96,7.6,7.91,2552,1562200
2015.05.14,7.9,8.13,7.87,7.94,3533,1594000
2015.05.15,7.9,8.39,7.9,8.35,5098,2260900
2015.05.18,8.4,8.4,7.9,7.9,2873,1226700
2015.05.19,7.97,8.02,7.71,7.76,2117,1006000
2015.05.20,7.77,7.87,7.55,7.64,2807,1802200
2015.05.21,7.65,7.76,7.58,7.63,2426,970300
2015.05.22,7.67,7.83,7.61,7.8,2494,729300
2015.05.25,7.76,7.92,7.66,7.72,2044,720700
2015.05.26,7.73,7.76,7.61,7.63,2260,625300
2015.05.27,7.72,7.73,7.61,7.63,2085,551000
2015.05.28,7.63,7.85,7.56,7.84,2606,1295500
2015.05.29,7.88,7.88,7.72,7.79,3131,720200
2015.06.01,7.82,7.83,7.7,7.77,2242,519400
2015.06.02,7.83,7.92,7.74,7.86,3355,1507500
2015.06.03,7.88,7.88,7.72,7.73,1435,500600
2015.06.05,7.7,7.88,7.7,7.85,1891,658100
2015.06.08,7.88,8.04,7.61,7.61,2954,1879300
2015.06.09,7.69,7.71,7.46,7.5,2213,1173500
2015.06.10,7.55,7.79,7.54,7.65,2459,1158400
2015.06.11,7.69,7.71,7.58,7.64,1965,573500
2015.06.12,7.6,7.78,7.55,7.78,2110,846800
2015.06.15,7.77,7.79,7.6,7.73,2246,637600
2015.06.16,7.76,7.8,7.63,7.65,2300,624500
2015.06.17,7.63,7.75,7.61,7.66,2506,927800
2015.06.18,7.72,7.72,7.6,7.64,1787,594800
2015.06.19,7.69,7.76,7.6,7.74,2024,1013000
2015.06.22,7.76,7.77,7.63,7.63,1111,292100
2015.06.23,7.68,7.74,7.61,7.61,1401,491300
2015.06.24,7.67,7.71,7.61,7.66,2334,712400
2015.06.25,7.64,7.75,7.46,7.46,2756,961900
2015.06.26,7.49,7.78,7.34,7.75,4907,2388300
2015.06.29,7.63,7.65,7.33,7.35,2963,1460300
2015.06.30,7.46,7.47,7.36,7.37,1972,746400
2015.07.01,7.43,7.49,7.11,7.12,2668,836800
2015.07.02,7.15,7.21,6.8,6.89,3557,1454600
2015.07.03,6.8,6.94,6.66,6.69,2357,754600
2015.07.06,6.65,6.8,6.44,6.51,4349,1388000
2015.07.07,6.5,6.55,6.08,6.23,5323,1819500
2015.07.08,6.22,6.33,6.1,6.2,3433,893600
2015.07.10,6.28,6.36,6.04,6.05,4111,1454400
2015.07.13,6.35,7.1,6.35,6.98,8165,4718900
2015.07.14,7.17,7.2,6.66,6.94,6926,3808100
2015.07.15,6.89,7.12,6.76,7.03,4772,2154300
2015.07.16,7.08,7.08,6.87,6.9,4162,1520600
2015.07.17,6.88,6.94,6.42,6.63,5166,1919400
2015.07.20,6.57,6.62,6.15,6.15,5316,2525400
2015.07.21,6.15,6.39,6.04,6.09,4108,1675100
2015.07.22,6.06,6.1,5.82,5.88,2114,1140800
2015.07.23,5.82,5.84,5.57,5.63,3427,1750100
2015.07.24,5.65,5.83,5.56,5.62,2031,1047300
2015.07.27,5.68,6.38,5.52,6.09,4832,2653400
2015.07.28,6.27,6.31,5.73,5.8,4447,1900800
2015.07.29,5.85,5.95,5.69,5.76,2055,1399900
2015.07.30,5.8,5.83,5.65,5.7,1849,855200
2015.07.31,5.8,5.8,5.61,5.68,1285,656100
2015.08.03,5.68,5.84,5.62,5.76,3046,858400
2015.08.04,5.78,5.82,5.63,5.67,953,443600
2015.08.05,5.72,5.94,5.68,5.69,3299,1166900
2015.08.06,5.7,5.74,5.56,5.6,1814,666400
2015.08.07,5.58,5.61,5.35,5.35,2874,1055200
2015.08.10,5.34,5.39,5.2,5.27,2180,596900
2015.08.11,5.27,5.79,5.17,5.54,4493,2455300
2015.08.12,5.57,5.63,5.32,5.47,3164,1067400
2015.08.13,5.5,5.57,5.38,5.41,2406,922500
2015.08.14,5.3,5.37,5,5.01,3305,1417700
2015.08.17,5.04,5.18,4.92,4.97,2295,792500
2015.08.18,4.97,4.97,4.59,4.67,6858,2424800
2015.08.19,4.65,4.68,4.32,4.32,5252,2430900
2015.08.20,4.3,4.42,4.21,4.37,3328,1464800
2015.08.21,4.4,4.44,4.29,4.33,2622,1383900
2015.08.24,3.86,4.12,3.81,3.97,4643,1643600
2015.08.25,4.04,4.15,3.93,4.12,4467,1944100
2015.08.26,4.11,4.32,4.08,4.3,3156,1448300
2015.08.27,4.47,4.63,4.35,4.51,8816,2146900
2015.08.28,4.44,4.65,4.32,4.36,3265,1031100
2015.08.31,4.19,4.37,4.13,4.16,4927,1748900
2015.09.01,4.1,4.15,3.82,3.82,4625,2087600
2015.09.02,3.86,4.18,3.86,4.04,6293,2248000
2015.09.03,4.11,4.26,4.05,4.22,5294,1779400
2015.09.04,4.21,4.73,4.05,4.49,4799,2598400
2015.09.08,4.55,4.79,4.46,4.73,5112,2140900
2015.09.09,4.89,4.89,4.52,4.52,5734,2402100
2015.09.10,4.28,4.37,4.2,4.29,6098,3178300
2015.09.11,4.25,4.34,4.13,4.3,4170,1664000
2015.09.14,4.39,4.41,4.21,4.33,4925,1566200
2015.09.15,4.33,4.59,4.28,4.45,4574,1847300
2015.09.16,4.63,4.65,4.46,4.57,5723,2391800
2015.09.17,4.51,4.72,4.4,4.6,6269,1809200
2015.09.18,4.53,4.66,4.38,4.56,5784,1697900
2015.09.21,4.48,4.6,4.09,4.09,3504,1407100
2015.09.22,4.01,4.03,3.74,3.76,5806,2605900
2015.09.23,3.78,3.93,3.71,3.75,2705,1267600
2015.09.24,3.75,3.75,3.55,3.68,3917,1611900
2015.09.25,3.78,3.85,3.57,3.65,4349,1157100
2015.09.28,3.64,3.67,3.53,3.54,1751,614700
2015.09.29,3.54,3.58,3.43,3.43,1740,919900
2015.09.30,3.42,3.93,3.42,3.67,4182,1837000
2015.10.01,3.7,3.74,3.46,3.48,2772,1180600
2015.10.02,3.47,3.71,3.47,3.66,4109,1309400
2015.10.05,3.72,3.79,3.65,3.75,3662,1397200
2015.10.06,3.73,4.04,3.73,3.93,4094,1570600
2015.10.07,4.01,4.23,3.96,4.03,5796,2360000
2015.10.08,4.01,4.21,4.01,4.11,7469,1805000
2015.10.09,4.23,4.46,4.15,4.4,6320,2735700
2015.10.13,4.3,4.3,3.8,3.81,4903,1802100
2015.10.14,3.83,4.04,3.83,3.84,9245,2685000
2015.10.15,3.98,4,3.89,3.99,4669,1748500
2015.10.16,3.97,4,3.86,3.87,3731,1359200
2015.10.19,3.88,3.94,3.65,3.66,8218,2124500
2015.10.20,3.65,3.76,3.56,3.68,5492,1574600
2015.10.21,3.63,3.7,3.58,3.59,2490,772300
2015.10.22,3.65,3.77,3.65,3.74,4987,1718300
2015.10.23,3.84,3.85,3.58,3.63,3979,1170400
2015.10.26,3.64,3.68,3.52,3.55,2565,727700
2015.10.27,3.56,3.64,3.47,3.56,3244,1222100
2015.10.28,3.52,3.64,3.52,3.56,2301,1010800
2015.10.29,3.56,3.66,3.49,3.49,1877,498100
2015.10.30,3.48,3.57,3.45,3.55,2746,977600
2015.11.03,3.66,3.7,3.55,3.66,5752,1447600
2015.11.04,3.7,3.85,3.63,3.7,3628,1350900
2015.11.05,3.7,3.82,3.58,3.8,3275,1544700
2015.11.06,3.77,3.8,3.59,3.62,2905,838800
2015.11.09,3.6,3.66,3.54,3.55,3564,1176600
2015.11.10,3.57,3.6,3.45,3.48,2652,824100
2015.11.11,3.45,3.57,3.45,3.51,1769,990400
2015.11.12,3.49,3.56,3.42,3.52,1635,731500
