2010.01.04,37.26,37.95,36.96,37.91,2690,1808300
2010.01.05,38.25,38.99,38.02,38.37,4685,2672700
2010.01.06,38.6,39.6,38.44,39.49,5241,2405500
2010.01.07,38.97,39.63,38.96,39.63,4886,2048900
2010.01.08,39.55,40.26,39.32,39.93,4432,2210600
2010.01.11,40.52,40.52,39.59,39.79,4901,2427800
2010.01.12,39.18,39.53,38.81,39.51,3514,2267300
2010.01.13,40.22,40.37,39.64,40.16,5033,2246400
2010.01.14,40.2,40.66,39.97,39.99,2559,1296800
2010.01.15,39.9,40.07,39.22,39.55,3674,1872600
2010.01.18,39.55,40.34,39.55,40.21,2156,925000
2010.01.19,39.73,40.82,39.73,40.6,2406,1685000
2010.01.20,40,40.4,39.32,39.46,5786,2688100
2010.01.21,39.8,39.8,38.06,38.38,4392,3230300
2010.01.22,38.07,38.26,37.26,37.5,3794,2986800
2010.01.26,36.93,37.33,36.64,36.65,5349,3730900
2010.01.27,36.85,36.85,35.73,35.93,5842,2760400
2010.01.28,36.6,37.01,35.62,36.05,3680,2017800
2010.01.29,36.46,37.06,36.25,36.27,4897,2657700
2010.02.01,36.65,37.48,36.3,37.35,3415,2174400
2010.02.02,37.96,37.98,37.18,37.46,3548,2097800
2010.02.03,37.45,37.57,37.08,37.15,3405,2430500
2010.02.04,36.83,36.96,35.13,35.37,5918,3480600
2010.02.05,34.94,35.18,33.93,34.31,4813,3284200
2010.02.08,35.31,36.15,35.02,35.34,5204,4040400
2010.02.09,35.77,36.51,35.62,36.17,4641,3820300
2010.02.10,36.19,36.3,35.37,35.83,3217,2152900
2010.02.11,35.65,36.73,34.62,36.69,11765,7506300
2010.02.12,36.48,36.99,36.15,36.72,4384,2959900
2010.02.17,38.19,38.3,37.61,37.85,4547,2575800
2010.02.18,38,38.59,37.63,38.49,3626,2020700
2010.02.19,38.3,39.01,38.23,38.69,2657,1271000
2010.02.22,38.85,38.96,38,38.11,4093,1627000
2010.02.23,37.68,37.7,36.76,37.24,5190,3314400
2010.02.24,37.39,37.7,37.11,37.27,3041,1990900
2010.02.25,36.88,37.72,36.53,37.68,3824,2282500
2010.02.26,37.64,37.84,37.19,37.49,4772,3102600
2010.03.01,37.7,38.05,37.52,37.88,3650,1795100
2010.03.02,38.2,39.09,37.96,38.78,5252,3296100
2010.03.03,38.9,39.32,38.5,38.55,3127,2286400
2010.03.04,38.78,39.12,38.15,38.95,3865,2916000
2010.03.05,39.51,40.34,39.48,40.28,4314,3889100
2010.03.08,40.34,40.54,40.03,40.18,5227,2366800
2010.03.09,39.76,40.75,39.67,40.31,4869,3159800
2010.03.10,40.5,40.52,39.57,39.79,4560,2995400
2010.03.11,39.6,39.72,38.96,39.2,3185,1777900
2010.03.12,39.62,39.72,39.09,39.12,4426,2020300
2010.03.15,38.85,39.46,38.85,39.25,2830,1517300
2010.03.16,39.61,40.42,39.46,40.24,4708,2201600
2010.03.17,40.52,40.71,40,40.28,3752,2195300
2010.03.18,40.29,40.53,39.64,39.89,2748,1786400
2010.03.19,40.03,40.16,39.29,39.46,2293,1346400
2010.03.22,39.18,40.08,38.85,39.98,2470,1666400
2010.03.23,40.9,41.72,40.72,41.42,4956,3305500
2010.03.24,41.09,41.71,41.09,41.33,3602,1884700
2010.03.25,41.72,42.17,41.04,41.04,4307,2541500
2010.03.26,41.29,41.83,41.13,41.42,5303,2338900
2010.03.29,41.86,42.5,41.83,42.35,2665,2051400
2010.03.30,42.87,43.11,42.37,42.64,4672,2887000
2010.03.31,42.23,42.79,41.82,42.43,4459,4051400
2010.04.01,42.89,43.08,42.52,42.85,3441,1870300
2010.04.05,43.05,43.19,42.58,42.72,2093,1729400
2010.04.06,42.53,43.07,42.46,42.67,2015,1553100
2010.04.07,42.48,43.43,42.45,43.1,4986,2812600
2010.04.08,42.89,44.14,42.77,44.1,7241,4596400
2010.04.09,44.14,44.34,43.72,44,3564,2956400
2010.04.12,44.1,44.45,43.59,43.71,3095,2583400
2010.04.13,43.79,44.38,43.44,44.05,3180,2049500
2010.04.14,44.2,44.6,44.05,44.43,4392,2763600
2010.04.15,44.42,44.78,44.24,44.37,4287,2502600
2010.04.16,44.12,44.49,43.28,43.76,5313,3308400
2010.04.19,43.26,44.9,42.55,42.98,7421,4339300
2010.04.20,43.34,43.34,42.25,42.4,5846,2855000
2010.04.22,41.61,42.53,40.26,42.53,6021,4179000
2010.04.23,42.39,42.53,41.74,42.16,5231,3468100
2010.04.26,42.24,42.56,41.87,41.98,3199,1810500
2010.04.27,41.51,41.58,39.85,39.85,10234,4778300
2010.04.28,40.36,40.39,38.88,39.58,8254,4624700
2010.04.29,40.07,40.65,39.89,40.65,5540,3474400
2010.04.30,40.4,40.51,39.45,39.7,8621,4249900
2010.05.03,39.64,39.92,38.54,38.71,6984,3397200
2010.05.04,38.23,38.28,36.85,36.91,9559,6558200
2010.05.05,36.64,38.19,36.28,37.82,7094,6081400
2010.05.06,37.37,38.46,35.28,37.3,10520,6939000
2010.05.07,37.62,37.94,36.37,37.15,10915,4783800
2010.05.10,39.04,39.32,38.46,38.74,7226,4789700
2010.05.11,38.37,39.07,38.03,38.37,4928,1713600
2010.05.12,38.64,38.75,38.04,38.21,3458,1790400
2010.05.13,38.36,38.36,37.53,37.68,4028,2262300
2010.05.14,37.23,37.32,36.48,36.56,6658,3208400
2010.05.17,36.47,36.7,35.36,35.98,7262,3441700
2010.05.18,36.48,36.58,34.7,34.7,7632,3604300
2010.05.19,34.45,34.76,33.49,34.01,14646,7026000
2010.05.20,33.12,33.72,32.79,32.79,11842,6091600
2010.05.21,33.09,35.23,32.89,34.99,8350,3856700
2010.05.24,34.84,35.51,34.62,34.62,5262,2638700
2010.05.25,33.66,35.16,33.14,34.93,8167,4529300
2010.05.26,35.4,36.67,34.75,34.75,11365,5530400
2010.05.27,36.04,37.1,35.92,36.94,7931,5069400
2010.05.28,36.94,37.38,36.24,36.59,8180,4415600
2010.05.31,36.85,37.49,36.85,37.37,2374,4773100
2010.06.01,36.49,37.14,36.48,36.57,7068,3569900
2010.06.02,36.48,37.68,36.48,37.35,3429,2041600
2010.06.04,36.25,36.45,35.06,35.57,9078,4752600
2010.06.07,35.66,35.81,34.41,34.47,5229,2800400
2010.06.08,34.77,35.21,34.31,34.83,3954,1947000
2010.06.09,35.25,36.04,34.95,34.95,6160,3258200
2010.06.10,35.43,36.05,35.43,35.59,4590,2591200
2010.06.11,35.43,36.25,35.21,36.03,3016,1907100
2010.06.14,36.59,36.9,35.92,36.05,4438,2522100
2010.06.15,36.33,36.79,36.11,36.57,3573,1895100
2010.06.16,36.37,37.13,36.06,36.1,8739,4198000
2010.06.17,36.36,36.4,35.13,35.47,3717,2743000
2010.06.18,35.56,35.65,34.91,35.13,3833,3490200
2010.06.21,36.26,36.69,36.1,36.25,4672,3183200
2010.06.22,36.33,36.6,35.9,35.9,5486,3239600
2010.06.23,36.2,36.32,35.72,36.31,3646,2140200
2010.06.24,36.17,36.26,35.43,35.51,4559,2402900
2010.06.25,35.65,36.06,35.28,35.94,3296,1951800
2010.06.28,35.9,36.21,35.17,35.26,5510,2358500
2010.06.29,34.2,34.3,33.28,33.56,7151,3864500
2010.06.30,33.49,33.7,32.5,32.64,8021,3166700
2010.07.01,32.61,32.89,32.03,32.78,6355,3227800
2010.07.02,32.89,33.12,32.14,32.62,5964,2975200
2010.07.05,32.6,32.78,31.77,32.14,2908,1301700
2010.07.06,33.05,33.15,32.09,32.54,8219,3822700
2010.07.07,32.5,33.37,32.22,33.36,4605,2398000
2010.07.08,33.63,34.2,32.93,33.43,5601,2487000
2010.07.12,33.64,33.71,32.71,32.95,3590,1986300
2010.07.13,33.36,33.38,32.79,33.02,5120,2156000
2010.07.14,33.15,33.15,32.62,33.03,3930,1654300
2010.07.15,32.96,32.96,32.37,32.76,3741,2171900
2010.07.16,32.5,32.65,32.04,32.04,4985,2686100
2010.07.19,32.3,32.93,32.22,32.93,3728,1655500
2010.07.20,32.84,34.86,32.79,34.79,9396,6179900
2010.07.21,35.14,35.91,34.78,35,6806,3990000
2010.07.22,35.55,36.19,35.47,35.73,5726,2912600
2010.07.23,35.89,36.26,35.29,36.01,3404,1907800
2010.07.26,36.05,36.46,35.86,36.03,3114,1482300
2010.07.27,36.32,36.47,35.58,35.9,4117,2518100
2010.07.28,35.76,36.51,35.73,36.51,5048,2583600
2010.07.29,36.64,36.85,36.07,36.19,7749,3991200
2010.07.30,35.99,36.76,35.81,36.3,6729,3432800
2010.08.02,36.64,37.9,36.64,37.77,7130,3744000
2010.08.03,37.7,38.1,37.32,37.72,4106,2223100
2010.08.04,38.03,38.09,37.23,37.7,4102,2657600
2010.08.05,37.62,37.95,37.48,37.87,2762,1571700
2010.08.06,37.58,38,37.53,37.81,3883,1592800
2010.08.09,37.98,38.23,37.76,37.91,2303,1360900
2010.08.10,37.41,37.62,36.96,37.37,5423,2628400
2010.08.11,36.74,36.78,36.11,36.11,3678,2689600
2010.08.12,35.77,36.52,35.72,36.42,3542,2201100
2010.08.13,36.38,36.94,36.35,36.48,3971,2032600
2010.08.16,36.47,37.22,36.47,36.96,3886,1683400
2010.08.17,37.31,37.49,36.85,37.37,6093,2569100
2010.08.18,37.44,37.72,37.03,37.64,6126,3106000
2010.08.19,37.55,38.04,37.23,37.28,4508,2316200
2010.08.20,37.35,37.36,36.6,36.81,6483,2754400
2010.08.23,37.02,37.03,35.65,35.76,7129,3843500
2010.08.24,35.24,35.42,34.84,34.99,6047,2609600
2010.08.25,34.84,34.99,34.23,34.68,8246,3610200
2010.08.26,34.84,35.28,34.19,34.27,5036,2681400
2010.08.27,34.7,35.47,34.37,35.47,6630,3213600
2010.08.30,35.4,35.4,34.47,34.53,4789,2211500
2010.08.31,34.53,35.15,34.51,35.04,4925,2689200
2010.09.01,35.53,36.82,35.43,36.66,5872,3275500
2010.09.02,36.66,36.69,36.13,36.31,3712,1862500
2010.09.03,36.97,36.97,36.15,36.19,4567,2346600
2010.09.06,36.53,36.53,35.6,35.9,2084,665200
2010.09.08,35.51,35.62,35.08,35.27,3941,1794100
2010.09.09,35.49,35.73,35.24,35.36,3433,1701300
2010.09.10,35.4,35.43,34.81,35.02,3389,1680500
2010.09.13,35.58,36.1,35.44,36.04,5206,2100700
2010.09.14,36.04,36.3,35.56,35.73,5287,2831200
2010.09.15,35.7,35.94,35.34,35.94,5444,2836000
2010.09.16,35.89,35.89,35.52,35.71,4438,2816700
2010.09.17,35.69,35.79,35.24,35.24,3439,2490700
2010.09.20,35.51,35.95,35.2,35.95,3442,2416500
2010.09.21,35.99,36.33,35.59,36.06,6011,3159200
2010.09.22,35.77,37.23,35.77,36.71,8864,4495300
2010.09.23,36.44,37.41,36.44,36.73,9151,4905000
2010.09.24,37.62,38.04,37.5,37.99,8080,5613400
2010.09.27,38.04,39.03,37.92,38.7,6536,3149500
2010.09.28,38.79,39.14,38.32,38.99,5102,2964800
2010.09.29,38.76,39.11,38.65,39.02,7110,3565500
2010.09.30,39.17,39.39,38.72,39.11,6016,3922700
2010.10.01,39.32,39.56,39.01,39.47,6008,3683100
2010.10.04,39.18,39.49,39.07,39.49,6681,2899400
2010.10.05,39.7,40.15,39.36,39.99,3923,2913800
2010.10.06,40.03,40.47,39.85,40.14,6916,3956000
2010.10.07,40.33,40.34,39.72,39.96,8517,4463500
2010.10.08,39.91,40.28,39.73,39.85,5673,3227200
2010.10.11,39.9,40.21,39.73,40.07,3467,1391000
2010.10.13,40.18,40.3,40.01,40.02,9594,4187100
2010.10.14,40.06,40.77,39.98,40.17,7715,3305000
2010.10.15,40.58,40.71,39.89,40.29,4400,2104200
2010.10.18,40.24,41.24,40.22,41.18,4148,1733900
2010.10.19,40.45,40.94,39.96,39.96,5345,2757200
2010.10.20,40.34,41.55,40.34,41.48,5414,2707200
2010.10.21,41.57,41.77,40.28,40.79,6822,3659400
2010.10.22,40.81,40.97,39.95,40.39,7428,3565000
2010.10.25,41,41.43,40.84,41.26,4410,2774100
2010.10.26,41.04,41.88,40.54,41.82,5516,2826400
2010.10.27,41.18,41.79,40.82,41.27,6122,3948100
2010.10.28,41.98,42.01,40.5,40.5,8773,3950200
2010.10.29,40.52,40.88,40.24,40.41,6608,3301900
2010.11.01,40.81,41.27,40.5,40.99,4030,2054000
2010.11.03,41.52,41.55,40.63,40.92,7613,3290200
2010.11.04,41.39,42.21,41.17,41.91,7414,2692100
2010.11.05,41.91,42.48,41.61,42.13,5912,2407100
2010.11.08,41.82,42.71,41.82,42.54,4212,1741800
2010.11.09,42.6,43.2,42.42,42.58,5266,2620100
2010.11.10,41.97,42.45,41.5,42.41,4315,1903300
2010.11.11,42.15,42.58,41.87,42.31,5266,2002600
2010.11.12,41.55,42.68,41.18,41.41,5945,2255200
2010.11.16,41.31,41.35,40.34,40.44,7749,2979800
2010.11.17,40.86,41.13,40.48,40.63,5235,1925300
2010.11.18,41.2,41.74,41.02,41.65,6317,2572300
2010.11.19,41.28,42.05,41.11,41.98,5244,2614100
2010.11.22,41.51,42.05,41.45,41.61,7693,2562300
2010.11.23,41.29,41.43,40.58,40.58,8849,3066700
2010.11.24,41.14,41.91,40.98,41.88,4788,1705900
2010.11.25,41.7,41.95,41.69,41.84,2262,538900
2010.11.26,41.17,41.33,40.84,40.95,6522,1872300
2010.11.29,40.75,41.17,40.41,40.83,8261,3061700
2010.11.30,40.86,41.24,40.46,41.02,7473,2502300
2010.12.01,41.19,41.91,41.07,41.87,5384,2242800
2010.12.02,41.88,42.6,41.71,42.41,6356,2291700
2010.12.03,42.18,42.83,42.08,42.75,6198,2040900
2010.12.06,42.75,43.09,42.72,42.85,3098,1061200
2010.12.07,43.36,43.53,42.91,43.11,4323,1563500
2010.12.08,42.63,42.81,41.95,42.36,5889,2136600
2010.12.09,41.97,42.59,41.97,42.2,5130,1918300
2010.12.10,42.66,42.92,42.38,42.8,5517,1873600
2010.12.13,43.13,44.14,43.06,43.85,6770,2552000
2010.12.14,43.79,44.16,43.48,43.79,4981,1335700
2010.12.15,43.34,43.48,42.96,42.98,4349,1750700
2010.12.16,43.06,43.36,42.82,42.84,4723,1878800
2010.12.17,42.97,43.14,42.6,43.13,6324,2365100
2010.12.20,43.26,43.28,42.79,43,4035,1559800
2010.12.21,42.95,43.48,42.91,43.32,4967,2190900
2010.12.22,43.18,43.22,42.83,43.09,3847,1405100
2010.12.23,43.12,43.23,42.94,42.99,3086,1296400
2010.12.27,42.88,42.88,41.97,41.98,4842,1909100
2010.12.28,41.87,41.91,41.2,41.38,4719,2029800
2010.12.29,41.55,41.86,41.38,41.73,6177,2367600
2010.12.30,41.87,42.31,41.62,42,5355,2225400
2011.01.03,42.52,43.44,42.33,43.06,7554,3950200
2011.01.04,43.45,44,43.44,43.79,7366,3657200
2011.01.05,43.58,44.77,43.58,44.69,6411,2781200
2011.01.06,44.69,44.99,44.26,44.26,6050,2497300
2011.01.07,44.21,44.36,43.47,43.72,4479,2078500
2011.01.10,43.53,44.15,43.41,43.55,5179,1847100
2011.01.11,44.15,44.55,44.09,44.2,4864,2165400
2011.01.12,44.61,45.49,44.55,45.37,7480,3797400
2011.01.13,45.46,45.87,45.28,45.32,5508,2588100
2011.01.14,44.95,45.47,44.75,45.39,4179,1716400
2011.01.17,45.18,45.92,45,45.75,2683,1290200
2011.01.18,45.91,46.5,45.62,46.43,5238,2155500
2011.01.19,46.35,46.44,45.48,45.51,4087,2008800
2011.01.20,45.07,45.27,44.08,44.44,6927,3908100
2011.01.21,45,45.4,44.51,44.87,2742,1284600
2011.01.24,44.98,45.43,44.57,45.27,3973,1479300
2011.01.26,44.93,45.27,44.77,44.85,4757,2059600
2011.01.27,45.24,45.28,44.5,44.55,4229,1713000
2011.01.28,44.52,44.53,42.82,43.22,7426,3427300
2011.01.31,43.48,43.79,43.19,43.3,4342,1458400
2011.02.01,43.87,44.58,43.64,44.28,4293,1437000
2011.02.02,44.44,44.83,43.54,43.56,4315,1751800
2011.02.03,43.43,43.91,43.12,43.47,3475,1656500
2011.02.04,43.44,43.79,42.47,42.93,4292,2073200
2011.02.07,43.25,43.47,42.58,42.98,4449,1979000
2011.02.08,42.86,43.21,42.56,42.89,5550,2453000
2011.02.09,42.48,42.93,41.49,41.56,5096,1826700
2011.02.10,41.32,42.45,41.32,42.21,6395,2841800
2011.02.11,42.09,42.9,41.87,42.74,8244,3143100
2011.02.14,42.89,43.98,42.89,43.79,5967,2161800
2011.02.15,43.57,43.99,43.29,43.55,5788,2081500
2011.02.16,43.6,44.2,43.48,43.79,5898,2157800
2011.02.17,44.19,44.27,43.66,44.05,5574,2458700
2011.02.18,43.82,44.08,43.4,43.48,5740,1970000
2011.02.21,43.42,43.42,42.57,42.57,2621,646600
2011.02.22,42.48,42.98,41.83,41.89,8186,2902200
2011.02.23,41.93,42.62,41.48,42.48,8180,2970600
2011.02.24,42.52,42.92,41.87,42.53,8701,3014100
2011.02.25,43.22,43.38,42.29,42.45,6277,2388400
2011.02.28,42.48,42.81,42.3,42.57,4341,1397700
2011.03.01,42.81,42.93,41.9,41.98,5519,2060600
2011.03.02,41.8,42.72,41.62,42.47,4464,1977000
2011.03.03,42.99,43.09,42.74,42.85,3773,1622100
2011.03.04,42.81,42.94,41.96,42.09,5380,2224200
2011.03.09,41.08,41.8,40.63,40.77,4750,2157600
2011.03.10,40.22,40.22,39.29,39.35,8194,5310200
2011.03.11,39.45,40.19,39.11,40.16,8127,3568500
2011.03.14,39.83,40.26,39.43,40.26,5965,2811500
2011.03.15,38.9,39.7,38.53,39.52,9818,4634700
2011.03.16,39.85,39.86,38.44,38.54,8490,4264200
2011.03.17,39.16,39.78,38.97,39.63,8707,5078400
2011.03.18,39.92,40.47,39.85,40.17,5980,3046100
2011.03.21,40.76,40.86,40.18,40.26,4742,2107800
2011.03.22,40.15,40.17,39.52,40.02,8044,3153800
2011.03.23,40.02,40.79,40.02,40.61,7067,2787900
2011.03.24,40.76,40.76,39.81,40.15,7279,3479100
2011.03.25,40.26,40.51,39.61,40.16,5115,2177900
2011.03.28,39.82,40.37,39.76,39.89,5128,1970600
2011.03.29,39.98,40.94,39.93,40.71,6030,2643500
2011.03.30,40.48,40.91,40.07,40.17,15661,4862100
2011.03.31,40.26,40.64,39.68,40.52,7139,3926800
2011.04.01,40.47,40.84,40.12,40.26,4679,1916100
2011.04.04,40.58,41.14,39.96,41.14,10573,4168400
2011.04.05,40.83,41.61,40.83,41.31,8272,4676300
2011.04.06,41.47,41.55,40.56,40.67,8505,4522200
2011.04.07,40.67,40.75,40.02,40.34,6714,3407100
2011.04.08,40.53,40.53,39.96,40.26,6133,2722200
2011.04.11,40.47,40.69,40.13,40.3,5597,2679500
2011.04.12,39.89,39.96,39.32,39.49,6959,2915400
2011.04.13,39.78,39.8,38.82,38.94,8239,3692100
2011.04.14,38.98,39.55,38.84,39.44,8674,3970000
2011.04.15,39.59,39.63,39.01,39.32,4397,2249800
2011.04.18,39.1,39.18,38.45,38.94,4003,2222100
2011.04.19,39.15,39.38,38.9,39.28,4335,2737800
2011.04.20,40.08,40.08,39.76,39.99,6580,2879700
2011.04.25,40.01,40.4,39.59,40.4,7105,3007700
2011.04.26,40.35,40.48,40.16,40.44,7886,3452100
2011.04.27,40.36,40.45,39.51,39.89,8707,3603700
2011.04.28,39.54,39.93,39.43,39.59,8337,3962500
2011.04.29,39.66,39.99,39.2,39.82,7544,3868300
2011.05.02,39.85,39.93,38.99,39.38,6890,4273400
2011.05.03,39.2,39.2,38.38,38.46,6060,2769300
2011.05.04,38.65,38.67,37.69,37.76,12398,5822700
2011.05.05,37.56,38.42,37.48,38.23,9635,5016700
2011.05.06,38.53,38.72,37.95,38.24,7439,3728300
2011.05.09,38.29,38.53,37.92,38.41,6115,2737700
2011.05.10,38.51,38.63,38.15,38.31,4955,2484900
2011.05.11,38.15,38.2,37.08,37.18,5654,3430400
2011.05.12,36.88,37.56,36.45,37.25,6191,2975600
2011.05.13,37.05,37.35,36.44,36.64,6862,2396900
2011.05.16,36.36,37.22,36.29,36.49,7850,3115000
2011.05.17,36.41,36.96,36.19,36.87,5363,1990100
2011.05.18,36.99,37.38,36.84,36.99,6604,2815700
2011.05.19,37.42,37.7,37.25,37.33,6945,2825100
2011.05.20,37.53,37.83,37.09,37.47,8489,4131100
2011.05.23,36.79,37.44,36.75,37.44,4190,1939700
2011.05.24,37.6,37.91,37.5,37.81,4337,1749200
2011.05.25,37.7,38.05,37.63,37.89,4950,2105700
2011.05.26,37.67,38.46,37.67,38.46,7455,2815000
2011.05.27,38.65,38.96,38.46,38.71,6018,3222200
2011.05.30,39.05,39.05,38.5,38.53,1580,673300
2011.05.31,38.96,38.96,38.26,38.63,6944,4042700
2011.06.01,38.44,38.71,38.11,38.26,6865,3218300
2011.06.02,38.28,38.51,37.89,38.33,10191,4069400
2011.06.03,38.04,38.32,37.79,38,14640,5007100
2011.06.06,38,38.06,37.56,37.7,4310,2078700
2011.06.07,37.97,38.04,37.56,37.63,7913,3341700
2011.06.08,37.35,37.67,37.32,37.67,4812,2163500
2011.06.09,37.7,38.12,37.51,38.08,5328,1917800
2011.06.10,37.98,37.99,37.46,37.66,4683,2065800
2011.06.13,37.59,37.65,36.87,36.97,7834,3318500
2011.06.14,37.17,37.29,36.86,37.14,6415,4334000
2011.06.15,36.8,36.91,36.48,36.91,10353,4116700
2011.06.16,36.91,37.01,36.17,36.48,8982,3235900
2011.06.17,36.7,36.75,36.04,36.3,7055,3107600
2011.06.20,36.1,36.97,36.1,36.86,7791,2337400
2011.06.21,37.01,37.45,37.01,37.2,6809,2845800
2011.06.22,37.04,37.7,36.98,37.34,6704,3192600
2011.06.24,37.44,37.67,37.32,37.58,5250,2098200
2011.06.27,37.44,37.63,37.11,37.31,6124,3447500
2011.06.28,37.44,37.75,37.35,37.75,5914,2504400
2011.06.29,37.9,37.95,37.56,37.78,8473,3372200
2011.06.30,37.87,38.13,37.78,38.04,8107,3516500
2011.07.01,38.54,39.77,38.48,39.75,11769,6465100
2011.07.04,39.59,40.33,39.48,40.24,3632,1436500
2011.07.05,40.01,40.1,39.37,39.46,11125,3852200
2011.07.06,39.23,39.47,38.98,39.31,4168,2059700
2011.07.07,39.64,39.84,39.51,39.54,7430,3439100
2011.07.08,39.24,39.46,39.1,39.28,7272,3485500
2011.07.11,39.01,39.01,38.72,38.95,6926,2565800
2011.07.12,38.79,39.36,38.65,38.97,5225,2341400
2011.07.13,39.24,39.69,39.21,39.46,5196,2919200
2011.07.14,39.36,39.58,38.67,38.93,10106,3964600
2011.07.15,38.95,39.04,38.65,38.9,7378,3286700
2011.07.18,38.78,39.22,38.66,39.01,6454,2993600
2011.07.19,39.2,39.42,38.85,39.1,5570,2604500
2011.07.20,39.28,39.37,38.92,39.1,9489,3916000
2011.07.21,39.1,39.59,38.96,39.21,7899,3384800
2011.07.22,39.17,39.49,39.12,39.33,7923,4026700
2011.07.25,39.18,39.51,39.09,39.31,7445,2904400
2011.07.26,39.35,39.59,38.98,39.27,6944,2978600
2011.07.27,39.13,39.33,38.86,38.96,11121,4446200
2011.07.28,39.11,39.43,39,39.32,8662,4611300
2011.07.29,38.86,38.97,38.3,38.57,15672,9079000
2011.08.01,38.83,39.03,38.28,38.59,10537,4582300
2011.08.02,38.51,38.75,37.78,37.78,8842,3544500
2011.08.03,37.57,37.74,35.71,36.79,14711,6207100
2011.08.04,35.75,35.89,34.43,34.67,16740,8555300
2011.08.05,34.75,35.3,32.81,33.83,18403,8377500
2011.08.08,32.06,32.4,30.4,30.6,17411,8566500
2011.08.09,31.31,32.45,30.96,32.17,21236,9314700
2011.08.10,31.98,32.61,31.51,32.2,18414,5815000
2011.08.11,32.68,33.76,32.26,33.6,14766,5550000
2011.08.12,33.81,33.98,33.18,33.45,15393,4951300
2011.08.15,33.86,34.28,33.71,34.08,8968,3739000
2011.08.16,33.68,33.95,33.36,33.84,11562,4973600
2011.08.17,33.79,34.44,33.73,34.43,12221,5111200
2011.08.18,32.44,32.84,32.07,32.69,13373,6494100
2011.08.19,32.21,32.96,31.98,32.21,13673,7406400
2011.08.22,32.74,32.85,32.1,32.16,9233,4024100
2011.08.23,32.21,33.23,32.06,33.23,10112,5473000
2011.08.24,33.18,33.49,32.77,33.43,8274,3611800
2011.08.25,33.43,33.53,32.76,33.08,14612,5012100
2011.08.26,32.84,33.86,32.37,33.64,8464,3930900
2011.08.29,33.96,34.51,33.95,34.49,11381,7141300
2011.08.30,34.19,34.78,34.14,34.56,6039,3673800
2011.08.31,34.85,35.25,34.56,35.2,9510,5086600
2011.09.01,35.35,35.61,35.04,35.41,15693,6437100
2011.09.02,35.2,35.2,34.49,34.9,8228,3520500
2011.09.05,34.21,34.48,33.93,34.1,3432,1319500
2011.09.06,33.73,35.18,33.54,35.06,10037,4851100
2011.09.08,35.65,36.1,35.51,35.83,11171,4389000
2011.09.09,35.53,35.65,34.89,35.27,9236,3799400
2011.09.12,34.65,35.54,34.44,35.48,7024,2930300
2011.09.13,35.59,35.98,35.37,35.75,6907,2857600
2011.09.14,35.97,36.49,35.35,36.19,9407,3911500
2011.09.15,36.28,36.88,36.24,36.58,9724,3918500
2011.09.16,36.8,36.93,36.44,36.76,4594,2511400
2011.09.19,36.45,37.28,36.37,37.28,8327,3635600
2011.09.20,37.13,38.39,37.13,37.64,9025,3266200
2011.09.21,38.02,38.04,36.89,37.02,13537,7707600
2011.09.22,35.66,35.96,34.62,35.06,15340,7051000
2011.09.23,34.91,35.18,34.3,34.8,17449,7604000
2011.09.26,35.04,35.18,33.79,34.35,14362,4999500
2011.09.27,35.44,35.47,34.67,34.74,10925,4349200
2011.09.28,34.85,35.3,34.53,34.54,8041,3545700
2011.09.29,34.89,35.1,33.81,34.35,11369,4571500
2011.09.30,33.86,34.09,33.23,33.5,9954,5480100
2011.10.03,32.96,33.4,32.43,32.5,10663,4768200
2011.10.04,32.13,32.37,31.33,32.21,17026,7162400
2011.10.05,32.34,32.91,32.09,32.88,10729,3839200
2011.10.06,33.68,33.78,33.13,33.36,9409,4857300
2011.10.07,33.66,33.72,32.35,32.38,8568,3035000
2011.10.10,32.79,33.43,32.51,33.4,8373,4205000
2011.10.11,33.32,33.93,33.16,33.88,9991,3529100
2011.10.13,34.1,34.55,33.62,34.52,12342,4098800
2011.10.14,34.56,34.74,34.26,34.58,7202,4985300
2011.10.17,34.39,34.39,33.01,33.14,8945,3880200
2011.10.18,32.88,33.53,32.38,33.3,9420,4112900
2011.10.19,33.31,33.34,31.38,32.25,12151,6210000
2011.10.20,32.2,32.2,31.45,31.74,11656,4652400
2011.10.21,32.22,32.78,32.09,32.66,8039,3164500
2011.10.24,33.27,34.6,33.14,34.49,12238,5146100
2011.10.25,34.11,34.54,33.84,34.12,10725,4269300
2011.10.26,34.53,35.2,34.24,35.13,8276,3866900
2011.10.27,36.2,36.66,35.94,36.55,17209,8023100
2011.10.28,35.7,36.11,35.53,35.86,9742,3033900
2011.10.31,35.24,35.32,34.7,35.06,6087,2745600
2011.11.01,33.73,34.56,33.73,34.55,10192,3672700
2011.11.03,35.2,36.07,35.12,36.06,10845,5728000
2011.11.04,35.72,36.69,35.72,36.64,8762,3894000
2011.11.07,36.6,37.23,36.51,37.11,5881,2728700
2011.11.08,37.36,37.4,36.45,37.03,5324,2178500
2011.11.09,36.31,36.52,35.98,36.14,5311,2987200
2011.11.10,36.41,36.76,36.02,36.11,3959,1675500
2011.11.11,36.45,36.76,36.31,36.67,3912,1517800
2011.11.14,36.36,36.63,36.28,36.41,2312,981100
2011.11.16,36.43,37.17,36.37,36.75,6448,2767900
2011.11.17,36.45,36.76,35.59,35.76,8214,3674800
2011.11.18,35.89,36.03,35.05,35.75,4298,1645700
2011.11.21,34.95,35.26,34.78,35.26,7587,12718200
2011.11.22,35.47,35.71,34.92,35.27,7900,2953800
2011.11.23,34.46,34.69,33.88,33.94,6520,3270000
2011.11.24,34.43,34.48,33.79,34.31,2371,535200
2011.11.25,33.81,34.23,33.08,33.43,7385,3232800
2011.11.28,34.19,34.25,33.73,33.84,5789,2369200
2011.11.29,33.87,33.98,33.12,33.33,7096,3034700
2011.11.30,33.31,34.24,33,33.63,15906,5913800
2011.12.01,34.01,34.13,33.22,33.64,8095,4268400
2011.12.02,34.1,34.43,33.79,34.08,7534,2961900
2011.12.05,34.5,34.91,34.32,34.73,6002,2062900
2011.12.06,34.6,34.76,34.39,34.68,5697,2365100
2011.12.07,34.58,34.63,33.33,33.4,11361,4533900
2011.12.08,33.32,33.48,32.31,32.44,10560,3778900
2011.12.09,32.76,33.17,32.43,33.05,6314,2194700
2011.12.12,32.98,32.98,32.23,32.35,7006,2197100
2011.12.13,32.86,33.04,32.45,32.63,6650,2424700
2011.12.14,32.46,32.5,31.91,32.4,9853,3471400
2011.12.15,32.13,32.36,31.48,31.55,13019,3321600
2011.12.16,31.78,31.92,31.28,31.46,8963,3182800
2011.12.19,31.49,31.73,31.18,31.28,7565,2263200
2011.12.20,31.34,31.85,31.02,31.76,7933,2838300
2011.12.21,31.93,31.97,31.47,31.97,9412,2681200
2011.12.22,32.35,32.84,32.18,32.73,6880,2017000
2011.12.23,32.91,33.15,32.79,33,5023,1748300
2011.12.26,32.98,33.03,32.79,32.87,1385,255600
2011.12.27,32.62,33.05,32.5,33.01,8163,3270900
2011.12.28,32.98,32.98,32,32.02,8598,2680800
2011.12.29,32.15,32.26,31.81,31.85,7420,2052800
2012.01.02,31.99,32.75,31.99,32.74,5595,1404900
2012.01.03,33.11,34.44,33.11,34.44,17804,5043900
2012.01.04,33.94,34.59,33.81,34.59,8217,1921700
2012.01.05,34.2,34.41,33.49,33.62,7590,1846600
2012.01.06,34.02,34.02,33.06,33.45,7065,1795000
2012.01.09,33.63,33.63,33.03,33.31,5156,1446600
2012.01.10,34.01,34.07,33.36,33.44,7501,2631100
2012.01.11,33.31,33.67,33.01,33.44,7241,2520100
2012.01.12,33.93,33.94,32.94,33.08,11833,4900400
2012.01.13,33.2,33.2,32.08,32.44,21012,7790100
2012.01.16,32.44,32.9,32.38,32.81,3594,3146300
2012.01.17,33.73,34.44,33.47,34.44,13323,5377100
2012.01.18,34.41,34.88,34.22,34.55,10260,4492000
2012.01.19,34.97,35,34.29,34.74,10429,3173000
2012.01.20,34.58,34.74,34.29,34.52,8984,2132400
2012.01.23,34.47,34.8,34.22,34.41,9830,3862200
2012.01.24,34.28,34.6,33.83,34.55,10962,5497300
2012.01.26,34.92,35.52,34.43,34.54,12442,4471600
2012.01.27,34.71,34.88,34.43,34.75,8138,1965600
2012.01.30,34.27,34.93,33.99,34.89,9925,3184400
2012.01.31,35.35,35.86,35.24,35.77,12118,5154900
2012.02.01,36.2,36.89,36.09,36.76,12802,5454400
2012.02.02,36.48,36.88,36.33,36.55,8720,2522600
2012.02.03,36.38,37.25,36.27,36.95,10159,3074300
2012.02.06,36.74,36.97,36.6,36.75,5310,1317000
2012.02.07,36.73,36.96,36.31,36.78,7477,2167100
2012.02.08,36.88,37.09,36.48,36.55,9057,2636500
2012.02.09,36.5,36.82,35.98,36.27,8973,2635600
2012.02.10,35.72,35.95,35.35,35.65,11861,3743500
2012.02.13,36.04,36.48,35.92,36.44,7286,2052400
2012.02.14,36.33,36.36,35.44,35.46,9129,4206300
2012.02.15,35.97,36.04,34.93,35.05,10838,3562000
2012.02.16,34.48,35.4,34.35,35.25,10059,3592300
2012.02.17,35.24,35.35,34.2,34.49,15882,4812900
2012.02.22,34.73,34.84,34.43,34.58,5879,1451900
2012.02.23,34.33,35.36,34.33,35.33,12884,3288600
2012.02.24,35.54,35.8,35.43,35.5,11237,2891400
2012.02.27,35.36,35.4,34.9,35.07,7127,2086800
2012.02.28,35.16,35.51,34.82,35.43,9165,2537600
2012.02.29,35.8,35.99,35.18,35.25,11280,4281800
2012.03.01,35.22,35.67,35.08,35.35,6243,1875100
2012.03.02,35.5,35.85,35.32,35.84,7986,2106200
2012.03.05,35.44,35.48,34.43,34.56,8625,3500400
2012.03.06,33.68,33.77,32.76,33.04,16123,7121000
2012.03.07,33.14,33.14,32.31,32.74,16074,6136500
2012.03.08,33.69,33.7,32.83,33.12,12330,3848700
2012.03.09,33.1,33.56,32.9,33.14,10840,3821900
2012.03.12,32.75,33.3,32.52,32.68,14544,4902600
2012.03.13,32.98,34.39,32.9,34.35,8965,4025700
2012.03.14,34.2,34.59,33.61,34.02,9186,3123700
2012.03.15,34.07,34.65,34.07,34.35,5610,1941300
2012.03.16,34.59,34.66,34.27,34.56,6661,2776800
2012.03.19,34.44,34.85,34.4,34.81,5259,1812000
2012.03.20,34.02,34.27,33.64,34.27,9374,3526100
2012.03.21,34.11,34.36,33.87,34.16,7467,2270800
2012.03.22,33.75,33.84,33.17,33.43,7747,3909300
2012.03.23,33.42,33.68,33.3,33.43,7853,2429700
2012.03.26,33.72,33.92,33.58,33.88,5660,2115900
2012.03.27,34.14,34.44,34,34.12,11359,3862000
2012.03.28,34.01,34.14,33.43,33.46,5243,2287500
2012.03.29,33.37,33.94,33.07,33.93,11821,5333300
2012.03.30,34.2,34.51,33.96,34.51,14085,5240500
2012.04.02,34.58,35.74,34.47,35.4,15218,5334500
2012.04.03,35.34,35.59,34.41,34.6,10752,4520300
2012.04.04,34.02,34.24,33.77,33.93,6248,2710900
2012.04.05,33.84,34.25,33.46,33.84,9991,3611100
2012.04.09,33.4,33.59,33.12,33.48,9427,3863500
2012.04.10,33.32,33.42,32.69,33.17,9940,3599400
2012.04.11,33.54,33.7,33.04,33.17,11110,4756800
2012.04.12,33.64,35.39,33.62,35.28,24185,9916300
2012.04.13,34.92,35.51,34.59,35.24,15022,5838700
2012.04.16,35.53,35.53,34.52,34.78,11527,4309700
2012.04.17,35,35.74,34.78,35.52,13606,5456000
2012.04.18,35.46,36.31,35.32,35.89,16261,6651600
2012.04.19,35.68,36.08,35.59,35.61,10805,4666000
2012.04.20,35.89,36.07,35.34,35.53,9273,2893100
2012.04.23,34.77,35.3,34.6,35.3,11081,3462100
2012.04.24,35.05,35.51,35.04,35.38,9662,2838600
2012.04.25,35.71,35.71,34.7,34.88,14283,4621400
2012.04.26,33.61,35.65,33.61,35.38,15769,7177400
2012.04.27,35.47,35.68,34.57,35.16,15307,5309700
2012.04.30,35.15,35.23,34.59,35.14,8734,3390400
2012.05.02,34.97,35.62,34.86,35.62,14540,6610900
2012.05.03,35.71,35.89,34.97,35.26,12268,5795600
2012.05.04,34.9,34.93,33.84,34.25,16320,8073300
2012.05.07,33.84,34.34,33.83,34.22,7020,2799000
2012.05.08,34.11,34.13,32.87,33.33,11874,6257600
2012.05.09,32.91,33.68,32.7,33.24,9040,5041900
2012.05.10,33.86,33.99,33.14,33.25,7135,3746700
2012.05.11,32.87,33.36,32.25,32.25,9093,4471400
2012.05.14,31.67,32.09,31.63,31.72,10899,3952200
2012.05.15,31.8,32.31,31.38,31.47,11064,5331400
2012.05.16,31.87,32.11,30.46,30.6,14519,6961000
2012.05.17,30.77,30.93,29.47,29.55,15217,7175900
2012.05.18,29.98,30.51,29.38,30.25,15930,6675500
2012.05.21,30.59,31.38,30.44,31.22,9305,4289300
2012.05.22,31.06,31.46,30.61,30.83,13379,4912300
2012.05.23,30.83,31.07,30.12,31.07,14215,7227900
2012.05.24,31.2,31.46,30.51,30.73,14965,5836900
2012.05.25,30.48,30.93,29.92,30.15,11390,4774000
2012.05.28,30.27,30.75,30.18,30.41,4283,1314600
2012.05.29,30.58,31.37,30.41,30.93,15390,6357800
2012.05.30,30.34,30.84,30.1,30.75,11923,4095600
2012.05.31,30.92,31.1,30.1,31.01,14583,8683800
2012.06.01,30.21,30.98,30.2,30.51,9719,3463800
2012.06.04,30.49,30.6,29.99,30.45,10921,4086500
2012.06.05,30.51,30.73,30.07,30.42,12650,3778900
2012.06.06,30.51,31.38,30.51,31.32,12869,4278900
2012.06.08,31.37,31.66,31.24,31.63,12456,4112300
2012.06.11,31.85,32.14,31.13,31.23,11858,3991800
2012.06.12,31.31,31.96,31.27,31.96,9328,3295300
2012.06.13,31.92,32.25,31.62,32,13286,4046600
2012.06.14,31.7,32.11,31.55,32.08,8792,2552900
2012.06.15,32.17,33.22,31.93,32.6,22465,13538100
2012.06.18,32.49,33.08,32.31,32.87,9036,4274000
2012.06.19,32.99,34.02,32.85,33.66,18228,6787500
2012.06.20,33.62,34.28,33.47,33.76,12853,4497800
2012.06.21,33.66,33.8,32.77,32.83,9151,3146900
2012.06.22,32.99,33.23,32.44,32.76,10361,3531300
2012.06.25,32,32.36,31.91,32.12,5609,3344100
2012.06.26,32.28,33.2,32.16,32.87,9724,6069500
2012.06.27,32.99,33.23,32.51,32.74,8783,3783700
2012.06.28,32.64,32.99,31.72,32.36,11357,6356300
2012.06.29,33.02,33.3,32.75,33.1,11241,5102200
2012.07.02,33,33.18,32.66,33.18,6194,2379100
2012.07.03,33.18,34.16,33.14,33.83,31005,13850800
2012.07.04,33.83,34.01,33.5,34.01,2102,934900
2012.07.05,34.21,34.56,33.93,34.46,11942,4461000
2012.07.06,34.03,34.51,33.33,33.64,13563,5938700
2012.07.10,33.47,33.83,32.56,32.66,11984,5894500
2012.07.11,32.89,33.03,32.34,32.63,9612,3738300
2012.07.12,32.16,32.64,31.75,32.49,11576,4761000
2012.07.13,32.77,33.35,32.67,33.17,9838,3391600
2012.07.16,32.91,33.14,32.51,32.66,7313,2199600
2012.07.17,32.73,33.41,32.22,32.53,6623,1978300
2012.07.18,32.53,32.73,31.88,32.58,12439,4634100
2012.07.19,32.32,32.84,32.11,32.63,8393,3030100
2012.07.20,32.34,32.38,31.72,31.84,8588,4804700
2012.07.23,31.13,31.42,30.48,31.07,10235,4255500
2012.07.24,30.89,30.96,29.49,29.56,19594,8143500
2012.07.25,29.77,29.9,28.8,29.41,9584,4280200
2012.07.26,29.03,29.8,28.34,29.76,21717,10951500
2012.07.27,30.19,30.98,29.79,30.98,16978,12480200
2012.07.30,30.93,30.96,30.34,30.95,7202,3193500
2012.07.31,31.13,31.26,30.53,30.65,9474,4094800
2012.08.01,30.75,31.03,30.21,30.84,10155,3973200
2012.08.02,30.16,30.85,30.02,30.32,9007,3190100
2012.08.03,30.92,30.92,30.56,30.77,6881,3509300
2012.08.06,30.68,31.38,30.52,31.08,6329,2683200
2012.08.07,31.06,31.46,30.89,31.04,7324,3252800
2012.08.08,30.98,31.49,30.89,31.3,10692,4741500
2012.08.09,31.12,31.84,31.12,31.59,10488,5808900
2012.08.10,31.39,31.93,31.17,31.83,12215,5287200
2012.08.13,31.88,32.13,31.6,31.85,7601,2988300
2012.08.14,31.65,31.87,30.39,30.55,11834,5199500
2012.08.15,30.45,30.69,29.88,29.95,14506,6305300
2012.08.16,30.35,30.43,29.84,30.35,12342,4798800
2012.08.17,30.41,30.51,29.41,29.41,12432,5103900
2012.08.20,29.67,30.12,29.1,29.98,9537,4140800
2012.08.21,30.36,30.66,29.6,29.76,11464,5515000
2012.08.22,29.69,29.98,29.37,29.77,6940,2916100
2012.08.23,29.46,29.54,28.59,28.62,8775,3510300
2012.08.24,28.52,28.59,27.87,28.48,10291,4789500
2012.08.27,28.43,28.49,27.87,28.04,5099,2627400
2012.08.28,27.78,28.23,27.76,27.97,7785,3087600
2012.08.29,28.02,28.02,26.77,27.14,14510,5912700
2012.08.30,26.99,27.15,26.82,27.06,10129,3394500
2012.08.31,27.46,27.87,27.26,27.87,15945,7156000
2012.09.03,27.95,27.95,27.45,27.68,6557,1990900
2012.09.04,27.53,27.54,26.55,26.78,10502,4332300
2012.09.05,26.97,27.39,26.8,27.21,9752,3580500
2012.09.06,27.45,28.47,27.4,28.47,10830,4850100
2012.09.10,30.15,30.41,29.46,29.51,24036,12578700
2012.09.11,29.66,30.49,29.66,30.35,19373,8224800
2012.09.12,30.51,30.98,29.97,30.75,16019,7138400
2012.09.13,30.66,31.96,30.22,31.53,18364,8944900
2012.09.14,31.75,32.81,31.33,31.88,26722,11968000
2012.09.17,31.9,32.89,31.79,32.22,14445,7145200
2012.09.18,32.42,32.79,32.11,32.63,10265,5637800
2012.09.19,32.54,32.93,32.08,32.25,9405,4574800
2012.09.20,31.82,32.18,31.49,31.98,10604,6034000
2012.09.21,32.09,32.42,31.03,31.03,8397,4103300
2012.09.24,31.02,31.38,30.65,31.25,14135,5720200
2012.09.25,31.12,31.34,30.24,30.37,11097,4529800
2012.09.26,30.34,30.69,29.82,30.48,8600,3363900
2012.09.27,30.84,30.89,30.29,30.41,9236,3444900
2012.09.28,30.21,30.26,29.73,30.09,10792,4985800
2012.10.01,30.17,30.81,29.91,29.97,9056,3476400
2012.10.02,30.27,30.52,29.65,29.85,11185,3520500
2012.10.03,29.89,30.13,29.28,29.44,7378,3039900
2012.10.04,29.48,30.24,28.99,29.77,15557,6405100
2012.10.05,30.3,30.48,29.58,29.63,9531,3359000
2012.10.08,29.48,30.66,29.31,30.6,13163,4615100
2012.10.09,30.99,31.29,30.76,30.77,12528,4770300
2012.10.10,31,31.08,30.34,30.43,10820,4013800
2012.10.11,30.72,31.03,30.56,30.84,11391,4979700
2012.10.15,30.67,31,30.41,30.84,7386,3151700
2012.10.16,31.02,32.23,31.02,31.42,28416,12085300
2012.10.17,31.93,32.48,31.73,31.99,14221,5311200
2012.10.18,31.52,32.11,31.5,31.85,11834,5805900
2012.10.19,31.66,31.85,31.14,31.16,9272,3696900
2012.10.22,31.18,31.59,31,31.16,7328,3342300
2012.10.23,30.83,30.94,30.16,30.29,8472,3788800
2012.10.24,30.43,30.61,29.98,30.07,9329,3426800
2012.10.25,31.33,31.86,31.08,31.76,12261,5355900
2012.10.26,31.42,31.96,31.38,31.52,8834,2827800
2012.10.29,31.5,31.73,31.21,31.73,4180,2059200
2012.10.30,31.67,32.12,31.67,31.89,3889,1524100
2012.10.31,31.85,32.12,31.52,31.89,13907,6653500
2012.11.01,31.91,32.72,31.81,32.69,11070,5986000
2012.11.05,32.12,32.6,32.08,32.4,8720,3474700
2012.11.06,32.57,32.88,32.29,32.54,10370,4642900
2012.11.07,32.5,32.69,31.82,32.21,12180,7627600
2012.11.08,32.5,32.51,31.39,31.48,12579,7125500
2012.11.09,31.57,31.93,31.28,31.75,9104,3665400
2012.11.12,31.67,31.98,31.27,31.5,6257,3142100
2012.11.13,31.25,31.85,30.93,31.72,11204,5554800
2012.11.14,31.49,31.73,30.88,31.15,8896,4609100
2012.11.16,30.8,30.85,30.15,30.21,14326,7060200
2012.11.19,30.67,31.03,30.49,30.61,6588,3765100
2012.11.21,30.94,31.08,30.42,31.03,14032,8160100
2012.11.22,31.17,31.21,30.86,30.9,1256,1225700
2012.11.23,30.89,31.43,30.82,31.42,7127,2836000
2012.11.26,31.41,31.45,30.87,31.17,6384,3600400
2012.11.27,31.39,31.66,31.06,31.06,8782,4924100
2012.11.28,30.56,31.17,30.45,30.53,10560,6278400
2012.11.29,31,31.93,30.95,31.9,12036,4628200
2012.11.30,31.75,32.01,31.31,32.01,12244,4973700
2012.12.03,31.95,32.17,31.35,31.83,10943,5178400
2012.12.04,32.05,32.05,31.25,31.25,12077,5001400
2012.12.05,31.72,31.87,31.39,31.75,11878,5009000
2012.12.06,31.7,31.89,31.41,31.54,8219,2463600
2012.12.07,31.81,32.2,31.71,31.92,8224,3255700
2012.12.10,31.59,32.48,31.59,32.48,8237,3265800
2012.12.11,32.64,33.2,32.39,33.2,9786,3597700
2012.12.12,33.19,33.85,33.1,33.54,17704,6355000
2012.12.13,33.21,33.84,33.03,33.73,11655,4283000
2012.12.14,33.98,35.07,33.93,35.07,12261,4361800
2012.12.17,35.06,35.76,34.98,35.76,9148,3294100
2012.12.18,35.94,36.61,35.84,36.46,16820,5741600
2012.12.19,36.45,37.07,35.56,35.81,15684,4747800
2012.12.20,35.6,36,35.3,35.96,8429,2559600
2012.12.21,35.14,35.66,35.07,35.65,7098,3016600
2012.12.26,35.22,36.26,35.21,35.92,4349,1415700
2012.12.27,35.6,36.27,35.56,35.91,8094,2081800
2012.12.28,35.91,36.17,35.69,35.98,8682,2474000
2013.01.02,36.61,38.11,36.61,37.55,12531,4051600
2013.01.03,37.03,37.52,36.91,36.91,11712,4114500
2013.01.04,36.91,36.91,35.86,36.21,12255,5639400
2013.01.07,36.21,36.51,35.44,35.62,10834,3028400
2013.01.08,35.57,35.94,35.3,35.34,8001,2628300
2013.01.09,35.51,35.81,35.22,35.51,7652,2286200
2013.01.10,35.59,35.94,35.56,35.89,9852,2977100
2013.01.11,35.55,35.78,34.85,35.14,8250,2993000
2013.01.14,35.42,35.5,34.93,35.27,12928,4076900
2013.01.15,34.99,35.31,34.74,35.04,7963,2570800
2013.01.16,35.1,35.1,34.32,34.83,9576,2950800
2013.01.17,34.57,35.11,34.52,34.9,7990,2802100
2013.01.18,34.98,35.17,34.51,34.57,7945,2493600
2013.01.21,34.64,34.71,34.3,34.54,2950,905500
2013.01.22,34.64,35.03,34.44,35.03,6929,2554200
2013.01.23,35.12,35.19,34.66,34.78,7375,3030800
2013.01.24,34.91,35.04,33.84,34.05,11074,3315900
2013.01.28,33.94,34,32.97,33.03,8554,2786800
2013.01.29,33.21,33.5,32.71,33.41,8254,3199600
2013.01.30,33.37,33.41,32.95,32.99,11940,4790800
2013.01.31,33.03,34.31,33.03,34.27,14800,6118300
2013.02.01,34.27,35,34.27,34.78,8082,3924300
2013.02.04,34.54,34.71,33.98,34.44,10894,5490000
2013.02.05,34.41,35.13,33.49,33.81,14325,4221200
2013.02.06,33.94,34.41,33.54,34.19,8907,3788200
2013.02.07,33.89,34.41,33.14,33.23,10167,3617500
2013.02.08,33.43,33.58,32.94,33.49,9000,3130400
2013.02.13,33.66,33.66,33.17,33.3,7834,2836700
2013.02.14,33.3,33.3,32.64,32.84,8005,3857900
2013.02.15,32.79,32.93,32.41,32.61,9847,2810700
2013.02.18,32.67,32.67,32.17,32.39,6887,1876800
2013.02.19,32.5,32.94,32.05,32.05,8487,3147800
2013.02.20,32.04,32.09,31.03,31.03,12064,3881400
2013.02.21,30.67,31.25,30.47,31.25,13978,5027700
2013.02.22,31.29,31.46,30.33,30.41,11446,7437700
2013.02.25,30.5,30.84,30.31,30.54,13950,5096100
2013.02.26,30.37,31.3,30.16,31.16,12964,4856800
2013.02.27,31.33,31.5,30.6,31.5,11012,3844000
2013.02.28,30.98,32.49,30.91,32.18,15419,7343000
2013.03.01,31.51,31.88,31.22,31.3,13531,5637800
2013.03.04,30.87,30.87,30.07,30.34,10174,3620200
2013.03.05,30.66,30.84,30.18,30.18,10151,3950000
2013.03.06,30.56,32.04,30.23,31.85,8503,4038200
2013.03.07,32.09,32.42,31.54,31.83,12416,5138900
2013.03.08,31.52,32.12,30.64,30.94,9468,3784700
2013.03.11,31.06,31.35,30.5,31.22,7302,2558000
2013.03.12,31.22,31.55,30.85,30.9,7482,2339200
2013.03.13,30.86,30.94,29.68,29.68,10297,3125300
2013.03.14,29.91,30.05,29.1,29.8,12895,4622900
2013.03.15,29.9,30.27,29.57,29.57,13959,7225100
2013.03.18,29.34,29.82,29.06,29.82,10376,3142100
2013.03.19,29.26,29.39,28.52,28.58,12626,5137000
2013.03.20,28.81,29.4,28.59,29.25,17874,5170200
2013.03.21,29.18,29.54,28.86,29.49,11597,3986700
2013.03.22,29.58,29.67,29.21,29.55,7335,2361700
2013.03.25,29.63,29.63,28.81,29.16,8226,2883900
2013.03.26,29.38,29.5,29.09,29.34,5490,1992700
2013.03.27,29.3,29.91,28.91,29.91,7780,3071900
2013.03.28,29.74,30.04,29.47,29.71,9360,2989100
2013.04.01,29.64,29.73,28.9,28.9,5327,1960700
2013.04.02,29.11,29.17,28.25,28.26,10518,5334500
2013.04.03,28.25,30.09,28.15,30.09,15644,6241200
2013.04.04,29.75,29.97,29.03,29.1,10694,4224900
2013.04.05,28.73,29.66,28.47,29.41,12926,4538700
2013.04.08,29.45,29.69,29.02,29.54,10369,6422100
2013.04.09,29.79,31.16,29.79,30.81,17145,7883500
2013.04.10,31.02,31.35,29.67,29.8,18925,8485700
2013.04.11,29.93,30.04,28.85,29.07,12451,5173100
2013.04.12,29.05,30.52,28.39,29.43,13643,6120200
2013.04.15,28.56,28.83,27.64,27.64,11245,4351000
2013.04.16,28.14,28.37,27.84,28.26,11642,5535900
2013.04.17,27.71,28.38,27.16,28.38,19690,9318200
2013.04.18,28.37,28.65,27.72,27.88,11313,4232100
2013.04.19,28.26,28.44,27.56,28.05,8797,4670600
2013.04.22,28.09,28.46,27.8,28.46,6978,2285700
2013.04.23,28.43,29.32,28.03,29.19,9569,3365600
2013.04.24,29.36,30.03,29.21,29.36,12563,7021900
2013.04.25,30.19,30.54,29.78,29.92,13610,5322900
2013.04.26,29.71,29.89,28.91,28.95,9069,2940300
2013.04.29,29.39,29.78,29.03,29.37,7449,3095700
2013.04.30,29.58,29.94,29,29.94,10085,3183500
2013.05.02,29.24,29.59,28.94,29.28,15806,6718200
2013.05.03,29.71,30.15,29.35,29.54,12813,3917500
2013.05.06,29.64,29.98,29.39,29.57,9910,4638200
2013.05.07,29.72,30.46,29.61,30.46,9111,3986600
2013.05.08,30.41,30.86,30.36,30.55,13688,4538300
2013.05.09,30.3,30.95,30.3,30.72,10187,5346900
2013.05.10,30.58,30.77,29.86,29.93,14214,4085900
2013.05.13,29.68,29.86,29.23,29.23,6703,3024600
2013.05.14,29.35,29.37,28.55,28.66,9606,3531800
2013.05.15,28.51,28.62,27.89,28.05,14198,19256600
2013.05.16,27.94,28.06,27.31,27.4,14335,4922700
2013.05.17,27.93,28.03,27.56,27.67,8776,2716800
2013.05.20,27.68,28.75,27.4,28.75,9402,4289700
2013.05.21,28.86,29.07,28.51,28.97,7825,2459500
2013.05.22,29.02,29.32,28.23,28.51,8887,5169100
2013.05.23,27.74,27.97,27.51,27.97,12553,4381800
2013.05.24,27.6,27.84,27.53,27.71,7883,3298600
2013.05.27,27.71,27.94,27.62,27.85,2085,603400
2013.05.28,28.15,28.16,27.37,27.37,7823,3369000
2013.05.29,27.1,27.46,26.98,27.14,13794,5896700
2013.05.31,27.57,27.68,26.51,26.61,18636,7511200
2013.06.03,26.97,27.66,26.9,27.62,14482,4656900
2013.06.04,27.96,28.04,27.2,27.96,16825,5595100
2013.06.05,27.67,27.94,26.94,27.03,11805,3997000
2013.06.06,27.06,27.35,26.6,27.35,8837,5668800
2013.06.07,26.8,27.46,26.79,26.89,11167,4315700
2013.06.10,26.74,26.93,26.5,26.62,12248,7958000
2013.06.11,26.2,26.34,25.96,25.97,16046,5709200
2013.06.12,26.23,26.24,25.42,25.7,15626,6932600
2013.06.13,25.63,27.06,25.62,27,15626,5293600
2013.06.14,27.06,27.39,26.27,26.29,13835,4633300
2013.06.17,26.66,26.92,26.48,26.56,10551,3616200
2013.06.18,26.4,27.39,26.25,27.12,12146,3715900
2013.06.19,27.02,27.31,26.82,26.83,16529,5169800
2013.06.20,26.17,27.18,25.92,27.06,24451,8595900
2013.06.21,26.52,27.11,26.4,26.61,27128,10022000
2013.06.24,26.09,26.27,25.02,25.25,16384,5899800
2013.06.25,25.61,25.95,25.35,25.7,12014,3451300
2013.06.26,25.78,25.89,24.77,24.86,12825,3885700
2013.06.27,25,25.39,24.85,24.86,10183,4244900
2013.06.28,24.85,25.56,24.68,25.42,18290,9751500
2013.07.01,25.27,25.99,25.27,25.78,9707,3178900
2013.07.02,25.42,25.85,24.63,24.9,17385,6665200
2013.07.03,24.78,25.35,24.49,24.82,12130,4633600
2013.07.04,25.4,25.93,25.4,25.76,5093,2301300
2013.07.05,25.21,25.47,24.38,25.09,13346,4380400
2013.07.08,25.12,25.35,24.62,24.82,8597,3022700
2013.07.10,25.38,25.74,25.06,25.33,16195,5922600
2013.07.11,26.16,26.61,26.09,26.5,15827,5328600
2013.07.12,26.4,26.41,26.02,26.08,8248,2901200
2013.07.15,26.52,26.52,26.1,26.34,6878,2345000
2013.07.16,26.58,27.35,26.48,27.3,12778,4742600
2013.07.17,27.5,28.07,27.44,27.84,19194,7150200
2013.07.18,27.67,28.21,27.56,27.67,11456,4526800
2013.07.19,27.38,27.66,26.83,27.01,9036,3407000
2013.07.22,26.96,27.57,26.92,27.45,8582,3764300
2013.07.23,27.75,28.05,27.56,27.98,8364,2987400
2013.07.24,27.96,28.18,27.6,27.89,11361,3968300
2013.07.25,27.62,28.23,27.57,28.2,16292,6813800
2013.07.26,28.06,28.29,27.72,28.2,8980,3365800
2013.07.29,27.93,28.21,27.75,27.84,16256,4128600
2013.07.30,27.77,28.04,27.15,27.15,19613,6357300
2013.07.31,27.09,27.43,27.04,27.11,7315,3004500
2013.08.01,27.53,27.75,27.34,27.4,8785,3013500
2013.08.02,27.38,27.84,27.18,27.32,9132,3471100
2013.08.05,27.32,27.85,27.27,27.57,6823,2673700
2013.08.06,27.49,27.6,27.06,27.38,12938,5013900
2013.08.07,27.18,28.22,27.16,27.96,9230,3644500
2013.08.08,28.25,29.28,28.25,29,13533,5463300
2013.08.09,29.37,30.76,29.27,30.37,19288,9766900
2013.08.12,30.61,31.37,30.55,31.03,19576,7798500
2013.08.13,31.43,31.63,30.82,31.12,16917,6090400
2013.08.14,31,31.71,30.91,31.22,19806,8873800
2013.08.15,30.81,31.93,30.79,31.6,25611,13060100
2013.08.16,31.66,32.07,31.46,31.98,15392,5888400
2013.08.19,31.73,32.22,31.56,31.83,14550,6721200
2013.08.20,31.39,31.68,30.92,30.92,12496,5575500
2013.08.21,30.68,31.14,30.32,30.6,13236,5022500
2013.08.22,31.23,31.83,31.01,31.69,12978,4988300
2013.08.23,31.63,31.85,31.21,31.57,14228,6163600
2013.08.26,31.27,31.86,31.27,31.38,9629,3669900
2013.08.27,31.03,31.32,30.73,30.83,11809,4579900
2013.08.28,30.85,30.97,29.94,30.45,14200,4565300
2013.08.29,30.41,30.58,29.7,29.71,11060,4668900
2013.08.30,29.81,30.08,29.4,30.08,9128,5365200
2013.09.02,30.84,31.21,30.51,31.13,8190,3013300
2013.09.03,31.07,31.38,30.8,31.34,12036,3886500
2013.09.04,30.95,31.46,30.78,31.46,9626,3290800
2013.09.05,31.3,31.62,30.96,31.45,9031,2904600
2013.09.06,31.71,31.82,31.13,31.37,11397,3367300
2013.09.09,31.38,32.5,31.21,32.3,15631,4707500
2013.09.10,32.34,33.49,32.32,33.08,17975,9664400
2013.09.11,33.07,33.43,32.21,32.46,14615,7129500
2013.09.12,32.46,32.54,31.94,32.3,11199,3951700
2013.09.13,32.33,32.33,31.69,31.91,9428,3665000
2013.09.16,32.08,32.28,31.66,31.81,9774,3133300
2013.09.17,31.7,31.93,31.3,31.9,8919,3155300
2013.09.18,31.81,32.06,31.53,31.93,13503,4443900
2013.09.19,32.19,32.19,31.48,31.8,13272,3789400
2013.09.20,31.65,31.78,31,31.17,12100,4911600
2013.09.23,31.26,31.77,31.12,31.47,6361,2418300
2013.09.24,31.54,31.54,30.87,30.99,12407,4377000
2013.09.25,30.99,31.39,30.99,31.25,11948,3388200
2013.09.26,31.31,31.54,31.05,31.46,6146,2143500
2013.09.27,31.28,31.38,30.6,30.73,11718,4673400
2013.09.30,30.16,30.54,29.91,30.12,9794,3991700
2013.10.01,30.37,30.37,29.56,30.16,12741,4047400
2013.10.02,29.94,30.38,29.81,30.17,7065,2311300
2013.10.03,30.2,30.46,29.57,29.75,8209,3928400
2013.10.04,29.84,30.06,29.34,30.06,9267,3925200
2013.10.07,29.8,30.12,29.64,29.8,10543,3629100
2013.10.08,29.81,29.81,29.3,29.38,9139,5262100
2013.10.09,29.61,29.61,28.69,29.02,11001,3579100
2013.10.10,29.23,29.37,28.8,29.24,11756,3656000
2013.10.11,29.1,29.64,29.05,29.51,8758,2236000
2013.10.14,29.28,30.92,29.16,30.89,14728,4882000
2013.10.15,30.87,31.71,30.63,31.14,15361,9481100
2013.10.16,31.03,31.29,30.83,30.98,12334,3543500
2013.10.17,30.68,31.66,30.68,31.35,16123,13674700
2013.10.18,31.59,31.89,31.15,31.37,7891,12632500
2013.10.21,31.66,31.86,31.39,31.75,8809,3359700
2013.10.22,31.72,32.53,31.55,32.22,10792,4087500
2013.10.23,31.95,31.95,31.28,31.45,12808,3724400
2013.10.24,31.45,31.74,31.18,31.45,11367,3496800
2013.10.25,31.34,31.49,30.98,31.47,10208,15370000
2013.10.28,31.5,31.86,31.35,31.69,7741,6575900
2013.10.29,31.95,31.95,31.19,31.54,7574,2751900
2013.10.30,31.72,31.88,31.23,31.42,7309,3246800
2013.10.31,31.54,32.08,31.33,32.08,10315,5552500
2013.11.01,32.15,33.12,32.09,33.12,12498,6015200
2013.11.04,33.02,34.01,33.02,34.01,11198,5160400
2013.11.05,34.16,34.52,33.93,33.94,12652,4536500
2013.11.06,34.28,34.63,34.13,34.53,16166,6145800
2013.11.07,34.66,34.94,33.19,33.42,16211,6861300
2013.11.08,33.12,33.42,32.79,32.98,14955,5732600
2013.11.11,32.98,33.46,32.79,33.16,9997,4376300
2013.11.12,33.21,33.3,31.94,32.12,13885,10050600
2013.11.13,31.68,32.08,31.14,31.9,12577,8967200
2013.11.14,32.2,32.5,31.91,32.21,11147,4309400
2013.11.18,32.44,32.88,32.25,32.53,9127,3577800
2013.11.19,32.37,32.51,31.84,31.95,11630,3922900
2013.11.21,31.43,31.92,31.34,31.42,7687,3241700
2013.11.22,31.17,31.86,31.14,31.71,8075,3159100
2013.11.25,31.85,31.88,31.01,31.09,9806,3777100
2013.11.26,30.97,31.13,30.1,30.1,11131,4935600
2013.11.27,30.42,31.12,30.25,30.73,13873,6180200
2013.11.28,31.91,31.92,31.39,31.6,5997,2199400
2013.11.29,31.73,32.2,31.57,32.2,9028,3456800
2013.12.02,31.69,32.02,31.44,31.78,12896,4800100
2013.12.03,31.45,31.96,31.39,31.48,9389,3351200
2013.12.04,31.75,31.92,31.47,31.62,8446,2978800
2013.12.05,31.63,32.36,31.63,31.98,13385,3873400
2013.12.06,32.31,32.38,31.86,31.92,9955,3369300
2013.12.09,31.9,32.27,31.84,32.22,8308,2370500
2013.12.10,32.12,32.49,31.73,31.79,7973,2500300
2013.12.11,31.8,31.85,31.14,31.14,7966,2312900
2013.12.12,31.41,31.41,30.76,31.01,11332,4072000
2013.12.13,31.41,31.41,30.63,30.81,11358,3700800
2013.12.16,30.81,31.12,30.76,30.87,9902,2566400
2013.12.17,30.67,31.25,30.64,30.76,9741,3009300
2013.12.18,31.03,31.03,30.66,30.85,12877,5233900
2013.12.19,31.24,31.51,30.9,31.51,7486,2736400
2013.12.20,31.19,31.48,30.74,30.92,7557,4849600
2013.12.23,30.92,31.16,30.76,31.02,6013,1978500
2013.12.26,31.27,31.33,31,31.15,8343,2185300
2013.12.27,31.33,32.02,31.2,31.87,13404,4125700
2013.12.30,32.21,32.42,31.88,32.05,8838,2563100
2014.01.02,32.23,32.36,31.03,31.25,14846,4390300
2014.01.03,31.25,31.25,30.34,30.34,15054,9141000
2014.01.06,30.19,30.6,29.97,30.6,12765,4520600
2014.01.07,30.52,30.83,29.72,29.85,11765,4318900
2014.01.08,30.05,30.2,29.87,30.04,7002,2689300
2014.01.09,30.04,30.04,28.86,28.98,12148,5331900
2014.01.10,28.95,29.49,28.88,28.94,10759,4197800
2014.01.13,28.78,29.12,28.6,28.76,9858,4244400
2014.01.14,28.69,28.95,28.48,28.74,10800,4353800
2014.01.15,28.82,29.19,28.57,29.12,10342,4740800
2014.01.16,29.61,29.95,29.26,29.46,8883,4040500
2014.01.17,29.44,29.59,29.05,29.16,9041,4032000
2014.01.20,28.87,29.11,28.33,28.53,3323,1652600
2014.01.21,28.59,28.62,27.86,27.9,11426,5391400
2014.01.22,28.12,28.73,27.92,28.55,11220,5161000
2014.01.23,28.09,28.54,27.75,27.76,19183,8139700
2014.01.24,27.66,28.19,27.6,28.04,24914,8290500
2014.01.27,28.13,28.24,27.55,27.93,10451,4238600
2014.01.28,28.53,28.78,28.4,28.5,14128,4772600
2014.01.29,28.5,30.13,28.25,29.7,21095,8922600
2014.01.30,29.72,29.96,29.09,29.17,14448,5604700
2014.01.31,28.89,29.76,28.76,29.66,13427,4559200
2014.02.03,29.6,29.63,28.81,28.84,11722,4110000
2014.02.04,29.19,29.58,28.7,29.33,11863,3532700
2014.02.05,29.39,30.17,29.32,30.06,17331,7054400
2014.02.06,30.52,31.22,30.24,30.75,18594,6212900
2014.02.07,30.77,31.08,30.34,30.56,11427,3895800
2014.02.10,30.45,30.91,30.13,30.2,14103,3848600
2014.02.11,30.52,31.08,30.16,30.96,20037,5512800
2014.02.12,31.09,31.31,30.79,30.93,24666,5853900
2014.02.13,30.74,30.92,30.34,30.8,19565,6414100
2014.02.14,30.97,31.38,30.74,31.28,16780,4724200
2014.02.17,31.38,31.49,30.96,30.96,3912,1369500
2014.02.18,31.09,31.59,30.97,31.03,19820,7514700
2014.02.19,31.01,31.49,30.85,31.35,15799,5316100
2014.02.20,31.17,31.34,30.97,30.99,15992,5843300
2014.02.21,31.19,31.32,30.88,31.06,10170,3880500
2014.02.24,31.03,31.03,30.22,30.23,10382,3897900
2014.02.25,29.8,29.84,29.07,29.18,13575,3715200
2014.02.26,29.24,30,28.89,30,21265,5422800
2014.02.27,29.7,30.11,29.32,29.63,15816,3877400
2014.02.28,29.66,29.8,29.24,29.63,17624,7171400
2014.03.05,29.03,29.39,28.51,28.58,8080,3195500
2014.03.06,28.82,28.89,28.49,28.5,8393,5463300
2014.03.07,28.27,28.43,27.33,27.41,16350,5466500
2014.03.10,26.93,27.1,26.47,26.96,17677,7961300
2014.03.11,27.19,27.38,26.46,26.52,15000,5624800
2014.03.12,26.47,27.21,26.31,27.03,15483,5236300
2014.03.13,27.15,27.42,26.23,26.3,11862,4895900
2014.03.14,26.34,26.62,26.1,26.26,11980,4917300
2014.03.17,26.27,26.97,26.26,26.31,9792,3554500
2014.03.18,26.5,26.9,26.27,26.76,15339,4692400
2014.03.19,26.75,27.11,26.46,26.57,19719,6316100
2014.03.20,26.47,27.05,26.26,26.83,23039,6236900
2014.03.21,26.66,27.62,26.61,27.32,15778,6243800
2014.03.24,27.46,27.63,27.18,27.44,12632,4437800
2014.03.25,27.83,28.01,27.54,27.67,17384,5788600
2014.03.26,28.04,28.1,27.35,27.36,16527,5282100
2014.03.27,27.74,27.99,27.5,27.92,21554,6924600
2014.03.28,28.09,28.28,27.56,27.84,14258,5312800
2014.03.31,28.09,28.72,28.09,28.21,12737,5954700
2014.04.01,28.45,28.58,27.88,28.15,12398,5557800
2014.04.02,28.15,29.64,28.13,29.2,16342,11279600
2014.04.03,29.08,29.67,28.83,29.54,17140,6135300
2014.04.04,29.75,29.94,29.15,29.15,11456,6169700
2014.04.07,29.62,30,29.35,29.93,11557,3763900
2014.04.08,30.22,30.92,29.73,29.86,17310,5925900
2014.04.09,29.8,30.02,29.39,29.61,10386,4043600
2014.04.10,29.53,29.69,29.17,29.43,9343,2958700
2014.04.11,29.28,29.6,28.86,29.6,12174,4172600
2014.04.14,29.64,29.84,29.4,29.52,15012,4118100
2014.04.15,29.35,29.76,27.91,28.55,22034,7168900
2014.04.16,28.75,28.99,28.53,28.68,10477,3224200
2014.04.17,28.75,29.44,28.65,29.21,9541,2735900
2014.04.22,28.94,28.94,28.34,28.34,15422,5726300
2014.04.23,28.33,28.42,27.88,27.95,12104,3524800
2014.04.24,28.15,28.75,27.93,28.41,10283,3242400
2014.04.25,28.24,28.33,27.76,27.97,9213,4635200
2014.04.28,27.6,27.68,26.89,27.31,11433,3554100
2014.04.29,27.57,27.65,27.34,27.48,8984,3839800
2014.04.30,27.11,27.39,26.5,27.13,21046,8176700
2014.05.02,27.33,28.04,27.11,27.88,9565,6525600
2014.05.05,27.95,28.09,27.47,27.79,7206,2406700
2014.05.06,27.59,28.07,27.48,27.52,10178,3216400
2014.05.07,27.58,27.9,27.39,27.66,8716,3228200
2014.05.08,27.82,27.88,26.96,27.19,11632,3723400
2014.05.09,27.24,27.39,26.96,26.96,12351,3246200
2014.05.12,27.59,28.33,27.4,28.24,9058,3127000
2014.05.13,28.2,28.54,28.05,28.28,8765,3065200
2014.05.14,28.37,29.05,28.35,28.96,8681,3719000
2014.05.15,28.84,29,28.44,28.7,7738,2678800
2014.05.16,28.47,28.48,27.86,28.05,10286,3635200
2014.05.19,27.78,27.78,27.18,27.19,11560,3851500
2014.05.20,27.18,27.37,26.62,26.63,12739,3977800
2014.05.21,26.94,27.12,26.66,26.66,10916,2896700
2014.05.22,26.92,27.51,26.91,27.08,7011,2575400
2014.05.23,27.21,27.3,26.87,27,6153,2502600
2014.05.26,27.18,27.47,27.12,27.32,2417,927400
2014.05.27,27.18,27.4,26.84,26.84,8327,3132600
2014.05.28,26.83,26.99,26.63,26.84,9876,3760400
2014.05.29,26.99,27.08,26.62,27.08,4707,1818000
2014.05.30,26.44,26.71,26.11,26.21,12703,6069000
2014.06.02,26.54,27.11,26.44,26.89,10358,3513200
2014.06.03,26.89,26.94,26.47,26.62,4806,1992700
2014.06.04,26.57,26.98,26.54,26.69,6787,2945200
2014.06.05,26.69,26.97,26.53,26.55,9156,2882700
2014.06.06,27.13,27.32,26.89,27.11,16784,6892600
2014.06.09,27.14,27.5,27.1,27.35,15348,5506200
2014.06.10,27.4,27.45,26.83,27.17,10635,5001500
2014.06.11,27.59,27.62,27.05,27.36,8524,3670700
2014.06.13,26.53,26.81,26.28,26.39,11276,4585300
2014.06.16,26.53,26.53,26.03,26.23,7654,3254100
2014.06.17,26.22,26.28,26.08,26.26,7130,2550400
2014.06.18,26.3,26.73,26.24,26.62,14713,5681600
2014.06.20,26.57,26.76,26.3,26.54,5499,2126600
2014.06.23,26.85,27.11,26.68,26.86,6919,2692000
2014.06.24,26.85,27.03,26.43,26.49,10260,3574800
2014.06.25,26.39,26.83,26.27,26.45,5341,1970800
2014.06.26,26.76,27.45,26.76,27.08,7155,3147000
2014.06.27,27.03,27.26,26.77,26.83,4294,1856800
2014.06.30,26.78,27.06,26.58,26.98,6032,2898100
2014.07.01,27.22,27.66,27.22,27.37,7636,2842300
2014.07.02,27.5,28.18,27.43,28.09,12990,6069200
2014.07.03,28.21,28.95,28.21,28.64,10610,5200300
2014.07.04,28.77,28.84,28.6,28.82,2089,708300
2014.07.07,28.6,28.81,28.25,28.42,7264,2539800
2014.07.08,28.56,28.62,28.22,28.43,5198,1739300
2014.07.10,28.44,28.58,28.16,28.42,12413,4147800
2014.07.11,28.42,28.6,28.05,28.33,6070,2503000
2014.07.14,28.56,28.8,28.42,28.48,13547,4632700
2014.07.15,28.52,28.88,28.52,28.66,8295,3295400
2014.07.16,28.94,29.61,28.94,29.45,14219,5259000
2014.07.17,29.35,29.46,29.01,29.05,10940,3712200
2014.07.18,29.53,29.53,28.97,29.02,11497,4786500
2014.07.21,29.06,29.28,28.82,29.12,9947,3176000
2014.07.22,29.35,29.66,29.35,29.41,11492,3810500
2014.07.23,29.35,29.72,29.28,29.28,7942,2656000
2014.07.24,29.59,30.08,29.52,29.85,10960,3285000
2014.07.25,29.81,29.98,29.76,29.89,5468,1925200
2014.07.28,30.05,30.5,30.05,30.29,14050,5104000
2014.07.29,30.45,30.68,30.29,30.38,7281,3000500
2014.07.30,30.41,30.44,29.66,29.73,10020,4955200
2014.07.31,29.62,30.41,29.56,30.03,12354,4675100
2014.08.01,29.95,30.03,29.21,29.32,9243,3871300
2014.08.04,29.4,29.66,29.11,29.66,8500,3203300
2014.08.05,29.53,29.53,29.12,29.18,10291,3022200
2014.08.06,29.19,29.6,29.11,29.35,8866,2633700
2014.08.07,29.58,29.66,29.1,29.16,7964,2363200
2014.08.08,29.07,29.44,28.93,29.17,7868,3061800
2014.08.11,29.53,29.82,29.39,29.39,10638,3911100
2014.08.12,29.39,29.58,29.28,29.54,12646,3624600
2014.08.13,29.3,29.37,28.6,28.92,17792,5449200
2014.08.14,28.7,28.84,27.93,28.23,16955,5994000
2014.08.15,28.52,28.7,28.29,28.6,10099,2939800
2014.08.18,28.8,28.89,28.42,28.83,6942,2469300
2014.08.19,28.65,29.1,28.53,28.84,8352,2893000
2014.08.20,28.96,29.43,28.84,29.32,9481,3120100
2014.08.21,29.26,29.49,29,29.12,10851,3587400
2014.08.22,29.01,29.02,28.76,28.94,4448,1941000
2014.08.25,29.1,29.1,28.73,28.77,8055,3180100
2014.08.26,28.65,28.95,28.44,28.62,8293,3859400
2014.08.27,28.8,28.82,28.31,28.31,13090,4380300
2014.08.28,27.75,27.9,26.86,27.07,17276,8362000
2014.08.29,27.22,27.37,26.58,26.87,14454,8292000
2014.09.01,27.18,27.22,26.65,26.72,6047,1645800
2014.09.02,26.87,27.04,26.48,26.53,10717,3345900
2014.09.03,26.63,27.22,26.54,26.77,9128,5549300
2014.09.04,26.75,26.83,26.47,26.47,8107,4098400
2014.09.05,26.29,26.47,25.72,26.07,26059,9987000
2014.09.08,26.11,26.16,25.66,25.93,26513,9018400
2014.09.09,25.89,26.66,25.89,26.4,21860,6912900
2014.09.10,26.29,26.54,25.93,26.21,11869,6091900
2014.09.11,26.29,26.35,26.01,26.17,7534,3393700
2014.09.12,25.99,26.53,25.84,26.41,23027,8296100
2014.09.15,26.66,26.98,26.55,26.86,11736,3318900
2014.09.16,26.75,27.29,26.58,26.89,16207,4510400
2014.09.17,27.18,27.22,26.66,26.83,11559,3672100
2014.09.18,26.72,27.23,26.62,26.84,16051,4923600
2014.09.19,26.6,26.83,26.13,26.13,20908,6870700
2014.09.22,25.7,25.7,24.88,25.17,21093,8637500
2014.09.23,25.22,25.57,25.18,25.42,13894,4587500
2014.09.24,25.42,25.89,25.42,25.5,17819,6303500
2014.09.25,25.46,25.46,24.95,25.24,9872,4236400
2014.09.26,25.3,25.42,24.88,24.88,30057,6909600
2014.09.29,24.23,24.9,24.12,24.49,16361,6024500
2014.09.30,24.62,25.36,24.23,24.78,21435,6595800
2014.10.01,24.59,25.39,24.55,24.76,17090,5330000
2014.10.02,24.83,25.7,24.56,25.47,12888,5268100
2014.10.03,25.34,25.52,24.79,25.1,11483,4397600
2014.10.06,25.79,25.97,25.12,25.23,23131,8357800
2014.10.07,25.66,25.69,25.15,25.29,12474,6606600
2014.10.08,25.61,25.65,25.04,25.26,12241,5308800
2014.10.09,25.59,25.59,24.69,24.83,16021,6315700
2014.10.10,24.69,24.84,24.23,24.23,8981,3759700
2014.10.13,25.06,25.95,24.95,25.38,17679,6318400
2014.10.14,25.61,26.52,25.45,26.12,13656,4728800
2014.10.15,25.7,26.18,25.33,26.12,18417,6206500
2014.10.16,25.46,25.67,24.63,25.27,18933,8161300
2014.10.17,25.46,25.83,24.97,25.39,17767,6817000
2014.10.20,25.28,25.4,24.87,25.13,11068,3525600
2014.10.21,24.9,25.7,24.72,25.52,20396,7344700
2014.10.22,25.52,25.78,25.19,25.52,11414,4046800
2014.10.23,25.19,26.32,25.08,25.99,21020,6845600
2014.10.24,25.65,26.79,25.65,26.18,14546,7047000
2014.10.27,25.44,25.76,24.98,25.13,35255,13293000
2014.10.28,25.51,25.53,24.73,24.93,16799,7251000
2014.10.29,24.79,25.1,23.62,23.62,21707,10757500
2014.10.30,22.71,22.98,22.41,22.61,16377,5587900
2014.10.31,22.85,23.85,22.71,23.85,8925,5294600
2014.11.03,23.56,23.75,23.19,23.75,9633,6395800
2014.11.04,23.64,23.68,22.7,22.99,15045,4722900
2014.11.05,22.65,23.16,22.37,22.89,14931,5417700
2014.11.06,22.45,22.78,22.24,22.56,15155,5024700
2014.11.07,22.57,23.23,22.57,22.91,8088,3619400
2014.11.10,23.37,23.37,22.23,22.23,8356,2938500
2014.11.11,21.88,21.98,21.25,21.53,14577,5322800
2014.11.12,21.55,21.98,21.46,21.48,15696,7710400
2014.11.13,21.48,21.79,21.41,21.42,12005,4026100
2014.11.14,21.26,22.03,21.04,21.93,15506,6490200
2014.11.17,21.87,22.11,21.7,21.87,11261,3821100
2014.11.18,21.83,21.84,20.99,21.01,19531,6002700
2014.11.19,20.85,21.22,20.67,21.14,22780,8042000
2014.11.21,22.12,22.98,21.71,22.5,35805,21586000
2014.11.24,22.89,23.01,22.38,22.61,15137,5451000
2014.11.25,22.69,22.86,22.47,22.86,11645,4874900
2014.11.26,22.9,22.94,21.97,21.97,11216,5151500
2014.11.27,22.19,22.64,21.91,21.91,5797,2129700
2014.11.28,22.17,22.56,21.97,22.23,8711,4754200
2014.12.01,21.79,21.96,21.07,21.2,21730,7728900
2014.12.02,21.41,21.69,20.65,20.65,13625,6145800
2014.12.03,20.83,21.18,20.62,20.93,11046,5156800
2014.12.04,20.99,20.99,20.42,20.67,15996,7856700
2014.12.05,20.65,21.02,20.41,20.86,15024,6340100
2014.12.08,20.79,20.86,20.04,20.2,17174,6437100
2014.12.09,19.46,20.11,19.35,19.75,17552,7290400
2014.12.10,19.69,19.86,19.01,19.01,12793,4695700
2014.12.11,19,19.02,18.25,18.47,13153,6276600
2014.12.12,18.38,18.78,18.04,18.04,12052,5595500
2014.12.15,18.17,18.46,17.69,17.83,19913,8698800
2014.12.16,17.48,18.72,17.35,18.45,27280,12343800
2014.12.17,18.65,18.93,18.44,18.8,34050,15000100
2014.12.18,19.08,19.11,18.55,19.04,18238,9448900
2014.12.19,19.36,20.57,19.11,20.57,9147,5166100
2014.12.22,20.87,20.99,20.17,20.38,19681,6315200
2014.12.23,20.17,21.27,20.08,21.2,9696,4238500
2014.12.26,21.2,21.37,20.68,20.68,5229,2417400
2014.12.29,20.7,21.22,20.7,21.09,6251,2274100
2014.12.30,21.35,21.57,20.86,20.89,5805,4134300
2015.01.02,20.7,20.93,20.09,20.3,14318,5613300
2015.01.05,19.81,20.16,19.56,19.99,22230,8295300
2015.01.06,20.29,21.11,20.1,20.8,18966,9774000
2015.01.07,21.29,21.76,20.95,21.56,20454,6033900
2015.01.08,21.72,21.83,21.09,21.79,8958,4623300
2015.01.09,21.55,21.8,21.26,21.32,7426,3571100
2015.01.12,21.09,21.6,20.91,21.59,9982,4512700
2015.01.13,21.65,22.06,21.47,21.47,13311,6022900
2015.01.14,20.8,20.98,19.74,19.75,22535,10770100
2015.01.15,19.84,20.28,19.5,19.97,13243,5707000
2015.01.16,20.08,21.2,19.88,20.86,12094,3911000
2015.01.19,20.46,20.68,20.32,20.65,6144,2088400
2015.01.20,21.06,21.06,20.52,20.74,5840,2047600
2015.01.21,20.86,21.25,20.51,21.06,6601,2815600
2015.01.22,21.32,21.82,20.76,20.89,9851,4007100
2015.01.23,20.51,20.6,19.52,19.57,15761,7128900
2015.01.26,19.09,19.18,18.67,18.68,12523,4844000
2015.01.27,18.47,18.64,17.72,18.12,13652,5447200
2015.01.28,17.85,18.45,17.79,18.07,9708,3972900
2015.01.29,18.12,18.33,17.08,17.22,16253,8447200
2015.01.30,16.88,17.82,16.84,17.75,25037,7131500
2015.02.02,18.07,18.9,17.79,18.83,16514,6244700
2015.02.03,19.4,20.24,19.2,19.9,21764,9620100
2015.02.04,19.91,20.19,19.23,19.6,19396,7333200
2015.02.05,19.61,20.19,19.48,19.5,13199,4486300
2015.02.06,19.28,19.68,19.04,19.47,12571,4364200
2015.02.09,19.32,20.86,19.28,20.59,9385,4425200
2015.02.10,20.3,20.61,19.46,19.46,14634,5590700
2015.02.11,19.39,20.2,19.39,20.13,14700,5674300
2015.02.12,20.7,20.86,20.29,20.58,12110,5596600
2015.02.13,20.87,21.65,20.81,21.44,16223,6851900
2015.02.18,21.65,21.93,21.63,21.66,11320,5790600
2015.02.19,21.83,21.83,21.02,21.08,9728,4582500
2015.02.20,21.19,21.66,20.93,21.57,6293,2482200
2015.02.23,21.08,21.25,20.39,20.62,13028,5537800
2015.02.24,20.65,21.26,20.59,21.02,11497,6375200
2015.02.25,20.83,21.23,20.8,21.12,13393,4706300
2015.02.26,20.86,20.92,19.91,20.27,15675,7328900
2015.02.27,20.36,20.63,20.14,20.27,12198,4924700
2015.03.02,20.18,20.27,19.45,19.61,10302,4530500
2015.03.03,19.76,20.15,19.67,19.83,10086,4368700
2015.03.04,19.53,19.72,19.16,19.45,16194,5950500
2015.03.05,19.44,19.44,18.49,18.6,17619,7099300
2015.03.06,18.55,18.95,18.19,18.69,21432,7272700
2015.03.09,18.53,18.85,18.27,18.64,17464,5316800
2015.03.10,18.25,18.63,18.16,18.22,14936,5689100
2015.03.11,18.25,18.3,17.91,17.99,21860,11122900
2015.03.12,18.24,18.66,17.99,17.99,23530,10300900
2015.03.13,17.74,18.25,17.32,18.01,26793,14047100
2015.03.16,18.19,18.43,17.68,18.03,18316,7563100
2015.03.17,18.1,19.08,18.09,18.96,24068,8560000
2015.03.18,18.65,18.8,18.25,18.69,20298,9372500
2015.03.19,18.75,18.76,18.27,18.27,7283,3453200
2015.03.20,18.57,19.32,18.21,19.32,20970,10088500
2015.03.23,19.39,19.51,18.96,19.44,9354,4800500
2015.03.24,19.27,19.48,18.51,18.68,11785,5121100
2015.03.25,18.83,19.02,18.39,18.85,10535,4521200
2015.03.26,18.7,18.89,18.05,18.05,16038,6776800
2015.03.27,17.96,18.01,17.34,17.5,12577,5998700
2015.03.30,17.76,17.86,17.38,17.76,8530,4000500
2015.03.31,17.46,17.52,17.01,17.11,9971,4660000
2015.04.01,16.96,16.99,16.57,16.73,24310,10492800
2015.04.02,16.66,17.31,16.37,17.17,17601,6403700
2015.04.06,17.39,17.65,17.05,17.3,11784,4681500
2015.04.07,17.5,18.32,17.42,18.12,17802,11637800
2015.04.08,18.55,18.65,17.77,17.88,16659,6444700
2015.04.09,17.6,18.06,17.35,17.93,13005,7782100
2015.04.10,17.93,18.06,17.57,17.57,9810,3778500
2015.04.13,17.55,18,17.21,17.39,12298,4690000
2015.04.14,17.7,18.36,17.7,17.88,17261,6815000
2015.04.15,18.09,18.35,17.75,18.24,22494,8474000
2015.04.16,18.1,18.35,17.66,17.71,12058,4674500
2015.04.17,17.56,17.77,17.41,17.45,9685,4028500
2015.04.20,17.51,17.77,17.36,17.38,6209,2998200
2015.04.22,17.91,19.18,17.85,19.07,19462,7952200
2015.04.23,18.88,20.84,18.88,20.68,19183,8092800
2015.04.24,21.52,23.09,21.47,22.75,41878,20663500
2015.04.27,22.89,24.33,22.59,23,33984,16778800
2015.04.28,23.27,23.67,21.64,22.11,27660,16718500
2015.04.29,21.23,21.44,20.68,20.7,24643,13797800
2015.04.30,20.2,22.32,19.97,22.21,36281,21799200
2015.05.04,23.63,24.3,23.26,24.3,20271,9920300
2015.05.05,24.39,26.58,24.28,26.53,27406,14135800
2015.05.06,26.96,27.35,24.39,24.44,33080,17325100
2015.05.07,24.51,24.9,23.11,23.41,23762,12409400
2015.05.08,23.97,24.22,22.27,22.31,23006,10198700
2015.05.11,22.81,23.47,22.62,22.83,13852,8114400
2015.05.12,22.75,23.13,21.83,21.89,17980,6229100
2015.05.13,21.72,21.94,21.1,21.18,20614,9246300
2015.05.14,21.13,21.62,20.73,20.91,17473,7164900
2015.05.15,20.93,21.23,20.78,20.86,11350,5488400
2015.05.18,20.8,21.08,19.85,19.85,19678,9951100
2015.05.19,19.61,19.84,19.44,19.73,16974,11725800
2015.05.20,19.62,20.08,19.41,19.46,13079,6560600
2015.05.21,19.39,20.1,19.39,19.86,7875,3313600
2015.05.22,20.1,20.29,19.77,19.86,18983,5961500
2015.05.25,19.72,20.45,19.72,20.17,4107,1512600
2015.05.26,20.24,20.77,20.1,20.38,17288,6763200
2015.05.27,20.39,20.6,19.86,20.54,11137,4463000
2015.05.28,20.12,20.35,19.88,20.14,11536,3827200
2015.05.29,20.09,20.29,19.66,19.66,19073,8593400
2015.06.01,19.68,19.99,19.4,19.65,12849,6737200
2015.06.02,19.71,20.98,19.71,20.93,15919,5825900
2015.06.03,20.94,21.12,20.35,20.48,12456,4771500
2015.06.05,20.1,20.58,19.92,20.2,14434,6059100
2015.06.08,20.13,20.25,19.7,19.71,9554,4656400
2015.06.09,19.56,20.22,19.51,19.59,12790,6289800
2015.06.10,20.15,20.93,19.99,20.8,13470,5188100
2015.06.11,21.02,21.3,20.66,20.91,15185,6184700
2015.06.12,20.71,20.89,20.53,20.75,10050,3608400
2015.06.15,20.47,20.62,19.86,19.94,14095,4372800
2015.06.16,19.76,19.79,19.31,19.36,14354,6297400
2015.06.17,19.36,19.44,18.92,19.09,11851,5319800
2015.06.18,19.27,20,19.11,20,13294,5545400
2015.06.19,19.75,19.95,19.46,19.92,6716,3145800
2015.06.22,20.1,20.13,19.31,19.31,10545,5100900
2015.06.23,19.78,19.78,19.42,19.42,7671,2855000
2015.06.24,19.69,19.79,19.33,19.41,7057,2860700
2015.06.25,19.46,19.49,18.76,18.94,12663,5093500
2015.06.26,19.01,19.25,18.69,19.24,10310,2998200
2015.06.29,18.81,19.11,18.64,18.83,9206,2879400
2015.06.30,18.67,18.83,17.81,17.93,15828,5346300
2015.07.01,17.96,18.25,17.62,17.76,8628,2429200
2015.07.02,17.54,18,17.4,17.72,12165,4250400
2015.07.03,17.55,17.73,17.22,17.34,8706,1942500
2015.07.06,17.11,17.34,16.9,17.31,12730,4653300
2015.07.07,17.16,17.7,16.32,17.58,24266,7940000
2015.07.08,17.01,17.47,16.7,16.83,20580,8284000
2015.07.10,17.64,17.7,16.78,16.78,14022,4806000
2015.07.13,17.06,18.16,16.61,18.14,27081,11100400
2015.07.14,17.82,17.85,17.32,17.47,16720,5262000
2015.07.15,17.73,17.84,16.78,16.78,18684,6433400
2015.07.16,16.98,17.34,16.94,17.3,8194,3186900
2015.07.17,17.38,17.39,16.94,17.11,9900,2919400
2015.07.20,17.06,17.57,16.96,16.97,10653,3472900
2015.07.21,17.07,17.68,16.86,17.21,15117,5797200
2015.07.22,16.91,17.12,16.51,16.95,20343,7793300
2015.07.23,16.97,17.58,16.94,16.98,15007,5866900
2015.07.24,16.98,17.21,16.22,16.46,16983,5613100
2015.07.27,16.42,17.21,16.09,16.43,15245,6222000
2015.07.28,16.84,17.85,16.73,17.74,26638,10641100
2015.07.29,18.04,18.34,17.85,17.99,23435,7373300
2015.07.30,18.73,19.42,17.05,17.11,21816,9972100
2015.07.31,17.19,17.69,16.8,17.52,16219,8483000
2015.08.03,17.46,17.59,16.96,17.25,9833,4242200
2015.08.04,17.57,17.95,17.57,17.75,10145,3889900
2015.08.05,18.29,18.9,18.29,18.64,18937,7720000
2015.08.06,18.39,19.4,18.31,19.2,27401,10316100
2015.08.07,19.07,19.11,18.06,18.06,18317,6610600
2015.08.10,18.19,19.18,17.97,18.97,38931,11625200
2015.08.11,18.48,18.67,17.76,18.24,31466,11477700
2015.08.12,18.04,18.76,17.8,18.55,29072,12435800
2015.08.13,18.63,19.12,18.08,18.12,17577,5992300
2015.08.14,18.14,18.38,17.85,17.85,20788,6519600
2015.08.17,17.75,17.97,17.62,17.66,10212,4277100
2015.08.18,17.7,17.7,17.08,17.08,12790,4392600
2015.08.19,17.06,17.15,16.35,16.51,14770,5190900
2015.08.20,16.58,17,16.4,16.84,13532,6094900
2015.08.21,16.62,16.83,16.37,16.37,13991,4976500
2015.08.24,14.84,16.08,14.48,15.1,29347,10704500
2015.08.25,15.83,15.96,15.05,15.05,14870,5867600
2015.08.26,15.42,15.64,14.98,15.59,19999,6596300
2015.08.27,15.88,17.34,15.86,17.34,27862,8352000
2015.08.28,17.11,18.03,16.87,16.97,17901,6207000
2015.08.31,16.69,17.74,16.63,17.57,16611,9898000
2015.09.01,16.96,17.43,16.77,16.77,9250,3247200
2015.09.02,17.18,17.85,16.92,17.76,26692,10593100
2015.09.03,17.83,18.99,17.75,18.36,19904,8803200
2015.09.04,17.99,18.24,17.7,17.88,18478,11929000
2015.09.08,18.6,18.83,18.27,18.56,11620,6503700
2015.09.09,19.02,19.55,18.57,18.69,17405,7710800
2015.09.10,18.34,19.67,18.3,19.55,22209,9651200
2015.09.11,19.84,20.16,18.8,19.07,20935,8178400
2015.09.14,18.94,19.21,18.43,18.78,14531,5681700
2015.09.15,18.73,18.88,18.16,18.24,15137,6052400
2015.09.16,18.45,18.89,18.27,18.67,15222,6510800
2015.09.17,18.51,19.88,18.51,19.11,19391,7176700
2015.09.18,19.08,20.01,19.01,19.52,26513,13708600
2015.09.21,19.62,19.88,19.25,19.54,12188,5204800
2015.09.22,19.07,19.33,18.47,19.08,18113,8150400
2015.09.23,19.08,19.27,18.53,18.53,13887,5322700
2015.09.24,17.99,18.62,17.99,18.09,21354,6058300
2015.09.25,18.3,18.55,17.47,17.58,10322,4415000
2015.09.28,17.35,17.35,16.25,16.27,15474,7550200
2015.09.29,16.47,16.84,16.11,16.16,12148,7689400
2015.09.30,16.63,16.72,16.01,16.26,16217,6656900
2015.10.01,16.48,17.17,16.38,16.88,19703,6025400
2015.10.02,16.75,17.58,16.54,17.47,18293,7094500
2015.10.05,17.75,18.03,17.65,17.79,10620,3560500
2015.10.06,17.99,18.19,17.65,17.95,12327,4547000
2015.10.07,18.92,19.9,18.92,19.76,21612,9643300
2015.10.08,19.68,19.79,19.3,19.67,13874,6651000
2015.10.09,20.13,20.42,19.81,20.38,20188,12004700
2015.10.13,19.58,19.61,18.19,18.22,23248,8791900
2015.10.14,18.34,18.8,18.24,18.34,32095,13340900
2015.10.15,18.49,18.68,18.07,18.6,13462,5261800
2015.10.16,18.86,18.86,18.2,18.42,13195,5286500
2015.10.19,18.41,18.55,17.71,17.8,17815,6627700
2015.10.20,17.9,17.97,17.35,17.61,11135,4101800
2015.10.21,17.6,18.28,17.59,18.09,11216,3689500
2015.10.22,18.2,19,18.17,18.51,18548,7223800
2015.10.23,19.25,19.33,18.35,18.6,20769,8337200
2015.10.26,18.55,18.65,17.83,17.86,14586,5032900
2015.10.27,17.81,17.91,16.95,17.03,14245,7463500
2015.10.28,16.86,16.92,16.4,16.57,21213,9459400
2015.10.29,16.21,16.5,16.14,16.14,15307,5875100
2015.10.30,16.31,17.06,16.3,17.06,15125,6120900
2015.11.03,17.25,17.75,16.84,17.75,19902,7944000
2015.11.04,18.17,18.35,17.07,17.4,17691,7170700
2015.11.05,17.41,17.41,16.64,16.95,13824,5530800
2015.11.06,16.16,16.36,15.59,15.67,21902,10019900
2015.11.09,15.64,15.84,15.36,15.44,7534,2976200
2015.11.10,15.35,15.43,15.13,15.38,12771,4443100
2015.11.11,15.51,15.84,15.06,15.32,9781,3974700
2015.11.12,15.15,15.32,15,15.25,9051,4583400
