2015.07.03 09:00,3298.25,3313.71,3292.99,3309.71,9905,19309
2015.07.03 10:00,3309.71,3316.71,3305.21,3309.21,6027,10780
2015.07.03 11:00,3309.21,3318.71,3305.71,3317.71,5781,10762
2015.07.03 12:00,3317.71,3323.21,3314.71,3320.71,3248,6942
2015.07.03 13:00,3320.71,3324.21,3316.71,3319.71,2213,5285
2015.07.03 14:00,3318.71,3320.21,3308.71,3318.21,2345,5964
2015.07.03 15:00,3318.21,3328.71,3317.71,3321.21,2150,5253
2015.07.03 16:00,3321.21,3326.21,3319.21,3324.71,974,2322
2015.07.03 17:00,3324.21,3326.21,3317.71,3317.71,902,2683
2015.07.06 09:00,3338.12,3341.79,3321.66,3324.66,8786,16878
2015.07.06 10:00,3325.16,3330.66,3316.16,3328.16,9681,18401
2015.07.06 11:00,3328.16,3337.16,3323.66,3327.16,9035,16892
2015.07.06 12:00,3327.16,3335.16,3326.16,3331.66,5138,8850
2015.07.06 13:00,3331.66,3333.16,3324.66,3327.66,3620,6341
2015.07.06 14:00,3327.66,3334.16,3323.16,3333.16,4623,8498
2015.07.06 15:00,3333.16,3337.66,3327.16,3334.66,5381,10549
2015.07.06 16:00,3334.66,3336.16,3325.66,3327.16,3432,6686
2015.07.06 17:00,3326.66,3328.66,3321.66,3324.66,1870,3773
2015.07.07 09:00,3339.69,3350.84,3339.16,3347.84,9386,18703
2015.07.07 10:00,3348.34,3355.34,3343.84,3354.84,9754,18393
2015.07.07 11:00,3354.84,3382.34,3353.84,3372.84,14274,29536
2015.07.07 12:00,3372.84,3378.34,3369.34,3373.84,7399,14034
2015.07.07 13:00,3374.34,3379.84,3370.34,3373.34,5573,11215
2015.07.07 14:00,3372.34,3377.84,3367.34,3376.84,5294,9991
2015.07.07 15:00,3377.34,3385.84,3375.84,3378.84,6814,14029
2015.07.07 16:00,3378.84,3379.34,3361.84,3366.84,7891,15382
2015.07.07 17:00,3366.34,3372.34,3362.34,3372.34,2587,5422
2015.07.08 09:00,3376.42,3397.42,3373.92,3394.42,13200,26435
2015.07.08 10:00,3394.92,3419.42,3394.42,3417.92,12983,25501
2015.07.08 11:00,3417.92,3428.42,3407.92,3413.92,11131,21759
2015.07.08 12:00,3414.42,3421.92,3411.42,3417.92,8637,16649
2015.07.08 13:00,3418.42,3421.42,3412.42,3414.42,3974,7418
2015.07.08 14:00,3414.42,3418.42,3404.92,3409.92,5057,9328
2015.07.08 15:00,3410.42,3413.42,3398.42,3410.42,7647,14071
2015.07.08 16:00,3410.92,3419.92,3404.92,3418.92,6021,11215
2015.07.08 17:00,3418.92,3427.92,3411.42,3421.42,2925,6128
2015.07.10 09:00,3376.42,3383.04,3359.54,3370.54,11525,24375
2015.07.10 10:00,3371.04,3379.54,3362.54,3377.04,8644,15970
2015.07.10 11:00,3377.04,3385.04,3372.04,3375.54,8761,15809
2015.07.10 12:00,3376.04,3378.54,3366.04,3366.04,6537,12148
2015.07.10 13:00,3365.54,3373.04,3362.54,3371.04,5431,10570
2015.07.10 14:00,3371.04,3372.54,3355.54,3357.54,6292,11764
2015.07.10 15:00,3357.54,3358.54,3342.04,3344.04,6656,12729
2015.07.10 16:00,3344.04,3349.04,3342.54,3343.54,3489,6299
2015.07.10 17:00,3343.54,3349.04,3339.54,3339.54,2893,5795
2015.07.13 09:00,3345.99,3356.93,3339.93,3345.93,9273,17521
2015.07.13 10:00,3345.93,3347.93,3337.93,3343.93,10490,18722
2015.07.13 11:00,3343.43,3348.93,3340.43,3346.93,7034,12120
2015.07.13 12:00,3347.43,3351.43,3327.93,3329.93,9569,18174
2015.07.13 13:00,3330.43,3330.43,3317.43,3322.93,6703,12745
2015.07.13 14:00,3322.93,3331.43,3318.93,3323.43,6049,11467
2015.07.13 15:00,3322.93,3325.43,3312.43,3315.43,7223,13478
2015.07.13 16:00,3314.93,3315.43,3308.93,3309.93,3829,7221
2015.07.13 17:00,3309.93,3314.43,3308.43,3314.43,1471,3175
2015.07.14 09:00,3305.06,3310.83,3290.2,3296.2,10052,21354
2015.07.14 10:00,3296.2,3310.7,3295.7,3302.2,11016,21822
2015.07.14 11:00,3302.2,3303.7,3293.2,3298.2,7828,14740
2015.07.14 12:00,3298.2,3301.7,3293.2,3295.7,4985,9639
2015.07.14 13:00,3295.7,3299.7,3293.2,3297.7,3013,5443
2015.07.14 14:00,3297.7,3301.2,3296.2,3301.2,2659,5059
2015.07.14 15:00,3300.7,3309.7,3300.7,3307.2,5197,10597
2015.07.14 16:00,3307.7,3316.2,3306.7,3313.7,4009,8344
2015.07.14 17:00,3313.7,3318.2,3311.2,3314.2,2386,5910
2015.07.15 09:00,3312.93,3328.43,3307.15,3325.43,8957,18590
2015.07.15 10:00,3325.43,3335.43,3323.93,3331.43,9415,18448
2015.07.15 11:00,3331.93,3338.93,3321.43,3326.93,10578,21225
2015.07.15 12:00,3326.93,3332.43,3323.93,3328.43,5230,9297
2015.07.15 13:00,3328.93,3329.93,3308.43,3316.93,8348,17256
2015.07.15 14:00,3316.93,3320.93,3306.43,3312.93,8129,16504
2015.07.15 15:00,3313.43,3314.93,3302.93,3309.93,6458,12533
2015.07.15 16:00,3310.43,3312.43,3306.43,3309.43,3281,6251
2015.07.15 17:00,3309.43,3316.43,3307.43,3314.43,2320,5129
2015.07.16 09:00,3320.81,3325.32,3309.32,3316.32,8107,15807
2015.07.16 10:00,3316.82,3316.82,3301.32,3313.82,10578,19821
2015.07.16 11:00,3313.82,3314.32,3302.32,3311.32,7803,14904
2015.07.16 12:00,3311.32,3311.82,3304.82,3307.32,3726,6534
2015.07.16 13:00,3307.82,3309.82,3304.32,3305.32,3769,7334
2015.07.16 14:00,3305.32,3333.32,3305.32,3329.82,12934,28023
2015.07.16 15:00,3329.32,3334.82,3318.82,3321.82,8995,18818
2015.07.16 16:00,3321.82,3333.82,3317.82,3331.32,6491,13057
2015.07.16 17:00,3330.32,3331.82,3325.82,3331.82,1533,3476
2015.07.17 09:00,3326.05,3345.6,3323.95,3339.1,10319,20918
2015.07.17 10:00,3339.1,3348.6,3334.6,3347.1,11296,22203
2015.07.17 11:00,3347.6,3374.6,3343.6,3367.1,14301,28791
2015.07.17 12:00,3367.6,3370.6,3361.1,3364.1,6227,12131
2015.07.17 13:00,3364.1,3366.6,3357.6,3359.1,4442,8629
2015.07.17 14:00,3359.6,3372.6,3358.6,3372.1,6976,13826
2015.07.17 15:00,3372.1,3372.6,3362.1,3364.6,6390,12954
2015.07.17 16:00,3364.6,3366.1,3359.6,3365.1,3729,7351
2015.07.17 17:00,3365.1,3365.6,3359.6,3361.6,1572,3539
2015.07.20 09:00,3372.21,3393.09,3361.59,3389.59,13896,28194
2015.07.20 10:00,3389.59,3396.59,3385.09,3392.59,10363,20989
2015.07.20 11:00,3392.59,3394.59,3380.59,3381.59,8642,17971
2015.07.20 12:00,3381.59,3385.09,3379.09,3383.59,5783,11055
2015.07.20 13:00,3384.09,3388.59,3384.09,3386.59,3591,7145
2015.07.20 14:00,3386.59,3389.59,3381.09,3383.09,4659,9118
2015.07.20 15:00,3382.59,3383.09,3364.09,3370.59,9673,19993
2015.07.20 16:00,3370.09,3373.59,3368.09,3373.09,3380,6669
2015.07.20 17:00,3372.59,3374.59,3366.59,3366.59,2763,5740
2015.07.21 09:00,3359.1,3363.52,3347.02,3356.52,12480,26296
2015.07.21 10:00,3356.52,3371.02,3351.02,3360.52,13015,25837
2015.07.21 11:00,3360.52,3362.52,3348.02,3352.02,10810,21101
2015.07.21 12:00,3352.02,3353.02,3340.52,3344.02,8602,17168
2015.07.21 13:00,3343.52,3346.02,3341.52,3345.02,3157,6134
2015.07.21 14:00,3345.02,3347.02,3341.02,3345.02,4082,7659
2015.07.21 15:00,3344.52,3344.52,3333.52,3340.02,7058,14193
2015.07.21 16:00,3340.52,3343.52,3337.52,3343.02,2949,6382
2015.07.21 17:00,3343.02,3345.52,3341.02,3342.52,1550,3276
2015.07.22 09:00,3362.78,3366.35,3353.85,3358.35,9431,19064
2015.07.22 10:00,3357.85,3375.35,3356.85,3370.85,9336,19345
2015.07.22 11:00,3371.35,3391.35,3371.35,3382.85,11832,25639
2015.07.22 12:00,3382.35,3396.85,3379.35,3392.85,7634,16639
2015.07.22 13:00,3392.85,3399.85,3384.35,3395.85,7005,15352
2015.07.22 14:00,3395.85,3403.85,3394.85,3395.35,6780,14362
2015.07.22 15:00,3395.35,3397.85,3391.35,3393.35,4747,10101
2015.07.22 16:00,3393.85,3400.85,3391.85,3394.85,4386,9359
2015.07.22 17:00,3394.85,3398.35,3389.35,3391.85,2490,5581
2015.07.23 09:00,3419.43,3459.85,3417.33,3451.85,18137,42704
2015.07.23 10:00,3451.35,3468.35,3446.85,3449.35,17245,40040
2015.07.23 11:00,3449.35,3464.35,3443.35,3458.85,11920,26348
2015.07.23 12:00,3459.35,3462.35,3453.85,3457.35,9068,19947
2015.07.23 13:00,3456.85,3464.35,3451.85,3457.35,6689,13948
2015.07.23 14:00,3457.35,3468.85,3452.85,3457.85,9948,22201
2015.07.23 15:00,3457.85,3466.85,3456.35,3457.85,6864,14002
2015.07.23 16:00,3457.85,3468.35,3457.35,3465.35,5673,11224
2015.07.23 17:00,3465.85,3468.35,3454.35,3454.35,3549,8739
2015.07.24 09:00,3496.02,3512.52,3487.02,3495.52,17987,40337
2015.07.24 10:00,3496.02,3503.52,3484.02,3502.02,9637,19362
2015.07.24 11:00,3498.52,3508.52,3495.02,3495.52,1884,4006
2015.07.24 12:00,3498.52,3506.02,3490.52,3504.02,9033,19644
2015.07.24 13:00,3504.52,3518.02,3503.02,3512.52,6361,13547
2015.07.24 14:00,3512.52,3513.52,3507.52,3512.02,4558,9385
2015.07.24 15:00,3512.52,3529.02,3511.52,3522.02,9488,20728
2015.07.24 16:00,3522.02,3526.02,3518.52,3519.52,4597,10320
2015.07.24 17:00,3519.02,3528.02,3516.52,3526.52,2137,5892
2015.07.27 09:00,3542.19,3554.64,3536.64,3538.14,13676,30477
2015.07.27 10:00,3538.14,3539.14,3521.64,3523.14,14333,31245
2015.07.27 11:00,3523.14,3533.14,3519.14,3527.14,10720,24031
2015.07.27 12:00,3526.64,3532.14,3525.14,3529.14,5705,12062
2015.07.27 13:00,3529.14,3540.14,3527.64,3535.64,5378,12479
2015.07.27 14:00,3535.64,3541.64,3532.64,3535.14,5411,12336
2015.07.27 15:00,3535.14,3539.14,3529.64,3534.64,6058,13396
2015.07.27 16:00,3534.64,3537.64,3532.64,3535.64,3385,7404
2015.07.27 17:00,3535.64,3538.64,3533.64,3537.14,1879,4549
2015.07.28 09:00,3518.05,3532.15,3513.65,3520.65,12126,27972
2015.07.28 10:00,3521.15,3548.15,3520.65,3543.65,13588,31491
2015.07.28 11:00,3543.65,3569.65,3537.65,3568.65,17412,43852
2015.07.28 12:00,3569.15,3576.15,3555.65,3565.65,11002,29084
2015.07.28 13:00,3566.15,3618.65,3563.15,3586.15,12919,31484
2015.07.28 14:00,3586.15,3586.15,3549.15,3553.15,14340,32285
2015.07.28 15:00,3553.15,3560.65,3549.15,3549.65,7626,16774
2015.07.28 16:00,3550.15,3554.15,3537.65,3541.15,6382,14725
2015.07.28 17:00,3540.65,3544.15,3524.15,3524.15,2847,7330
2015.07.29 09:00,3516.48,3539.65,3516.48,3523.15,13162,31166
2015.07.29 10:00,3522.65,3532.15,3506.65,3517.65,18074,41391
2015.07.29 11:00,3518.15,3522.65,3506.65,3507.15,12399,28934
2015.07.29 12:00,3507.15,3510.65,3497.65,3500.15,9231,22500
2015.07.29 13:00,3499.65,3508.65,3497.15,3505.15,5272,12602
2015.07.29 14:00,3505.15,3506.15,3491.65,3496.65,6602,15046
2015.07.29 15:00,3494.15,3511.65,3481.65,3490.65,11981,27863
2015.07.29 16:00,3490.65,3504.65,3486.15,3497.15,7479,17086
2015.07.29 17:00,3497.65,3501.65,3491.65,3497.65,2176,5348
2015.07.30 09:00,3515.96,3544.65,3507.15,3520.15,16901,43647
2015.07.30 10:00,3519.65,3528.65,3517.15,3525.65,12038,27043
2015.07.30 11:00,3525.65,3541.15,3525.15,3540.15,10744,25793
2015.07.30 12:00,3540.15,3544.15,3536.65,3537.65,5348,12406
2015.07.30 13:00,3537.15,3541.65,3533.65,3535.65,4781,11355
2015.07.30 14:00,3535.65,3549.15,3534.65,3542.15,6095,13739
2015.07.30 15:00,3541.65,3552.15,3537.15,3545.15,8159,18034
2015.07.30 16:00,3545.15,3550.15,3536.65,3538.15,7306,16461
2015.07.30 17:00,3537.65,3544.15,3537.65,3542.65,2127,5010
2015.07.31 09:00,3526.09,3532.69,3473.69,3501.69,15056,32056
2015.07.31 10:00,3500.69,3530.19,3488.69,3525.19,13391,28158
2015.07.31 11:00,3527.19,3555.19,3524.69,3548.69,14252,29334
2015.07.31 12:00,3549.19,3552.69,3529.19,3546.69,10472,23291
2015.07.31 13:00,3546.69,3566.19,3537.19,3558.69,8234,16522
2015.07.31 14:00,3558.69,3567.69,3552.19,3555.19,5520,11670
2015.07.31 15:00,3554.69,3570.19,3554.19,3556.69,7232,15380
2015.07.31 16:00,3556.69,3563.19,3549.19,3562.69,5998,12814
2015.07.31 17:00,3562.69,3563.19,3555.69,3561.69,2092,4476
2015.08.03 09:00,3591.5,3599.94,3578.94,3590.44,14470,35161
2015.08.03 10:00,3590.44,3593.44,3571.94,3575.94,10207,24052
2015.08.03 11:00,3574.94,3589.94,3570.44,3584.94,7612,17891
2015.08.03 12:00,3584.94,3593.94,3580.94,3586.44,6153,14149
2015.08.03 13:00,3586.44,3593.94,3581.44,3590.94,4132,9515
2015.08.03 14:00,3590.94,3597.94,3586.44,3590.94,5580,13023
2015.08.03 15:00,3590.44,3598.94,3586.94,3592.44,4734,11325
2015.08.03 16:00,3592.44,3592.94,3587.44,3591.94,3070,7077
2015.08.03 17:00,3592.44,3594.94,3589.94,3589.94,1731,5076
2015.08.04 09:00,3573.47,3596.06,3566.06,3593.56,16069,38381
2015.08.04 10:00,3593.56,3619.56,3591.56,3614.06,20499,48709
2015.08.04 11:00,3615.06,3615.56,3601.06,3606.06,10982,24582
2015.08.04 12:00,3606.06,3609.06,3599.56,3605.06,6711,15439
2015.08.04 13:00,3605.06,3622.56,3602.06,3616.06,7373,18336
2015.08.04 14:00,3616.56,3624.06,3613.06,3620.56,6772,16387
2015.08.04 15:00,3620.56,3623.56,3602.56,3605.06,11570,26629
2015.08.04 16:00,3604.56,3606.56,3590.56,3599.06,8469,19127
2015.08.04 17:00,3599.56,3608.56,3595.56,3607.06,2630,5767
2015.08.05 09:00,3617.24,3617.77,3587.64,3595.64,13477,31026
2015.08.05 10:00,3595.64,3630.64,3595.64,3626.64,15245,35525
2015.08.05 11:00,3626.64,3634.64,3622.14,3627.14,12001,27942
2015.08.05 12:00,3627.14,3630.64,3618.64,3624.64,7281,16498
2015.08.05 13:00,3624.64,3632.64,3622.14,3629.64,4392,9521
2015.08.05 14:00,3629.64,3631.14,3619.64,3626.14,6051,13018
2015.08.05 15:00,3626.14,3633.14,3620.64,3629.64,6313,14063
2015.08.05 16:00,3629.64,3630.64,3621.64,3625.14,4008,8399
2015.08.05 17:00,3625.14,3626.64,3620.64,3622.64,2031,5023
2015.08.06 09:00,3633.74,3666.18,3627.03,3651.68,15066,35223
2015.08.06 10:00,3652.18,3655.18,3632.68,3650.68,15166,32476
2015.08.06 11:00,3651.18,3682.68,3647.18,3673.68,16765,38777
2015.08.06 12:00,3673.68,3705.18,3672.18,3703.68,18383,42749
2015.08.06 13:00,3703.68,3704.18,3661.18,3667.68,16469,37662
2015.08.06 14:00,3667.68,3688.68,3664.18,3679.18,10497,22335
2015.08.06 15:00,3679.68,3684.68,3669.68,3679.18,8114,18438
2015.08.06 16:00,3679.68,3685.18,3665.18,3670.68,7812,18186
2015.08.06 17:00,3671.18,3675.18,3662.18,3673.18,3013,7370
2015.08.07 09:00,3637.34,3701.22,3633.22,3673.22,23814,54218
2015.08.07 10:00,3673.22,3683.22,3642.72,3647.72,21671,46843
2015.08.07 11:00,3648.72,3654.72,3624.22,3638.72,17137,38464
2015.08.07 12:00,3638.72,3680.72,3637.22,3660.72,13500,31341
2015.08.07 13:00,3661.22,3665.22,3641.22,3646.22,10668,22787
2015.08.07 14:00,3645.72,3656.22,3641.22,3650.72,4963,10095
2015.08.07 15:00,3650.72,3657.22,3633.72,3642.72,8697,18197
2015.08.07 16:00,3643.22,3646.22,3640.22,3642.22,2722,5596
2015.08.07 17:00,3642.72,3644.22,3638.72,3641.72,1750,4139
2015.08.10 09:00,3658.96,3660.01,3636.91,3646.91,13334,31947
2015.08.10 10:00,3646.91,3646.91,3625.41,3625.41,14218,32867
2015.08.10 11:00,3625.41,3628.91,3606.91,3615.41,13008,29140
2015.08.10 12:00,3615.41,3618.41,3595.91,3602.91,9451,22139
2015.08.10 13:00,3602.91,3609.41,3588.41,3590.91,8192,18919
2015.08.10 14:00,3590.91,3596.91,3585.91,3595.91,7465,18860
2015.08.10 15:00,3595.91,3596.91,3583.91,3589.41,6673,15949
2015.08.10 16:00,3589.41,3589.41,3572.91,3574.91,5970,14616
2015.08.10 17:00,3574.91,3576.91,3563.91,3566.91,2570,6808
2015.08.11 09:00,3584.81,3604.68,3575.18,3591.68,15219,35618
2015.08.11 10:00,3592.18,3622.68,3588.68,3618.68,17309,39571
2015.08.11 11:00,3618.18,3636.18,3617.68,3629.18,13384,29828
2015.08.11 12:00,3629.18,3646.68,3628.18,3638.18,9099,20683
2015.08.11 13:00,3638.18,3642.18,3626.18,3633.18,6816,14581
2015.08.11 14:00,3632.68,3641.68,3630.18,3638.68,7830,17859
2015.08.11 15:00,3638.18,3640.18,3629.68,3631.18,5164,11187
2015.08.11 16:00,3631.18,3633.68,3625.68,3625.68,3926,8695
2015.08.11 17:00,3625.68,3648.68,3601.68,3609.68,7470,17542
2015.08.12 09:00,3590.99,3618.62,3573.62,3607.12,22037,48910
2015.08.12 10:00,3607.12,3631.62,3602.12,3626.62,16867,35665
2015.08.12 11:00,3627.12,3627.62,3612.12,3620.12,13789,28505
2015.08.12 12:00,3620.62,3621.12,3599.12,3600.12,9142,19099
2015.08.12 13:00,3600.12,3613.12,3597.62,3612.12,6740,14585
2015.08.12 14:00,3611.62,3616.62,3604.12,3608.12,7569,15377
2015.08.12 15:00,3608.12,3609.62,3598.12,3604.12,8091,15602
2015.08.12 16:00,3604.12,3605.12,3598.62,3601.62,5184,10019
2015.08.12 17:00,3602.12,3612.12,3601.12,3612.12,3447,7509
2015.08.13 09:00,3605.91,3627.64,3605.91,3616.14,16365,36474
2015.08.13 10:00,3615.64,3635.14,3611.64,3634.14,14286,30717
2015.08.13 11:00,3634.14,3653.14,3633.64,3647.64,13871,31971
2015.08.13 12:00,3648.14,3655.14,3640.64,3642.64,8803,18938
2015.08.13 13:00,3642.14,3644.14,3631.14,3636.64,7476,16552
2015.08.13 14:00,3637.14,3644.14,3631.14,3634.14,6958,13586
2015.08.13 15:00,3634.14,3639.64,3628.14,3635.64,6983,14900
2015.08.13 16:00,3636.14,3643.14,3630.64,3640.64,4904,9918
2015.08.13 17:00,3640.64,3651.64,3639.64,3646.64,3733,8406
2015.08.14 09:00,3639.4,3644.03,3615.49,3625.99,15647,35727
2015.08.14 10:00,3625.99,3630.99,3598.49,3603.49,14959,35429
2015.08.14 11:00,3603.49,3603.49,3585.99,3593.99,11556,27526
2015.08.14 12:00,3593.99,3598.49,3587.99,3589.99,6378,14906
2015.08.14 13:00,3589.99,3603.99,3589.49,3597.49,5600,13475
2015.08.14 14:00,3597.49,3603.99,3590.49,3602.49,6252,14675
2015.08.14 15:00,3602.49,3610.49,3600.49,3605.49,5616,13363
2015.08.14 16:00,3604.99,3614.99,3603.99,3608.49,3883,9350
2015.08.14 17:00,3608.99,3611.49,3604.49,3611.49,2188,4958
2015.08.17 09:00,3624.47,3628.91,3614.91,3620.91,12030,24927
2015.08.17 10:00,3620.41,3622.91,3593.91,3595.41,14006,29113
2015.08.17 11:00,3595.91,3597.91,3584.41,3586.91,9634,20932
2015.08.17 12:00,3587.41,3600.41,3586.91,3595.91,6710,14459
2015.08.17 13:00,3595.91,3605.41,3591.91,3601.41,6979,14139
2015.08.17 14:00,3601.91,3606.91,3595.41,3605.41,5308,11175
2015.08.17 15:00,3605.91,3609.91,3601.91,3606.41,4997,10587
2015.08.17 16:00,3606.91,3610.91,3599.91,3604.41,4634,9868
2015.08.17 17:00,3604.91,3608.91,3601.91,3604.91,2190,4827
2015.08.18 09:00,3613.13,3619.19,3605.19,3615.19,9128,19304
2015.08.18 10:00,3615.19,3624.69,3611.69,3621.69,10494,21734
2015.08.18 11:00,3621.69,3621.69,3585.69,3589.69,17677,40057
2015.08.18 12:00,3589.19,3594.69,3583.69,3583.69,6546,13196
2015.08.18 13:00,3583.69,3585.19,3576.19,3581.69,5881,12654
2015.08.18 14:00,3581.69,3595.19,3580.69,3589.19,5720,12297
2015.08.18 15:00,3589.19,3589.69,3580.69,3589.19,5427,11833
2015.08.18 16:00,3588.69,3593.19,3585.19,3586.69,3842,8083
2015.08.18 17:00,3586.69,3590.19,3582.69,3587.69,2259,5110
2015.08.19 09:00,3591.5,3608.02,3587.02,3591.52,13821,30520
2015.08.19 10:00,3591.52,3600.52,3578.02,3584.02,13940,28442
2015.08.19 11:00,3584.02,3617.02,3581.02,3616.02,13606,29007
2015.08.19 12:00,3615.52,3627.52,3614.52,3622.52,12238,26414
2015.08.19 13:00,3622.52,3633.52,3616.02,3623.02,9377,19937
2015.08.19 14:00,3623.02,3626.52,3600.02,3606.02,12152,26162
2015.08.19 15:00,3605.52,3616.02,3593.52,3607.52,13252,29125
2015.08.19 16:00,3608.52,3609.02,3599.02,3605.52,5962,11177
2015.08.19 17:00,3605.52,3612.52,3604.52,3612.02,2676,5519
2015.08.20 09:00,3633.74,3637.78,3596.78,3606.28,15578,34630
2015.08.20 10:00,3606.28,3607.78,3586.28,3599.78,13859,29786
2015.08.20 11:00,3600.28,3606.78,3588.78,3591.28,12476,25637
2015.08.20 12:00,3591.78,3593.78,3578.28,3580.78,9712,20887
2015.08.20 13:00,3580.78,3584.78,3571.78,3580.78,6819,13580
2015.08.20 14:00,3580.28,3586.28,3570.28,3573.28,7475,15164
2015.08.20 15:00,3573.28,3577.78,3566.78,3574.78,6474,12885
2015.08.20 16:00,3575.28,3578.28,3568.28,3577.28,4821,9276
2015.08.20 17:00,3577.78,3584.78,3575.78,3578.28,2936,6580
2015.08.21 09:00,3579.65,3603.62,3573.62,3587.12,15535,35773
2015.08.21 10:00,3587.12,3611.62,3586.12,3607.62,16453,35301
2015.08.21 11:00,3608.12,3611.62,3594.12,3609.12,13442,27230
2015.08.21 12:00,3609.12,3619.12,3608.62,3610.62,11495,24470
2015.08.21 13:00,3610.62,3615.62,3602.12,3613.62,7602,16158
2015.08.21 14:00,3613.62,3623.12,3603.62,3607.12,9789,20303
2015.08.21 15:00,3607.12,3609.62,3599.62,3608.62,6634,12893
2015.08.21 16:00,3608.62,3611.62,3604.62,3610.62,4746,9041
2015.08.21 17:00,3610.62,3618.62,3609.12,3618.62,2609,5058
2015.08.24 09:00,3668.25,3686.34,3657.34,3658.84,17603,40797
2015.08.24 10:00,3658.84,3695.84,3652.84,3673.84,30796,61484
2015.08.24 11:00,3673.34,3673.34,3644.34,3656.84,20211,39285
2015.08.24 12:00,3656.84,3675.84,3655.84,3670.84,12402,24441
2015.08.24 13:00,3670.84,3673.84,3653.34,3656.84,11272,21945
2015.08.24 14:00,3656.34,3672.34,3648.34,3672.34,10236,20816
2015.08.24 15:00,3671.84,3675.34,3667.84,3673.34,8091,16348
2015.08.24 16:00,3672.84,3677.84,3665.34,3668.34,8509,15991
2015.08.24 17:00,3668.34,3674.84,3667.34,3672.34,2571,4884
2015.08.25 09:00,3637.86,3648.77,3629.77,3636.77,14613,31881
2015.08.25 10:00,3636.77,3651.77,3633.77,3647.77,12520,26323
2015.08.25 11:00,3647.77,3654.27,3637.77,3648.77,12673,25520
2015.08.25 12:00,3648.27,3661.77,3644.77,3659.77,8284,17302
2015.08.25 13:00,3659.27,3684.77,3656.77,3679.27,9976,22498
2015.08.25 14:00,3679.77,3699.27,3677.27,3693.27,10780,23420
2015.08.25 15:00,3693.27,3703.77,3692.77,3699.27,8212,17206
2015.08.25 16:00,3699.27,3722.77,3695.27,3722.27,9938,19961
2015.08.25 17:00,3721.77,3730.77,3716.77,3730.77,4306,9278
2015.08.26 09:00,3720.78,3756.8,3701.8,3739.8,19141,43876
2015.08.26 10:00,3739.3,3753.8,3723.3,3743.3,17348,34911
2015.08.26 11:00,3743.3,3770.3,3742.8,3752.3,19862,37041
2015.08.26 12:00,3752.3,3758.3,3736.8,3748.8,14855,26989
2015.08.26 13:00,3748.8,3760.3,3745.3,3753.8,6959,12870
2015.08.26 14:00,3754.3,3756.8,3740.8,3741.3,8915,16490
2015.08.26 15:00,3741.8,3746.3,3722.3,3727.8,11198,23765
2015.08.26 16:00,3728.3,3728.8,3710.3,3714.8,9750,18522
2015.08.26 17:00,3714.8,3720.8,3705.3,3711.8,3360,6555
2015.08.27 09:00,3689.87,3708.87,3676.37,3679.87,18636,42334
2015.08.27 10:00,3679.87,3685.37,3665.87,3679.87,17283,36855
2015.08.27 11:00,3680.37,3680.87,3660.37,3663.87,15923,31079
2015.08.27 12:00,3662.87,3672.87,3656.37,3661.37,10546,21498
2015.08.27 13:00,3661.37,3663.37,3652.87,3656.37,7802,16129
2015.08.27 14:00,3656.37,3668.37,3653.37,3657.37,8541,16682
2015.08.27 15:00,3657.37,3674.87,3657.37,3673.87,10252,19385
2015.08.27 16:00,3673.87,3684.87,3659.37,3663.37,10761,20984
2015.08.27 17:00,3662.87,3668.87,3659.87,3659.87,2738,5532
2015.08.28 09:00,3685.75,3687.55,3653.05,3669.55,16551,36648
2015.08.28 10:00,3669.55,3686.55,3669.55,3678.05,18434,35126
2015.08.28 11:00,3678.55,3684.55,3662.55,3683.55,16656,32923
2015.08.28 12:00,3683.05,3709.05,3682.05,3703.55,16586,35067
2015.08.28 13:00,3703.55,3709.55,3689.55,3693.05,8757,17613
2015.08.28 14:00,3693.55,3705.55,3690.05,3697.05,8878,16488
2015.08.28 15:00,3696.55,3697.05,3687.55,3692.05,7237,13845
2015.08.28 16:00,3692.55,3700.55,3690.55,3693.05,5917,11229
2015.08.28 17:00,3692.55,3696.05,3687.55,3687.55,1983,3714
2015.08.31 09:00,3712.53,3757.7,3711.51,3753.2,4110,9551
2015.08.31 10:00,3753.2,3784.2,3752.7,3774.2,3128,7510
2015.08.31 11:00,3774.2,3776.2,3759.7,3760.2,1328,2811
2015.08.31 12:00,3760.2,3760.7,3750.2,3754.2,1013,2649
2015.08.31 13:00,3754.2,3755.7,3753.7,3755.7,129,608
2015.08.31 14:00,3755.2,3755.7,3755.2,3755.7,83,241
2015.08.31 15:00,3755.2,3755.7,3755.2,3755.7,50,131
2015.08.31 16:00,3755.2,3755.7,3755.2,3755.7,32,121
2015.08.31 17:00,3755.2,3755.7,3755.2,3755.2,25,75
2015.09.01 11:00,3798.6,3802.08,3795.58,3798.58,2303,4333
2015.09.01 12:00,3798.58,3805.58,3792.58,3799.08,10562,19745
2015.09.01 13:00,3799.08,3802.58,3789.08,3801.08,7982,14473
2015.09.01 14:00,3801.58,3813.58,3800.08,3803.08,10878,20164
2015.09.01 15:00,3803.08,3827.58,3802.58,3826.08,13682,26498
2015.09.01 16:00,3825.58,3833.08,3810.08,3815.08,12298,23379
2015.09.01 17:00,3815.08,3830.58,3811.08,3829.08,3435,6983
2015.09.02 09:00,3835.48,3864.67,3821.67,3836.17,23812,54429
2015.09.02 10:00,3835.67,3858.17,3833.17,3856.17,17166,33699
2015.09.02 11:00,3855.67,3883.67,3850.17,3881.67,18762,38359
2015.09.02 12:00,3881.17,3881.67,3855.67,3866.67,12046,22516
2015.09.02 13:00,3867.17,3879.17,3865.67,3873.17,9693,17619
2015.09.02 14:00,3873.67,3889.17,3872.17,3882.67,10461,20570
2015.09.02 15:00,3882.17,3898.17,3877.67,3897.17,12711,25915
2015.09.02 16:00,3897.17,3900.17,3879.17,3885.67,9601,19831
2015.09.02 17:00,3885.67,3890.17,3881.67,3890.17,3103,6472
2015.09.03 09:00,3908.74,3934.62,3900.62,3911.62,21170,46895
2015.09.03 10:00,3911.12,3943.62,3911.12,3928.12,18732,37202
2015.09.03 11:00,3929.12,3931.12,3907.62,3908.62,17825,34605
2015.09.03 12:00,3908.62,3908.62,3879.12,3882.12,21296,43759
2015.09.03 13:00,3882.12,3921.62,3882.12,3911.12,17373,32285
2015.09.03 14:00,3911.12,3919.12,3872.62,3872.62,23224,41457
2015.09.03 15:00,3872.62,3877.12,3861.62,3873.62,15619,30177
2015.09.03 16:00,3873.12,3888.12,3868.12,3885.62,9784,17479
2015.09.03 17:00,3886.62,3886.62,3862.12,3869.12,4761,8057
2015.09.04 09:00,3882.1,3926.53,3874.53,3916.53,17758,33909
2015.09.04 10:00,3916.53,3919.53,3901.03,3917.53,18090,32330
2015.09.04 11:00,3916.53,3932.03,3904.53,3928.53,13376,25515
2015.09.04 12:00,3928.03,3939.03,3924.03,3935.03,11164,20604
2015.09.04 13:00,3934.53,3960.03,3933.03,3959.53,11193,22548
2015.09.04 14:00,3959.53,3967.53,3948.53,3964.53,13614,27968
2015.09.04 15:00,3964.03,3978.03,3955.53,3967.53,12592,24519
2015.09.04 16:00,3967.53,3986.53,3964.53,3983.03,8644,16048
2015.09.04 17:00,3983.53,3983.53,3956.53,3972.53,8661,16766
2015.09.08 09:00,3930.77,3936.7,3903.2,3915.2,14408,30806
2015.09.08 10:00,3915.2,3932.2,3913.7,3922.7,13746,25639
2015.09.08 11:00,3922.2,3942.2,3917.7,3934.2,14445,28853
2015.09.08 12:00,3933.7,3938.2,3924.7,3932.7,10239,19179
2015.09.08 13:00,3932.7,3936.2,3924.7,3933.2,6081,10634
2015.09.08 14:00,3932.7,3934.2,3920.2,3931.7,7119,13445
2015.09.08 15:00,3931.2,3947.2,3930.7,3943.2,10776,21035
2015.09.08 16:00,3943.7,3945.2,3938.2,3942.2,5812,10506
2015.09.08 17:00,3941.7,3952.7,3939.7,3943.2,3435,7384
2015.09.09 09:00,3942.04,3942.55,3911.92,3916.92,14365,31602
2015.09.09 10:00,3916.92,3920.42,3889.92,3893.42,19572,41333
2015.09.09 11:00,3893.42,3909.92,3891.42,3908.92,12478,25055
2015.09.09 12:00,3908.92,3913.92,3900.92,3912.92,8352,15817
2015.09.09 13:00,3913.42,3921.42,3912.92,3918.92,6682,14125
2015.09.09 14:00,3918.92,3926.92,3910.42,3922.92,10063,19869
2015.09.09 15:00,3922.92,3929.42,3918.92,3922.42,9743,18577
2015.09.09 16:00,3922.42,3925.92,3911.42,3922.42,9271,18960
2015.09.09 17:00,3922.42,3924.42,3900.42,3900.42,3184,6222
2015.09.10 09:00,4028.61,4037.33,3996.52,3998.52,22290,47396
2015.09.10 10:00,3998.02,4004.02,3972.52,3986.52,20624,38594
2015.09.10 11:00,3986.52,4009.02,3985.02,3991.52,15965,30070
2015.09.10 12:00,3992.02,4006.02,3978.52,3982.02,14472,28233
2015.09.10 13:00,3982.52,3988.02,3952.52,3957.52,14692,30653
2015.09.10 14:00,3959.02,3969.02,3957.02,3960.52,8464,15447
2015.09.10 15:00,3961.02,3987.02,3959.02,3982.02,10991,21789
2015.09.10 16:00,3982.02,3991.02,3970.52,3974.02,8210,15830
2015.09.10 17:00,3974.02,3980.52,3971.02,3974.52,2852,5464
2015.09.11 09:00,3967.65,3979.15,3940.65,3977.15,18341,41443
2015.09.11 10:00,3977.15,3996.65,3963.15,3993.15,17053,33957
2015.09.11 11:00,3992.15,4014.15,3986.65,4008.15,14812,32619
2015.09.11 12:00,4008.15,4011.65,3992.15,3997.65,13275,26911
2015.09.11 13:00,3997.15,4002.65,3987.65,3997.65,9616,18960
2015.09.11 14:00,3997.15,4001.65,3991.15,3998.15,6761,14158
2015.09.11 15:00,3998.65,4007.15,3991.15,4003.65,10045,23054
2015.09.11 16:00,4004.15,4004.65,3994.15,3996.15,5025,10351
2015.09.11 17:00,3996.65,4000.15,3989.15,3993.15,3245,7121
2015.09.14 09:00,3985.58,3993.4,3968.9,3985.9,12168,26932
2015.09.14 10:00,3985.9,4010.9,3980.9,4001.4,17976,36406
2015.09.14 11:00,4001.4,4011.4,3982.9,3984.9,19239,42533
2015.09.14 12:00,3984.4,3988.9,3955.9,3958.9,18384,39557
2015.09.14 13:00,3958.9,3981.4,3958.4,3976.4,10478,22157
2015.09.14 14:00,3976.4,3981.9,3972.4,3977.9,6223,12764
2015.09.14 15:00,3977.9,3984.4,3942.9,3948.9,17806,36604
2015.09.14 16:00,3948.4,3951.4,3924.4,3931.9,12253,25049
2015.09.14 17:00,3931.9,3940.4,3926.4,3935.4,5569,11144
2015.09.15 09:00,3943.57,3981,3938.97,3978.5,16964,38406
2015.09.15 10:00,3978,3986.5,3962.5,3968.5,14489,29427
2015.09.15 11:00,3969,3983.5,3966,3978,11515,25248
2015.09.15 12:00,3978,3989,3977.5,3982.5,8439,17534
2015.09.15 13:00,3982.5,3982.5,3973,3979.5,7683,15075
2015.09.15 14:00,3979.5,3998.5,3977.5,3998,9743,20216
2015.09.15 15:00,3998,3999,3977.5,3984.5,10168,21470
2015.09.15 16:00,3984.5,3985,3969,3977,7422,14888
2015.09.15 17:00,3977,3982.5,3966,3981,4293,9290
2015.09.16 09:00,3981.49,3985.07,3952.94,3963.94,16321,34900
2015.09.16 10:00,3963.94,3966.44,3947.94,3952.44,16282,33686
2015.09.16 11:00,3950.94,3953.44,3937.94,3948.94,14912,30285
2015.09.16 12:00,3948.44,3953.44,3935.44,3940.44,11311,23188
2015.09.16 13:00,3940.94,3942.94,3933.44,3939.44,5495,11127
2015.09.16 14:00,3939.94,3949.44,3936.94,3944.94,7869,16320
2015.09.16 15:00,3944.94,3954.94,3943.94,3951.44,8780,17445
2015.09.16 16:00,3950.94,3953.44,3944.94,3947.94,5143,10554
2015.09.16 17:00,3948.44,3951.94,3941.44,3941.44,2298,5988
2015.09.17 09:00,3975.34,3998.39,3961,3993.89,14280,33286
2015.09.17 10:00,3993.39,4020.89,3991.89,4012.89,18972,40313
2015.09.17 11:00,4013.89,4016.39,3991.89,3997.89,15071,31841
2015.09.17 12:00,3997.39,4010.39,3989.89,4006.89,9434,19676
2015.09.17 13:00,4006.39,4014.39,3994.39,3997.39,7198,14528
2015.09.17 14:00,3997.39,4005.39,3985.39,3990.39,8205,16188
2015.09.17 15:00,3988.39,3994.89,3946.39,3958.89,22776,49739
2015.09.17 16:00,3958.39,3997.39,3958.39,3994.39,16085,34132
2015.09.17 17:00,3994.39,4015.39,3991.39,4014.39,3893,9132
2015.09.18 09:00,3976.87,4010.89,3972.89,3989.39,18667,42279
2015.09.18 10:00,3988.89,4019.39,3983.89,4015.89,21233,44570
2015.09.18 11:00,4016.39,4029.89,4007.39,4012.39,18223,37515
2015.09.18 12:00,4011.89,4033.39,4010.39,4032.39,11210,24629
2015.09.18 13:00,4031.39,4041.89,4026.39,4027.39,10465,22523
2015.09.18 14:00,4027.89,4038.39,4023.89,4036.89,9009,18499
2015.09.18 15:00,4037.39,4050.39,4034.39,4046.89,13113,27517
2015.09.18 16:00,4046.89,4072.39,4044.39,4068.39,11631,25313
2015.09.18 17:00,4068.39,4070.89,4046.39,4055.39,6304,14176
2015.09.21 09:00,4036.81,4094.88,4033.74,4088.88,23502,54027
2015.09.21 10:00,4088.88,4096.38,4077.88,4079.38,17420,34462
2015.09.21 11:00,4080.38,4098.88,4077.88,4095.88,13456,28307
2015.09.21 12:00,4095.38,4108.38,4092.88,4103.38,11837,25615
2015.09.21 13:00,4103.38,4103.38,4090.88,4099.88,8085,16435
2015.09.21 14:00,4099.38,4109.88,4084.88,4107.88,10792,23214
2015.09.21 15:00,4107.88,4107.88,4067.38,4070.38,16437,34135
2015.09.21 16:00,4069.88,4094.38,4068.38,4090.88,10322,20836
2015.09.21 17:00,4091.38,4101.38,4086.88,4095.88,3731,7647
2015.09.22 09:00,4121.85,4142.91,4116.91,4129.91,21379,48983
2015.09.22 10:00,4129.41,4163.41,4126.91,4146.91,20996,46837
2015.09.22 11:00,4146.91,4163.41,4141.91,4162.91,13805,28864
2015.09.22 12:00,4162.91,4171.91,4152.91,4157.41,13359,28068
2015.09.22 13:00,4157.41,4172.41,4156.91,4163.91,6278,12568
2015.09.22 14:00,4164.41,4177.91,4160.41,4168.91,9682,21302
2015.09.22 15:00,4168.41,4172.41,4151.41,4169.41,15182,33779
2015.09.22 16:00,4169.41,4170.91,4150.91,4163.91,11025,23162
2015.09.22 17:00,4163.41,4170.41,4158.41,4159.91,3877,8711
2015.09.23 09:00,4143.37,4168.24,4124.74,4166.74,21242,45927
2015.09.23 10:00,4166.74,4205.74,4165.24,4201.74,26283,53182
2015.09.23 11:00,4201.74,4247.24,4199.24,4239.24,23749,51650
2015.09.23 12:00,4238.74,4253.74,4199.74,4220.24,23401,52840
2015.09.23 13:00,4220.74,4251.74,4209.24,4245.74,14399,29476
2015.09.23 14:00,4245.74,4246.24,4216.24,4222.24,10527,24654
2015.09.23 15:00,4222.24,4250.24,4211.24,4244.24,10225,24787
2015.09.23 16:00,4243.74,4259.74,4239.74,4254.74,5800,13598
2015.09.23 17:00,4254.74,4297.74,4252.74,4286.24,4893,13525
2015.09.24 09:00,4328.3,4344.93,4302.93,4327.43,28855,61408
2015.09.24 10:00,4326.93,4360.43,4317.93,4334.93,29644,53419
2015.09.24 11:00,4333.93,4335.43,4256.43,4319.43,38572,61276
2015.09.24 12:00,4319.43,4331.93,4273.43,4278.43,21680,34066
2015.09.24 13:00,4277.93,4278.43,4156.93,4231.93,35913,59345
2015.09.24 14:00,4233.43,4243.93,4203.43,4225.43,20259,32747
2015.09.24 15:00,4225.93,4242.93,4167.93,4169.93,26306,42655
2015.09.24 16:00,4169.93,4179.93,4090.43,4101.43,27573,44651
2015.09.24 17:00,4101.93,4108.93,4047.93,4047.93,7959,14381
2015.09.25 09:00,4014.27,4062.74,3985.24,4017.24,32601,62799
2015.09.25 10:00,4017.24,4111.24,4014.24,4089.24,32903,58145
2015.09.25 11:00,4073.24,4094.24,4019.24,4050.74,33103,47369
2015.09.25 12:00,4049.74,4090.24,4048.24,4053.24,21305,29399
2015.09.25 13:00,4052.74,4092.74,4052.74,4077.74,12588,18514
2015.09.25 14:00,4078.24,4082.74,4050.74,4063.24,13118,18698
2015.09.25 15:00,4063.24,4082.24,4049.74,4068.24,16506,22716
2015.09.25 16:00,4068.24,4081.74,4065.74,4078.24,10705,15037
2015.09.25 17:00,4078.24,4089.24,4068.24,4083.24,5969,8618
2015.09.28 09:00,4098.8,4116.87,4084.87,4097.37,17804,31871
2015.09.28 10:00,4097.37,4132.37,4090.87,4123.87,20505,35998
2015.09.28 11:00,4125.37,4143.87,4115.37,4130.37,18591,32441
2015.09.28 12:00,4130.37,4137.87,4088.87,4109.87,22844,39025
2015.09.28 13:00,4109.87,4135.87,4096.87,4132.87,15274,25985
2015.09.28 14:00,4132.37,4150.37,4123.37,4149.37,15521,26611
2015.09.28 15:00,4148.87,4160.37,4134.87,4157.37,15072,26800
2015.09.28 16:00,4156.87,4214.37,4155.87,4211.37,22184,41666
2015.09.28 17:00,4211.37,4215.87,4189.37,4213.37,8243,16225
2015.09.29 09:00,4192.54,4215.46,4174.96,4202.46,24646,45518
2015.09.29 10:00,4202.46,4256.46,4201.96,4222.96,40192,71238
2015.09.29 11:00,4224.46,4239.96,4193.96,4212.46,23823,42131
2015.09.29 12:00,4211.96,4243.46,4193.46,4197.46,22325,39415
2015.09.29 13:00,4197.96,4213.46,4162.46,4201.46,16386,28610
2015.09.29 14:00,4200.96,4203.96,4161.96,4168.96,16448,29385
2015.09.29 15:00,4169.46,4176.96,4115.46,4143.96,21651,40085
2015.09.29 16:00,4143.96,4182.96,4140.46,4161.46,16366,30560
2015.09.29 17:00,4161.46,4176.46,4152.46,4160.46,4082,7578
2015.09.30 09:00,4090.24,4113.57,4057.07,4072.07,25156,43381
2015.09.30 10:00,4071.57,4086.07,4052.57,4063.57,28188,49490
2015.09.30 11:00,4063.57,4097.57,4058.07,4060.57,27892,51154
2015.09.30 12:00,4060.07,4064.07,4034.07,4038.07,25780,47579
2015.09.30 13:00,4038.07,4046.07,4004.07,4038.07,21857,40178
2015.09.30 14:00,4038.07,4064.07,4029.07,4063.07,20989,38130
2015.09.30 15:00,4062.07,4089.07,4053.57,4068.57,23501,42717
2015.09.30 16:00,4068.57,4069.57,4038.07,4046.57,13415,25240
2015.09.30 17:00,4047.07,4053.07,4026.57,4034.07,7583,13985
2015.10.01 09:00,4023.08,4065.05,4013.05,4049.55,21513,38060
2015.10.01 10:00,4049.55,4062.55,4031.55,4050.55,24477,41292
2015.10.01 11:00,4051.05,4060.55,4036.55,4048.05,17637,29519
2015.10.01 12:00,4048.05,4079.55,4044.05,4078.55,16283,27235
2015.10.01 13:00,4079.05,4093.55,4073.05,4084.05,15307,26738
2015.10.01 14:00,4084.05,4097.55,4066.55,4088.05,15951,27574
2015.10.01 15:00,4087.55,4099.05,4062.55,4075.05,18605,32332
2015.10.01 16:00,4075.05,4098.55,4057.55,4080.05,16223,29121
2015.10.01 17:00,4080.05,4091.05,4071.55,4086.55,4778,8844
2015.10.02 09:00,4063.98,4108.98,4050.98,4105.98,24272,41220
2015.10.02 10:00,4105.98,4122.48,4095.48,4112.48,25460,43043
2015.10.02 11:00,4112.98,4114.98,4047.98,4054.48,25795,46039
2015.10.02 12:00,4054.48,4072.98,4038.48,4047.48,20317,35613
2015.10.02 13:00,4047.48,4051.48,4027.98,4044.98,13764,22586
2015.10.02 14:00,4044.98,4049.98,4024.98,4030.48,12494,21610
2015.10.02 15:00,4030.98,4036.98,4021.98,4026.98,9411,16770
2015.10.02 16:00,4026.98,4028.48,4014.48,4021.48,9476,16333
2015.10.02 17:00,4020.98,4021.48,4003.98,4011.98,3804,7581
2015.10.05 09:00,3997.32,4002.78,3974.28,3996.78,16710,29692
2015.10.05 10:00,3996.28,4026.28,3993.28,3999.28,21222,37165
2015.10.05 11:00,3999.28,4002.28,3977.78,3982.78,18089,29738
2015.10.05 12:00,3982.78,3987.28,3962.78,3966.28,17535,30244
2015.10.05 13:00,3966.28,3996.78,3965.78,3990.78,14018,23877
2015.10.05 14:00,3990.28,3993.28,3977.28,3989.78,8890,15036
2015.10.05 15:00,3989.78,3993.28,3974.28,3979.28,10649,18091
2015.10.05 16:00,3978.78,3985.28,3966.28,3973.78,10255,17509
2015.10.05 17:00,3974.28,3987.78,3971.28,3987.28,3218,5816
2015.10.06 09:00,4004.39,4014.37,3973.37,3976.37,17630,32101
2015.10.06 10:00,3976.37,3976.37,3931.37,3934.87,25683,46249
2015.10.06 11:00,3934.87,3939.87,3905.87,3915.87,19749,36967
2015.10.06 12:00,3915.37,3920.37,3897.87,3913.87,14052,25821
2015.10.06 13:00,3913.87,3918.87,3901.37,3918.37,10224,18993
2015.10.06 14:00,3917.87,3928.37,3911.37,3922.87,11461,21914
2015.10.06 15:00,3922.87,3938.87,3917.87,3922.87,13444,26079
2015.10.06 16:00,3923.37,3925.37,3908.37,3914.37,10741,18819
2015.10.06 17:00,3914.37,3933.37,3911.37,3925.87,5352,9696
2015.10.07 09:00,3908.45,3920.47,3877.47,3882.97,21412,39972
2015.10.07 10:00,3882.97,3895.47,3864.47,3877.47,27125,50299
2015.10.07 11:00,3877.47,3880.97,3856.97,3858.97,18005,32335
2015.10.07 12:00,3859.47,3887.97,3858.97,3882.47,17380,31484
2015.10.07 13:00,3882.47,3902.97,3876.47,3891.47,12674,23403
2015.10.07 14:00,3891.97,3924.47,3888.97,3923.47,15800,29276
2015.10.07 15:00,3923.47,3957.47,3922.47,3947.97,20410,38392
2015.10.07 16:00,3947.97,3957.97,3941.97,3945.97,9427,16924
2015.10.07 17:00,3945.97,3961.97,3943.97,3954.97,5516,10562
2015.10.08 09:00,3973.59,3977.09,3913.59,3943.59,22500,42615
2015.10.08 10:00,3943.59,3955.09,3918.59,3925.59,22651,39085
2015.10.08 11:00,3926.09,3934.09,3897.59,3900.59,19458,35306
2015.10.08 12:00,3900.59,3912.09,3888.09,3898.59,18170,34137
2015.10.08 13:00,3898.09,3908.09,3884.09,3892.59,13231,24444
2015.10.08 14:00,3892.59,3895.59,3880.09,3890.59,11457,21952
2015.10.08 15:00,3890.59,3893.09,3867.59,3882.59,20130,38351
2015.10.08 16:00,3882.59,3884.09,3859.09,3860.59,14737,27645
2015.10.08 17:00,3860.09,3866.59,3846.59,3848.59,6998,13399
2015.10.09 09:00,3832.7,3842.65,3800.15,3803.65,19393,35447
2015.10.09 10:00,3803.65,3858.65,3801.65,3826.15,29239,52739
2015.10.09 11:00,3825.15,3834.15,3790.15,3791.65,20814,39333
2015.10.09 12:00,3792.15,3820.15,3788.65,3799.15,15165,28962
2015.10.09 13:00,3799.15,3823.65,3794.65,3820.65,11716,21477
2015.10.09 14:00,3820.15,3830.15,3809.15,3813.65,11171,20078
2015.10.09 15:00,3814.15,3823.65,3797.15,3815.15,14222,26789
2015.10.09 16:00,3815.65,3827.15,3809.65,3823.65,8906,15914
2015.10.09 17:00,3823.65,3833.15,3820.65,3827.65,3212,6338
2015.10.13 09:00,3888.25,3891.28,3853.09,3866.09,16123,28999
2015.10.13 10:00,3866.09,3915.59,3865.09,3902.59,27869,51153
2015.10.13 11:00,3902.59,3908.09,3890.59,3893.09,16741,31026
2015.10.13 12:00,3893.09,3902.59,3889.09,3895.59,12083,22414
2015.10.13 13:00,3895.59,3915.59,3889.59,3911.09,9332,17437
2015.10.13 14:00,3911.09,3922.59,3909.09,3913.59,6104,11131
2015.10.13 16:00,3938.09,3940.09,3937.09,3940.09,453,1082
2015.10.14 09:00,3941.27,3957.8,3905.8,3912.3,21501,38759
2015.10.14 10:00,3912.3,3939.8,3907.3,3913.8,21842,36904
2015.10.14 11:00,3913.8,3921.3,3912.8,3918.3,1133,2097
2015.10.14 12:00,3921.3,3921.3,3897.3,3899.3,838,1458
2015.10.14 13:00,3899.8,3912.8,3891.8,3902.8,13811,24273
2015.10.14 14:00,3902.8,3920.8,3894.8,3909.8,15470,27486
2015.10.14 15:00,3909.3,3909.8,3896.8,3900.3,13073,23070
2015.10.14 16:00,3900.3,3900.8,3869.3,3874.8,14524,26456
2015.10.14 17:00,3874.8,3883.8,3871.8,3878.8,3563,7224
2015.10.15 09:00,3844.82,3889.35,3839.85,3885.35,22027,41204
2015.10.15 10:00,3885.35,3896.35,3867.85,3870.85,21213,36653
2015.10.15 11:00,3870.85,3936.35,3863.85,3919.85,32471,58122
2015.10.15 12:00,3920.35,3923.85,3896.85,3900.85,15489,26745
2015.10.15 13:00,3900.85,3905.35,3878.35,3878.85,15498,26819
2015.10.15 14:00,3878.85,3896.35,3866.35,3894.85,15891,28935
2015.10.15 15:00,3894.85,3895.85,3863.85,3869.85,18068,32471
2015.10.15 16:00,3870.35,3872.85,3849.35,3859.35,14319,25839
2015.10.15 17:00,3859.35,3866.35,3848.35,3866.35,3400,7532
2015.10.16 09:00,3907.94,3917.92,3888.42,3902.92,22977,39187
2015.10.16 10:00,3902.92,3907.42,3868.42,3885.42,26436,46438
2015.10.16 11:00,3885.92,3919.42,3885.42,3901.42,29097,50844
2015.10.16 12:00,3901.42,3912.42,3889.92,3911.42,14635,24613
2015.10.16 13:00,3911.42,3915.92,3890.42,3899.92,13700,23429
2015.10.16 14:00,3900.42,3900.92,3875.42,3894.42,14605,26097
2015.10.16 15:00,3894.42,3903.42,3883.92,3889.42,12466,22088
2015.10.16 16:00,3888.92,3935.92,3888.42,3930.42,17635,32607
2015.10.16 17:00,3930.42,4012.42,3928.42,3983.42,10562,20619
2015.10.19 09:00,3933.7,3955.13,3920.13,3946.63,12342,20519
2015.10.19 10:00,3945.63,3972.13,3941.13,3968.13,19625,33849
2015.10.19 11:00,3968.13,3981.63,3958.13,3974.63,18346,31730
2015.10.19 12:00,3974.13,3974.63,3946.13,3947.13,16501,29207
2015.10.19 13:00,3947.63,3963.13,3941.63,3957.13,10808,19111
2015.10.19 14:00,3957.63,3970.13,3947.13,3950.63,11687,20771
2015.10.19 15:00,3951.13,3964.13,3948.13,3956.63,13446,23126
2015.10.19 16:00,3956.63,3961.63,3930.13,3933.13,16234,28207
2015.10.19 17:00,3933.13,3951.13,3927.13,3942.63,8548,14575
2015.10.20 09:00,3939.25,3940.21,3902.21,3910.71,14895,27859
2015.10.20 10:00,3910.21,3922.71,3903.21,3911.71,14367,28177
2015.10.20 11:00,3912.21,3942.71,3910.71,3935.71,21512,37887
2015.10.20 12:00,3935.21,3940.71,3923.71,3927.21,14922,25773
2015.10.20 13:00,3927.21,3942.21,3924.21,3939.71,10594,18804
2015.10.20 14:00,3939.71,3958.71,3934.71,3948.71,13398,24078
2015.10.20 15:00,3948.21,3966.71,3944.21,3960.71,11789,20347
2015.10.20 16:00,3960.71,3968.71,3953.71,3957.21,10650,19188
2015.10.20 17:00,3957.21,3970.21,3956.71,3956.71,7095,13268
2015.10.21 09:00,3991.26,3996.31,3973.3,3976.3,13489,25077
2015.10.21 10:00,3976.3,3990.8,3971.3,3986.3,15538,29434
2015.10.21 11:00,3986.8,4009.8,3979.3,4002.3,19687,34399
2015.10.21 12:00,4002.3,4017.8,3999.8,4002.3,16342,28295
2015.10.21 13:00,4001.8,4008.8,3997.3,4005.3,8866,14858
2015.10.21 14:00,4004.8,4006.3,3985.8,3991.3,11763,21438
2015.10.21 15:00,3990.8,3996.3,3988.3,3994.3,8137,13879
2015.10.21 16:00,3994.3,4001.3,3987.8,3996.3,9310,16842
2015.10.21 17:00,3996.3,3999.3,3990.3,3990.3,4201,7559
2015.10.22 09:00,3984.7,4015.16,3978.64,3996.16,12650,23974
2015.10.22 10:00,3996.16,4014.16,3982.66,3996.66,18508,38232
2015.10.22 11:00,3996.66,4008.16,3955.66,3967.66,27120,49908
2015.10.22 12:00,3967.66,3996.16,3963.16,3981.16,19276,35529
2015.10.22 13:00,3981.16,3991.66,3971.16,3976.66,9773,17738
2015.10.22 14:00,3976.66,3982.16,3955.66,3959.16,16327,31139
2015.10.22 15:00,3958.66,3977.66,3958.66,3975.66,10111,18853
2015.10.22 16:00,3975.66,3983.16,3956.16,3956.66,13186,24373
2015.10.22 17:00,3956.66,3966.66,3956.16,3956.16,5572,9353
2015.10.23 09:00,3959.45,3969.93,3914.93,3936.43,18795,35946
2015.10.23 10:00,3936.43,3956.93,3925.93,3953.43,18292,37030
2015.10.23 11:00,3953.93,3977.93,3952.43,3962.93,23461,43878
2015.10.23 12:00,3962.43,3970.43,3923.93,3934.43,20178,36069
2015.10.23 13:00,3934.43,3952.43,3931.43,3944.43,14323,26044
2015.10.23 14:00,3944.43,3952.93,3937.93,3950.93,12282,22193
2015.10.23 15:00,3950.93,3959.93,3940.43,3947.93,12911,23543
2015.10.23 16:00,3948.43,3948.43,3931.93,3938.43,9991,18025
2015.10.23 17:00,3937.93,3941.93,3918.93,3921.43,5134,9516
2015.10.26 09:00,3918.55,3921.58,3891.49,3899.49,12724,23711
2015.10.26 10:00,3899.49,3903.49,3871.99,3884.49,16341,31413
2015.10.26 13:00,3931.49,3933.99,3924.49,3924.99,1165,2072
2015.10.26 14:00,3924.99,3932.99,3921.49,3924.99,10023,17995
2015.10.26 15:00,3924.99,3951.99,3918.99,3951.49,16391,31128
2015.10.26 16:00,3950.99,3965.49,3943.49,3961.99,11393,21474
2015.10.26 17:00,3961.99,3969.99,3949.99,3951.99,6009,11391
2015.10.27 09:00,3972.58,3977.56,3954.56,3964.06,13361,26515
2015.10.27 10:00,3963.56,3967.06,3937.56,3958.56,18528,37092
2015.10.27 11:00,3958.56,3970.06,3952.56,3966.56,18011,34428
2015.10.27 12:00,3966.56,3967.56,3939.56,3945.56,7892,15199
2015.10.27 13:00,3945.06,3947.06,3937.06,3945.56,3224,5696
2015.10.27 14:00,3946.06,3960.06,3931.56,3935.06,16795,31610
2015.10.27 15:00,3934.56,3960.56,3933.56,3952.06,15134,29417
2015.10.27 16:00,3951.56,3962.06,3935.56,3940.56,14216,26749
2015.10.27 17:00,3941.06,3952.06,3931.06,3932.06,8766,17136
2015.10.28 09:00,3922.08,3950.09,3914.09,3932.09,17099,33530
2015.10.28 10:00,3932.09,3946.09,3928.09,3930.09,13253,28203
2015.10.28 11:00,3930.59,3934.59,3916.09,3916.09,14527,28900
2015.10.28 12:00,3916.09,3919.59,3905.09,3914.09,12398,25226
2015.10.28 13:00,3913.59,3922.59,3901.09,3901.59,9930,20711
2015.10.28 14:00,3902.09,3918.09,3897.59,3913.59,11999,25001
2015.10.28 15:00,3913.59,3923.59,3909.09,3910.09,9128,20316
2015.10.28 16:00,3910.09,3978.59,3909.09,3962.09,33607,66427
2015.10.28 17:00,3962.09,3968.09,3946.09,3948.59,7176,13743
2015.10.29 09:00,3953.9,3983.93,3948.93,3983.43,12109,22835
2015.10.29 10:00,3982.93,3995.93,3979.43,3989.43,13504,28432
2015.10.29 11:00,3989.43,3989.93,3963.43,3972.43,17416,33273
2015.10.29 12:00,3971.93,3977.43,3941.43,3952.43,15457,30542
2015.10.29 13:00,3952.43,3963.43,3933.43,3937.93,10701,20897
2015.10.29 14:00,3936.43,3939.43,3901.93,3915.43,17582,36487
2015.10.29 15:00,3915.93,3916.93,3889.93,3904.43,15324,29574
2015.10.29 16:00,3904.43,3905.93,3889.93,3894.43,8060,14275
2015.10.29 17:00,3893.93,3900.43,3884.43,3886.93,5093,10152
2015.10.30 09:00,3860,3908,3860,3897,14282,26962
2015.10.30 10:00,3896.5,3925.5,3887,3914.5,16767,35821
2015.10.30 11:00,3915,3919,3887,3904,17846,35462
2015.10.30 12:00,3903.5,3904,3865.5,3870.5,16956,35029
2015.10.30 13:00,3870.5,3884,3863.5,3880,12259,24969
2015.10.30 14:00,3880,3899.5,3876.5,3886,11862,24135
2015.10.30 15:00,3886,3906,3883,3899.5,11925,24903
2015.10.30 16:00,3900,3904,3892.5,3897,7010,14387
2015.10.30 17:00,3896.5,3898.5,3887.5,3894,3729,7559
2015.11.03 09:00,3880.5,3890.5,3851.5,3866,13138,23840
2015.11.03 10:00,3866.5,3869.5,3846,3847,16138,32696
2015.11.03 11:00,3846.5,3853.5,3833,3837.5,14902,28629
2015.11.03 12:00,3838,3851.5,3832,3836.5,13085,24178
2015.11.03 13:00,3836,3837.5,3811.5,3823,14162,27393
2015.11.03 14:00,3823,3828.5,3782,3792.5,20232,38553
2015.11.03 15:00,3792.5,3804,3775,3787.5,16835,32700
2015.11.03 16:00,3787,3805,3783.5,3802,9824,17453
2015.11.03 17:00,3801.5,3811,3800.5,3806,7169,13616
2015.11.04 09:00,3803,3812,3789,3798,14945,27772
2015.11.04 10:00,3797.5,3807,3783,3785,13196,26611
2015.11.04 11:00,3785,3805,3777.5,3802,17641,34531
2015.11.04 12:00,3802,3814.5,3787.5,3808.5,20147,37357
2015.11.04 13:00,3809,3846.5,3808.5,3831.5,26039,48297
2015.11.04 14:00,3832,3837,3815.5,3826.5,16190,27609
2015.11.04 15:00,3827,3835.5,3809,3830.5,18747,34673
2015.11.04 16:00,3830.5,3841,3822,3828,11113,17957
2015.11.04 17:00,3828,3835,3824.5,3826.5,5048,8349
2015.11.05 09:00,3833,3845,3814.5,3823,12970,23114
2015.11.05 10:00,3823,3836,3812.5,3825,14626,29221
2015.11.05 11:00,3824.5,3832.5,3811.5,3814,12627,25813
2015.11.05 12:00,3814,3827.5,3794.5,3804.5,16898,31553
2015.11.05 13:00,3805,3822.5,3804,3819,13572,25145
2015.11.05 14:00,3819,3821.5,3805.5,3809,8463,15844
2015.11.05 15:00,3809,3814,3794.5,3798.5,15478,29762
2015.11.05 16:00,3798.5,3811.5,3795,3804,8781,15885
2015.11.05 17:00,3804,3812,3800,3805,4236,8460
2015.11.06 09:00,3816,3824.5,3806,3806,8526,15855
2015.11.06 10:00,3806.5,3815.5,3801.5,3809.5,10211,20429
2015.11.06 11:00,3809.5,3858.5,3803,3846,22181,45162
2015.11.06 12:00,3846,3867.5,3841,3853,14755,27429
2015.11.06 13:00,3853,3869.5,3852,3860.5,10408,19454
2015.11.06 14:00,3860.5,3864,3824,3833.5,15415,30122
2015.11.06 15:00,3833.5,3836.5,3800,3801.5,14970,28858
2015.11.06 16:00,3802,3814,3787,3790,10348,19670
2015.11.06 17:00,3789.5,3808,3779,3799,8189,16057
2015.11.09 09:00,3805,3822,3792,3809.5,10256,18977
2015.11.09 10:00,3810,3824,3809,3823,9634,18887
2015.11.09 11:00,3823,3830,3811.5,3818,16851,33852
2015.11.09 12:00,3818,3827.5,3816.5,3822.5,9754,17685
2015.11.09 13:00,3823,3825,3815,3819.5,7573,13626
2015.11.09 14:00,3819.5,3827,3807.5,3810.5,11543,22453
2015.11.09 15:00,3810,3818.5,3805,3813,9976,18194
2015.11.09 16:00,3813,3829.5,3812,3823.5,11675,22330
2015.11.09 17:00,3824,3826.5,3811.5,3826.5,5616,10987
2015.11.10 09:00,3825,3847,3821.5,3837,13158,25768
2015.11.10 10:00,3837.5,3839.5,3810,3813.5,14684,30736
2015.11.10 11:00,3814,3826,3810.5,3824,9475,19730
2015.11.10 12:00,3823.5,3828.5,3809,3810.5,10932,21647
2015.11.10 13:00,3810.5,3823,3810,3820,8054,15783
2015.11.10 14:00,3819.5,3826.5,3812,3821,9456,19032
2015.11.10 15:00,3821,3824.5,3811.5,3812.5,6065,11870
2015.11.10 16:00,3812.5,3821,3812,3814.5,5909,11801
2015.11.10 17:00,3814.5,3816,3757,3770,15381,30901
2015.11.11 09:00,3772,3777,3749,3768,13909,26182
2015.11.11 10:00,3767.5,3768.5,3752,3754,11023,23184
2015.11.11 11:00,3754,3760,3729,3735.5,15848,34197
2015.11.11 12:00,3735,3766.5,3734.5,3764,14456,28813
2015.11.11 13:00,3764,3792,3763,3785,16373,33859
2015.11.11 14:00,3785,3808.5,3784.5,3798.5,13030,25983
2015.11.11 15:00,3798.5,3810.5,3792.5,3799,11626,22360
2015.11.11 16:00,3799,3805.5,3786.5,3791,10219,19540
2015.11.11 17:00,3792,3796,3780,3791,5393,11320
